settlement_date,settlement_period,hour_of_day,price_gbp_per_mwh,price_gbp_per_kwh
2025-06-25,3,1,90.75,0.090750
2025-06-25,4,1,94.3,0.094300
2025-06-25,5,2,93.33,0.093330
2025-06-25,6,2,87.85,0.087850
2025-06-25,7,3,91.11,0.091110
2025-06-25,8,3,84.79,0.084790
2025-06-25,9,4,97.42,0.097420
2025-06-25,10,4,95.47,0.095470
2025-06-25,11,5,103.64,0.103640
2025-06-25,12,5,102.76,0.102760
2025-06-25,13,6,105.68,0.105680
2025-06-25,14,6,111.29,0.111290
2025-06-25,15,7,112.52,0.112520
2025-06-25,16,7,112.91,0.112910
2025-06-25,17,8,104.5,0.104500
2025-06-25,18,8,104.81,0.104810
2025-06-25,19,9,98.5,0.098500
2025-06-25,20,9,91.59,0.091590
2025-06-25,21,10,94.07,0.094070
2025-06-25,22,10,94.71,0.094710
2025-06-25,23,11,85.53,0.085530
2025-06-25,24,11,86.2,0.086200
2025-06-25,25,12,82.58,0.082580
2025-06-25,26,12,77.7,0.077700
2025-06-25,27,13,72.31,0.072310
2025-06-25,28,13,74.78,0.074780
2025-06-25,29,14,74.13,0.074130
2025-06-25,30,14,70.2,0.070200
2025-06-25,31,15,77.11,0.077110
2025-06-25,32,15,78.55,0.078550
2025-06-25,33,16,99.66,0.099660
2025-06-25,34,16,100.96,0.100960
2025-06-25,35,17,119.2,0.119200
2025-06-25,36,17,117.36,0.117360
2025-06-25,37,18,144.24,0.144240
2025-06-25,38,18,146.58,0.146580
2025-06-25,39,19,162.68,0.162680
2025-06-25,40,19,161.46,0.161460
2025-06-25,41,20,168.88,0.168880
2025-06-25,42,20,150.92,0.150920
2025-06-25,43,21,114.52,0.114520
2025-06-25,44,21,110.18,0.110180
2025-06-25,45,22,100.49,0.100490
2025-06-25,46,22,95.79,0.095790
2025-06-25,47,23,79.46,0.079460
2025-06-25,48,23,84.22,0.084220
2025-06-26,1,0,81.82,0.081820
2025-06-26,2,0,78.94,0.078940
2025-06-26,3,1,78.91,0.078910
2025-06-26,4,1,79.1,0.079100
2025-06-26,5,2,71.07,0.071070
2025-06-26,6,2,73.69,0.073690
2025-06-26,7,3,73.47,0.073470
2025-06-26,8,3,71.18,0.071180
2025-06-26,9,4,67.02,0.067020
2025-06-26,10,4,68.12,0.068120
2025-06-26,11,5,71.05,0.071050
2025-06-26,12,5,70.83,0.070830
2025-06-26,13,6,81.16,0.081160
2025-06-26,14,6,87.99,0.087990
2025-06-26,15,7,82.78,0.082780
2025-06-26,16,7,95.22,0.095220
2025-06-26,17,8,93.16,0.093160
2025-06-26,18,8,90.9,0.090900
2025-06-26,19,9,70.71,0.070710
2025-06-26,20,9,72.39,0.072390
2025-06-26,21,10,72.51,0.072510
2025-06-26,22,10,66.65,0.066650
2025-06-26,23,11,45.89,0.045890
2025-06-26,24,11,31.52,0.031520
2025-06-26,25,12,23.23,0.023230
2025-06-26,26,12,19.23,0.019230
2025-06-26,27,13,2.19,0.002190
2025-06-26,33,16,0.62,0.000620
2025-06-26,34,16,20.18,0.020180
2025-06-26,35,17,40.66,0.040660
2025-06-26,36,17,59.84,0.059840
2025-06-26,37,18,53.13,0.053130
2025-06-26,38,18,55.58,0.055580
2025-06-26,39,19,69.09,0.069090
2025-06-26,40,19,78.96,0.078960
2025-06-26,41,20,79.33,0.079330
2025-06-26,42,20,81.72,0.081720
2025-06-26,43,21,89.76,0.089760
2025-06-26,44,21,90.27,0.090270
2025-06-26,45,22,89.78,0.089780
2025-06-26,46,22,89.4,0.089400
2025-06-26,47,23,93.17,0.093170
2025-06-26,48,23,85.04,0.085040
2025-06-27,1,0,88.24,0.088240
2025-06-27,2,0,88.44,0.088440
2025-06-27,3,1,83.03,0.083030
2025-06-27,4,1,83.23,0.083230
2025-06-27,5,2,86.18,0.086180
2025-06-27,6,2,71.94,0.071940
2025-06-27,7,3,69.1,0.069100
2025-06-27,8,3,68.22,0.068220
2025-06-27,9,4,74.65,0.074650
2025-06-27,10,4,73.17,0.073170
2025-06-27,11,5,78.45,0.078450
2025-06-27,12,5,78.23,0.078230
2025-06-27,13,6,80.39,0.080390
2025-06-27,14,6,78.5,0.078500
2025-06-27,15,7,87.68,0.087680
2025-06-27,16,7,87.68,0.087680
2025-06-27,17,8,87.68,0.087680
2025-06-27,18,8,87.68,0.087680
2025-06-27,21,10,83.74,0.083740
2025-06-27,22,10,83.62,0.083620
2025-06-27,24,11,38.01,0.038010
2025-06-27,25,12,43.27,0.043270
2025-06-27,26,12,35.13,0.035130
2025-06-27,27,13,28.77,0.028770
2025-06-27,28,13,20.58,0.020580
2025-06-27,29,14,19.02,0.019020
2025-06-27,30,14,10.11,0.010110
2025-06-27,31,15,13.25,0.013250
2025-06-27,32,15,16.61,0.016610
2025-06-27,33,16,34.92,0.034920
2025-06-27,34,16,44.62,0.044620
2025-06-27,35,17,63.92,0.063920
2025-06-27,36,17,60.81,0.060810
2025-06-27,37,18,72.99,0.072990
2025-06-27,38,18,78.55,0.078550
2025-06-27,39,19,93.1,0.093100
2025-06-27,40,19,92.54,0.092540
2025-06-27,41,20,95.34,0.095340
2025-06-27,42,20,90.68,0.090680
2025-06-27,43,21,76.21,0.076210
2025-06-27,44,21,68.5,0.068500
2025-06-27,45,22,51.9,0.051900
2025-06-27,46,22,49.06,0.049060
2025-06-27,47,23,26.61,0.026610
2025-06-27,48,23,15.28,0.015280
2025-06-28,1,0,18.6,0.018600
2025-06-28,2,0,11.73,0.011730
2025-06-28,3,1,4.17,0.004170
2025-06-28,4,1,5.06,0.005060
2025-06-28,5,2,5.16,0.005160
2025-06-28,6,2,1.27,0.001270
2025-06-28,11,5,0.34,0.000340
2025-06-28,12,5,1.79,0.001790
2025-06-28,13,6,7.61,0.007610
2025-06-28,14,6,7.66,0.007660
2025-06-28,15,7,2.88,0.002880
2025-06-28,16,7,2.51,0.002510
2025-06-28,36,17,0.17,0.000170
2025-06-28,37,18,50.04,0.050040
2025-06-28,38,18,52.61,0.052610
2025-06-28,39,19,83.04,0.083040
2025-06-28,40,19,84.44,0.084440
2025-06-28,41,20,86.55,0.086550
2025-06-28,42,20,86.51,0.086510
2025-06-28,43,21,87.34,0.087340
2025-06-28,44,21,88.33,0.088330
2025-06-28,45,22,84.63,0.084630
2025-06-28,46,22,83.69,0.083690
2025-06-29,6,2,8.78,0.008780
2025-06-29,7,3,55.77,0.055770
2025-06-29,8,3,63.12,0.063120
2025-06-29,9,4,46.4,0.046400
2025-06-29,10,4,47.69,0.047690
2025-06-29,11,5,49.95,0.049950
2025-06-29,12,5,46.5,0.046500
2025-06-29,13,6,33.09,0.033090
2025-06-29,14,6,34.4,0.034400
2025-06-29,15,7,8.27,0.008270
2025-06-29,16,7,13.4,0.013400
2025-06-29,17,8,7.35,0.007350
2025-06-29,18,8,17.89,0.017890
2025-06-29,19,9,35.46,0.035460
2025-06-29,20,9,47.65,0.047650
2025-06-29,21,10,58.1,0.058100
2025-06-29,22,10,68.79,0.068790
2025-06-29,23,11,97.49,0.097490
2025-06-29,24,11,95.77,0.095770
2025-06-29,25,12,95.37,0.095370
2025-06-29,26,12,93.96,0.093960
2025-06-29,27,13,97.03,0.097030
2025-06-29,28,13,96.75,0.096750
2025-06-29,29,14,94.41,0.094410
2025-06-29,30,14,90.98,0.090980
2025-06-29,31,15,81.29,0.081290
2025-06-29,32,15,81.23,0.081230
2025-06-29,33,16,78.8,0.078800
2025-06-29,34,16,83.2,0.083200
2025-06-29,35,17,80.21,0.080210
2025-06-29,36,17,73.71,0.073710
2025-06-29,37,18,79.67,0.079670
2025-06-29,38,18,81.02,0.081020
2025-06-29,39,19,93.05,0.093050
2025-06-29,40,19,95.53,0.095530
2025-06-29,41,20,99.29,0.099290
2025-06-29,42,20,99.29,0.099290
2025-06-29,43,21,98.85,0.098850
2025-06-29,44,21,100.26,0.100260
2025-06-29,45,22,98.68,0.098680
2025-06-29,46,22,89.02,0.089020
2025-06-29,47,23,79.8,0.079800
2025-06-29,48,23,84.47,0.084470
2025-06-30,1,0,87.91,0.087910
2025-06-30,2,0,85.49,0.085490
2025-06-30,3,1,75.25,0.075250
2025-06-30,4,1,70.27,0.070270
2025-06-30,5,2,68.74,0.068740
2025-06-30,6,2,65.14,0.065140
2025-06-30,7,3,71.73,0.071730
2025-06-30,8,3,64.21,0.064210
2025-06-30,9,4,61.0,0.061000
2025-06-30,10,4,63.68,0.063680
2025-06-30,11,5,75.44,0.075440
2025-06-30,12,5,79.91,0.079910
2025-06-30,13,6,87.29,0.087290
2025-06-30,14,6,92.25,0.092250
2025-06-30,15,7,82.21,0.082210
2025-06-30,16,7,88.11,0.088110
2025-06-30,17,8,75.95,0.075950
2025-06-30,18,8,75.33,0.075330
2025-06-30,19,9,75.27,0.075270
2025-06-30,20,9,80.32,0.080320
2025-06-30,21,10,74.57,0.074570
2025-06-30,22,10,72.02,0.072020
2025-06-30,23,11,69.12,0.069120
2025-06-30,24,11,65.65,0.065650
2025-06-30,25,12,68.66,0.068660
2025-06-30,26,12,67.32,0.067320
2025-06-30,27,13,70.11,0.070110
2025-06-30,28,13,74.54,0.074540
2025-06-30,29,14,78.48,0.078480
2025-06-30,30,14,76.11,0.076110
2025-06-30,31,15,88.77,0.088770
2025-06-30,32,15,86.54,0.086540
2025-06-30,33,16,95.66,0.095660
2025-06-30,34,16,85.37,0.085370
2025-06-30,35,17,143.43,0.143430
2025-06-30,36,17,145.87,0.145870
2025-06-30,37,18,170.36,0.170360
2025-06-30,38,18,184.55,0.184550
2025-06-30,39,19,208.36,0.208360
2025-06-30,40,19,205.45,0.205450
2025-06-30,41,20,190.86,0.190860
2025-06-30,42,20,165.05,0.165050
2025-06-30,43,21,132.64,0.132640
2025-06-30,44,21,119.17,0.119170
2025-06-30,45,22,115.74,0.115740
2025-06-30,46,22,108.66,0.108660
2025-06-30,47,23,99.11,0.099110
2025-06-30,48,23,96.11,0.096110
2025-07-01,1,0,92.1,0.092100
2025-07-01,2,0,91.43,0.091430
2025-07-01,3,1,80.01,0.080010
2025-07-01,4,1,77.31,0.077310
2025-07-01,5,2,72.36,0.072360
2025-07-01,6,2,70.26,0.070260
2025-07-01,7,3,73.18,0.073180
2025-07-01,8,3,78.7,0.078700
2025-07-01,9,4,73.3,0.073300
2025-07-01,10,4,74.62,0.074620
2025-07-01,11,5,96.12,0.096120
2025-07-01,12,5,100.06,0.100060
2025-07-01,13,6,103.55,0.103550
2025-07-01,14,6,114.69,0.114690
2025-07-01,15,7,89.63,0.089630
2025-07-01,16,7,95.18,0.095180
2025-07-01,17,8,93.97,0.093970
2025-07-01,18,8,86.71,0.086710
2025-07-01,19,9,69.53,0.069530
2025-07-01,20,9,73.11,0.073110
2025-07-01,21,10,73.92,0.073920
2025-07-01,22,10,76.73,0.076730
2025-07-01,23,11,72.73,0.072730
2025-07-01,24,11,70.72,0.070720
2025-07-01,25,12,70.35,0.070350
2025-07-01,26,12,68.75,0.068750
2025-07-01,27,13,69.77,0.069770
2025-07-01,28,13,69.33,0.069330
2025-07-01,29,14,71.8,0.071800
2025-07-01,30,14,68.44,0.068440
2025-07-01,31,15,85.67,0.085670
2025-07-01,32,15,81.95,0.081950
2025-07-01,33,16,92.47,0.092470
2025-07-01,34,16,89.41,0.089410
2025-07-01,35,17,146.54,0.146540
2025-07-01,36,17,138.93,0.138930
2025-07-01,37,18,217.96,0.217960
2025-07-01,38,18,218.31,0.218310
2025-07-01,39,19,230.86,0.230860
2025-07-01,40,19,225.82,0.225820
2025-07-01,41,20,204.05,0.204050
2025-07-01,42,20,201.25,0.201250
2025-07-01,43,21,147.93,0.147930
2025-07-01,44,21,146.36,0.146360
2025-07-01,45,22,120.82,0.120820
2025-07-01,46,22,112.92,0.112920
2025-07-01,47,23,85.36,0.085360
2025-07-01,48,23,85.3,0.085300
2025-07-02,1,0,110.7,0.110700
2025-07-02,2,0,97.57,0.097570
2025-07-02,3,1,90.43,0.090430
2025-07-02,4,1,85.95,0.085950
2025-07-02,5,2,79.35,0.079350
2025-07-02,6,2,77.06,0.077060
2025-07-02,7,3,73.49,0.073490
2025-07-02,8,3,70.44,0.070440
2025-07-02,9,4,69.69,0.069690
2025-07-02,10,4,68.86,0.068860
2025-07-02,11,5,71.57,0.071570
2025-07-02,12,5,75.08,0.075080
2025-07-02,13,6,80.51,0.080510
2025-07-02,14,6,90.38,0.090380
2025-07-02,15,7,86.61,0.086610
2025-07-02,16,7,88.76,0.088760
2025-07-02,17,8,78.27,0.078270
2025-07-02,18,8,83.94,0.083940
2025-07-02,19,9,74.06,0.074060
2025-07-02,20,9,79.84,0.079840
2025-07-02,21,10,83.1,0.083100
2025-07-02,22,10,81.05,0.081050
2025-07-02,23,11,69.34,0.069340
2025-07-02,24,11,70.0,0.070000
2025-07-02,25,12,64.35,0.064350
2025-07-02,26,12,64.84,0.064840
2025-07-02,27,13,73.86,0.073860
2025-07-02,28,13,69.5,0.069500
2025-07-02,29,14,67.84,0.067840
2025-07-02,30,14,63.8,0.063800
2025-07-02,31,15,71.42,0.071420
2025-07-02,32,15,72.95,0.072950
2025-07-02,33,16,67.62,0.067620
2025-07-02,34,16,66.86,0.066860
2025-07-02,35,17,73.89,0.073890
2025-07-02,36,17,76.77,0.076770
2025-07-02,37,18,75.91,0.075910
2025-07-02,38,18,81.11,0.081110
2025-07-02,39,19,86.96,0.086960
2025-07-02,40,19,81.87,0.081870
2025-07-02,41,20,80.68,0.080680
2025-07-02,42,20,78.83,0.078830
2025-07-02,43,21,75.71,0.075710
2025-07-02,44,21,76.8,0.076800
2025-07-02,45,22,75.2,0.075200
2025-07-02,46,22,75.21,0.075210
2025-07-02,47,23,89.87,0.089870
2025-07-02,48,23,93.56,0.093560
2025-07-03,1,0,91.74,0.091740
2025-07-03,2,0,95.93,0.095930
2025-07-03,3,1,91.18,0.091180
2025-07-03,4,1,87.54,0.087540
2025-07-03,5,2,82.06,0.082060
2025-07-03,6,2,83.33,0.083330
2025-07-03,7,3,92.41,0.092410
2025-07-03,8,3,92.44,0.092440
2025-07-03,9,4,90.82,0.090820
2025-07-03,10,4,90.05,0.090050
2025-07-03,11,5,103.93,0.103930
2025-07-03,12,5,107.79,0.107790
2025-07-03,13,6,96.61,0.096610
2025-07-03,14,6,108.16,0.108160
2025-07-03,15,7,109.88,0.109880
2025-07-03,16,7,110.62,0.110620
2025-07-03,17,8,95.49,0.095490
2025-07-03,18,8,90.36,0.090360
2025-07-03,19,9,80.51,0.080510
2025-07-03,20,9,81.49,0.081490
2025-07-03,21,10,83.13,0.083130
2025-07-03,22,10,80.12,0.080120
2025-07-03,23,11,66.96,0.066960
2025-07-03,24,11,68.18,0.068180
2025-07-03,25,12,65.45,0.065450
2025-07-03,26,12,58.66,0.058660
2025-07-03,27,13,68.99,0.068990
2025-07-03,28,13,67.37,0.067370
2025-07-03,29,14,62.46,0.062460
2025-07-03,30,14,61.92,0.061920
2025-07-03,31,15,68.12,0.068120
2025-07-03,32,15,71.49,0.071490
2025-07-03,33,16,71.92,0.071920
2025-07-03,34,16,69.47,0.069470
2025-07-03,35,17,71.4,0.071400
2025-07-03,36,17,60.08,0.060080
2025-07-03,37,18,74.53,0.074530
2025-07-03,38,18,71.52,0.071520
2025-07-03,39,19,75.81,0.075810
2025-07-03,40,19,82.27,0.082270
2025-07-03,41,20,87.5,0.087500
2025-07-03,42,20,87.05,0.087050
2025-07-03,43,21,89.46,0.089460
2025-07-03,44,21,91.2,0.091200
2025-07-03,45,22,87.95,0.087950
2025-07-03,46,22,77.77,0.077770
2025-07-03,47,23,60.64,0.060640
2025-07-03,48,23,80.18,0.080180
2025-07-04,1,0,77.39,0.077390
2025-07-04,2,0,80.01,0.080010
2025-07-04,3,1,80.3,0.080300
2025-07-04,4,1,80.42,0.080420
2025-07-04,5,2,77.97,0.077970
2025-07-04,6,2,76.54,0.076540
2025-07-04,7,3,72.37,0.072370
2025-07-04,8,3,69.23,0.069230
2025-07-04,9,4,71.88,0.071880
2025-07-04,10,4,68.79,0.068790
2025-07-04,11,5,71.36,0.071360
2025-07-04,12,5,73.98,0.073980
2025-07-04,13,6,81.67,0.081670
2025-07-04,14,6,86.93,0.086930
2025-07-04,15,7,84.24,0.084240
2025-07-04,16,7,83.56,0.083560
2025-07-04,17,8,67.76,0.067760
2025-07-04,18,8,60.69,0.060690
2025-07-04,19,9,33.81,0.033810
2025-07-04,20,9,23.39,0.023390
2025-07-04,21,10,26.18,0.026180
2025-07-04,22,10,13.22,0.013220
2025-07-04,33,16,16.91,0.016910
2025-07-04,34,16,34.16,0.034160
2025-07-04,35,17,54.69,0.054690
2025-07-04,36,17,60.12,0.060120
2025-07-04,37,18,73.64,0.073640
2025-07-04,38,18,77.49,0.077490
2025-07-04,39,19,93.35,0.093350
2025-07-04,40,19,95.05,0.095050
2025-07-04,41,20,84.67,0.084670
2025-07-04,42,20,79.17,0.079170
2025-07-04,43,21,71.6,0.071600
2025-07-04,44,21,64.59,0.064590
2025-07-04,45,22,63.97,0.063970
2025-07-04,46,22,55.49,0.055490
2025-07-04,47,23,11.91,0.011910
2025-07-04,48,23,11.13,0.011130
2025-07-05,1,0,13.79,0.013790
2025-07-05,2,0,11.1,0.011100
2025-07-05,3,1,17.08,0.017080
2025-07-05,4,1,18.48,0.018480
2025-07-05,5,2,21.37,0.021370
2025-07-05,6,2,17.1,0.017100
2025-07-05,7,3,13.4,0.013400
2025-07-05,8,3,14.03,0.014030
2025-07-05,9,4,13.31,0.013310
2025-07-05,10,4,11.42,0.011420
2025-07-05,11,5,16.54,0.016540
2025-07-05,12,5,17.79,0.017790
2025-07-05,13,6,16.26,0.016260
2025-07-05,14,6,23.84,0.023840
2025-07-05,15,7,0.14,0.000140
2025-07-05,16,7,8.34,0.008340
2025-07-05,24,11,2.71,0.002710
2025-07-05,27,13,5.49,0.005490
2025-07-05,29,14,5.71,0.005710
2025-07-05,30,14,0.05,0.000050
2025-07-05,35,17,3.8,0.003800
2025-07-05,36,17,30.46,0.030460
2025-07-05,37,18,28.22,0.028220
2025-07-05,38,18,55.01,0.055010
2025-07-05,39,19,64.0,0.064000
2025-07-05,40,19,69.93,0.069930
2025-07-05,41,20,66.92,0.066920
2025-07-05,42,20,78.2,0.078200
2025-07-05,43,21,92.25,0.092250
2025-07-05,44,21,93.2,0.093200
2025-07-05,45,22,92.4,0.092400
2025-07-05,46,22,90.88,0.090880
2025-07-05,47,23,87.59,0.087590
2025-07-05,48,23,87.16,0.087160
2025-07-06,1,0,81.19,0.081190
2025-07-06,2,0,81.0,0.081000
2025-07-06,3,1,83.17,0.083170
2025-07-06,4,1,76.53,0.076530
2025-07-06,5,2,75.16,0.075160
2025-07-06,6,2,69.44,0.069440
2025-07-06,7,3,77.63,0.077630
2025-07-06,8,3,82.71,0.082710
2025-07-06,9,4,96.24,0.096240
2025-07-06,10,4,96.45,0.096450
2025-07-06,11,5,94.48,0.094480
2025-07-06,12,5,91.62,0.091620
2025-07-06,13,6,89.3,0.089300
2025-07-06,14,6,93.29,0.093290
2025-07-06,15,7,91.42,0.091420
2025-07-06,16,7,94.03,0.094030
2025-07-06,17,8,95.51,0.095510
2025-07-06,18,8,94.45,0.094450
2025-07-06,19,9,93.12,0.093120
2025-07-06,20,9,93.35,0.093350
2025-07-06,21,10,91.45,0.091450
2025-07-06,22,10,93.06,0.093060
2025-07-06,23,11,85.01,0.085010
2025-07-06,24,11,85.81,0.085810
2025-07-06,25,12,88.47,0.088470
2025-07-06,26,12,86.5,0.086500
2025-07-06,27,13,87.57,0.087570
2025-07-06,28,13,85.58,0.085580
2025-07-06,29,14,82.17,0.082170
2025-07-06,30,14,73.61,0.073610
2025-07-06,31,15,77.27,0.077270
2025-07-06,32,15,80.82,0.080820
2025-07-06,33,16,83.38,0.083380
2025-07-06,34,16,86.84,0.086840
2025-07-06,35,17,96.2,0.096200
2025-07-06,36,17,91.13,0.091130
2025-07-06,37,18,105.53,0.105530
2025-07-06,38,18,106.84,0.106840
2025-07-06,39,19,107.88,0.107880
2025-07-06,40,19,106.83,0.106830
2025-07-06,41,20,107.01,0.107010
2025-07-06,42,20,102.71,0.102710
2025-07-06,43,21,97.2,0.097200
2025-07-06,44,21,97.15,0.097150
2025-07-06,45,22,100.51,0.100510
2025-07-06,46,22,101.14,0.101140
2025-07-06,47,23,91.34,0.091340
2025-07-06,48,23,89.56,0.089560
2025-07-07,1,0,86.31,0.086310
2025-07-07,2,0,88.29,0.088290
2025-07-07,3,1,87.21,0.087210
2025-07-07,4,1,85.86,0.085860
2025-07-07,5,2,84.98,0.084980
2025-07-07,6,2,80.89,0.080890
2025-07-07,7,3,75.61,0.075610
2025-07-07,8,3,83.27,0.083270
2025-07-07,9,4,84.33,0.084330
2025-07-07,10,4,81.53,0.081530
2025-07-07,11,5,84.75,0.084750
2025-07-07,12,5,91.07,0.091070
2025-07-07,13,6,86.55,0.086550
2025-07-07,14,6,83.84,0.083840
2025-07-07,15,7,91.72,0.091720
2025-07-07,16,7,89.29,0.089290
2025-07-07,17,8,80.01,0.080010
2025-07-07,18,8,68.75,0.068750
2025-07-07,19,9,58.67,0.058670
2025-07-07,20,9,47.15,0.047150
2025-07-07,21,10,40.68,0.040680
2025-07-07,22,10,38.67,0.038670
2025-07-07,23,11,40.59,0.040590
2025-07-07,24,11,43.11,0.043110
2025-07-07,25,12,17.56,0.017560
2025-07-07,26,12,16.5,0.016500
2025-07-07,27,13,16.44,0.016440
2025-07-07,28,13,6.29,0.006290
2025-07-07,29,14,5.8,0.005800
2025-07-07,30,14,3.91,0.003910
2025-07-07,32,15,7.44,0.007440
2025-07-07,33,16,17.73,0.017730
2025-07-07,34,16,38.76,0.038760
2025-07-07,35,17,54.54,0.054540
2025-07-07,36,17,58.66,0.058660
2025-07-07,37,18,65.72,0.065720
2025-07-07,38,18,74.82,0.074820
2025-07-07,39,19,90.98,0.090980
2025-07-07,40,19,97.95,0.097950
2025-07-07,41,20,101.86,0.101860
2025-07-07,42,20,102.18,0.102180
2025-07-07,43,21,96.72,0.096720
2025-07-07,44,21,84.5,0.084500
2025-07-07,45,22,92.73,0.092730
2025-07-07,46,22,80.17,0.080170
2025-07-07,47,23,76.11,0.076110
2025-07-07,48,23,72.26,0.072260
2025-07-08,1,0,73.08,0.073080
2025-07-08,2,0,79.03,0.079030
2025-07-08,3,1,63.37,0.063370
2025-07-08,4,1,59.87,0.059870
2025-07-08,5,2,74.83,0.074830
2025-07-08,6,2,72.27,0.072270
2025-07-08,7,3,63.93,0.063930
2025-07-08,8,3,69.33,0.069330
2025-07-08,9,4,70.69,0.070690
2025-07-08,10,4,70.4,0.070400
2025-07-08,11,5,61.91,0.061910
2025-07-08,12,5,53.89,0.053890
2025-07-08,13,6,77.37,0.077370
2025-07-08,14,6,91.19,0.091190
2025-07-08,15,7,89.4,0.089400
2025-07-08,16,7,91.66,0.091660
2025-07-08,17,8,94.65,0.094650
2025-07-08,18,8,82.58,0.082580
2025-07-08,19,9,76.91,0.076910
2025-07-08,20,9,69.21,0.069210
2025-07-08,21,10,69.47,0.069470
2025-07-08,22,10,73.14,0.073140
2025-07-08,23,11,65.02,0.065020
2025-07-08,24,11,60.91,0.060910
2025-07-08,25,12,60.87,0.060870
2025-07-08,26,12,56.2,0.056200
2025-07-08,27,13,52.19,0.052190
2025-07-08,28,13,55.52,0.055520
2025-07-08,29,14,48.65,0.048650
2025-07-08,30,14,52.16,0.052160
2025-07-08,31,15,59.05,0.059050
2025-07-08,32,15,69.0,0.069000
2025-07-08,33,16,66.63,0.066630
2025-07-08,34,16,64.49,0.064490
2025-07-08,35,17,77.32,0.077320
2025-07-08,36,17,69.04,0.069040
2025-07-08,37,18,80.72,0.080720
2025-07-08,38,18,86.44,0.086440
2025-07-08,39,19,102.47,0.102470
2025-07-08,40,19,102.95,0.102950
2025-07-08,41,20,102.16,0.102160
2025-07-08,42,20,102.88,0.102880
2025-07-08,43,21,102.1,0.102100
2025-07-08,44,21,94.94,0.094940
2025-07-08,45,22,92.19,0.092190
2025-07-08,46,22,83.49,0.083490
2025-07-08,47,23,85.76,0.085760
2025-07-08,48,23,80.09,0.080090
2025-07-09,1,0,85.02,0.085020
2025-07-09,2,0,78.15,0.078150
2025-07-09,3,1,72.67,0.072670
2025-07-09,4,1,76.92,0.076920
2025-07-09,5,2,76.71,0.076710
2025-07-09,6,2,72.85,0.072850
2025-07-09,7,3,68.83,0.068830
2025-07-09,8,3,63.72,0.063720
2025-07-09,9,4,69.72,0.069720
2025-07-09,10,4,69.81,0.069810
2025-07-09,11,5,72.48,0.072480
2025-07-09,12,5,74.21,0.074210
2025-07-09,13,6,81.22,0.081220
2025-07-09,14,6,95.52,0.095520
2025-07-09,15,7,90.13,0.090130
2025-07-09,16,7,94.33,0.094330
2025-07-09,17,8,86.28,0.086280
2025-07-09,18,8,82.03,0.082030
2025-07-09,19,9,69.05,0.069050
2025-07-09,20,9,70.17,0.070170
2025-07-09,21,10,78.4,0.078400
2025-07-09,22,10,75.93,0.075930
2025-07-09,23,11,73.7,0.073700
2025-07-09,24,11,76.7,0.076700
2025-07-09,25,12,75.45,0.075450
2025-07-09,26,12,82.49,0.082490
2025-07-09,27,13,76.98,0.076980
2025-07-09,28,13,79.0,0.079000
2025-07-09,29,14,76.63,0.076630
2025-07-09,30,14,75.66,0.075660
2025-07-09,31,15,76.0,0.076000
2025-07-09,32,15,74.6,0.074600
2025-07-09,33,16,74.58,0.074580
2025-07-09,34,16,69.94,0.069940
2025-07-09,35,17,74.83,0.074830
2025-07-09,36,17,75.66,0.075660
2025-07-09,37,18,82.39,0.082390
2025-07-09,38,18,82.2,0.082200
2025-07-09,39,19,95.2,0.095200
2025-07-09,40,19,98.57,0.098570
2025-07-09,41,20,101.97,0.101970
2025-07-09,42,20,104.36,0.104360
2025-07-09,43,21,105.8,0.105800
2025-07-09,44,21,104.22,0.104220
2025-07-09,45,22,98.67,0.098670
2025-07-09,46,22,95.65,0.095650
2025-07-09,47,23,85.46,0.085460
2025-07-09,48,23,85.48,0.085480
2025-07-10,1,0,87.38,0.087380
2025-07-10,2,0,84.07,0.084070
2025-07-10,3,1,80.01,0.080010
2025-07-10,4,1,73.52,0.073520
2025-07-10,5,2,77.48,0.077480
2025-07-10,6,2,75.11,0.075110
2025-07-10,7,3,69.14,0.069140
2025-07-10,8,3,73.97,0.073970
2025-07-10,9,4,70.62,0.070620
2025-07-10,10,4,64.37,0.064370
2025-07-10,11,5,66.19,0.066190
2025-07-10,12,5,67.43,0.067430
2025-07-10,13,6,71.24,0.071240
2025-07-10,14,6,75.33,0.075330
2025-07-10,15,7,78.96,0.078960
2025-07-10,16,7,83.05,0.083050
2025-07-10,17,8,78.21,0.078210
2025-07-10,18,8,80.18,0.080180
2025-07-10,19,9,71.35,0.071350
2025-07-10,20,9,67.73,0.067730
2025-07-10,21,10,74.35,0.074350
2025-07-10,22,10,77.07,0.077070
2025-07-10,23,11,72.95,0.072950
2025-07-10,24,11,69.51,0.069510
2025-07-10,25,12,69.82,0.069820
2025-07-10,26,12,70.9,0.070900
2025-07-10,27,13,71.6,0.071600
2025-07-10,28,13,73.75,0.073750
2025-07-10,29,14,72.17,0.072170
2025-07-10,30,14,73.72,0.073720
2025-07-10,31,15,80.13,0.080130
2025-07-10,32,15,80.55,0.080550
2025-07-10,33,16,78.27,0.078270
2025-07-10,34,16,73.74,0.073740
2025-07-10,35,17,76.93,0.076930
2025-07-10,36,17,77.6,0.077600
2025-07-10,37,18,84.43,0.084430
2025-07-10,38,18,92.01,0.092010
2025-07-10,39,19,108.15,0.108150
2025-07-10,40,19,110.24,0.110240
2025-07-10,41,20,110.59,0.110590
2025-07-10,42,20,111.3,0.111300
2025-07-10,43,21,102.69,0.102690
2025-07-10,44,21,101.13,0.101130
2025-07-10,45,22,102.13,0.102130
2025-07-10,46,22,95.41,0.095410
2025-07-10,47,23,84.84,0.084840
2025-07-10,48,23,87.59,0.087590
2025-07-11,1,0,87.25,0.087250
2025-07-11,2,0,87.03,0.087030
2025-07-11,3,1,87.22,0.087220
2025-07-11,4,1,84.11,0.084110
2025-07-11,5,2,84.5,0.084500
2025-07-11,6,2,82.35,0.082350
2025-07-11,7,3,82.38,0.082380
2025-07-11,8,3,81.57,0.081570
2025-07-11,9,4,76.48,0.076480
2025-07-11,10,4,78.5,0.078500
2025-07-11,11,5,79.57,0.079570
2025-07-11,12,5,81.69,0.081690
2025-07-11,13,6,86.32,0.086320
2025-07-11,14,6,91.39,0.091390
2025-07-11,15,7,92.0,0.092000
2025-07-11,16,7,93.55,0.093550
2025-07-11,17,8,89.64,0.089640
2025-07-11,18,8,85.47,0.085470
2025-07-11,19,9,86.69,0.086690
2025-07-11,20,9,84.11,0.084110
2025-07-11,21,10,75.08,0.075080
2025-07-11,22,10,75.32,0.075320
2025-07-11,23,11,72.64,0.072640
2025-07-11,24,11,69.53,0.069530
2025-07-11,25,12,68.61,0.068610
2025-07-11,26,12,69.74,0.069740
2025-07-11,27,13,69.13,0.069130
2025-07-11,28,13,69.29,0.069290
2025-07-11,29,14,70.78,0.070780
2025-07-11,30,14,69.05,0.069050
2025-07-11,31,15,65.03,0.065030
2025-07-11,32,15,65.35,0.065350
2025-07-11,33,16,65.94,0.065940
2025-07-11,34,16,75.51,0.075510
2025-07-11,35,17,88.92,0.088920
2025-07-11,36,17,76.86,0.076860
2025-07-11,37,18,87.37,0.087370
2025-07-11,38,18,92.72,0.092720
2025-07-11,39,19,106.24,0.106240
2025-07-11,40,19,105.49,0.105490
2025-07-11,41,20,110.73,0.110730
2025-07-11,42,20,112.55,0.112550
2025-07-11,43,21,110.97,0.110970
2025-07-11,44,21,109.08,0.109080
2025-07-11,45,22,100.55,0.100550
2025-07-11,46,22,88.47,0.088470
2025-07-11,47,23,92.75,0.092750
2025-07-11,48,23,88.56,0.088560
2025-07-12,1,0,91.54,0.091540
2025-07-12,2,0,87.63,0.087630
2025-07-12,3,1,86.3,0.086300
2025-07-12,4,1,86.59,0.086590
2025-07-12,5,2,86.17,0.086170
2025-07-12,6,2,83.86,0.083860
2025-07-12,7,3,87.12,0.087120
2025-07-12,8,3,88.6,0.088600
2025-07-12,9,4,88.17,0.088170
2025-07-12,10,4,86.37,0.086370
2025-07-12,11,5,82.74,0.082740
2025-07-12,12,5,83.27,0.083270
2025-07-12,13,6,81.25,0.081250
2025-07-12,14,6,84.46,0.084460
2025-07-12,15,7,81.95,0.081950
2025-07-12,16,7,89.06,0.089060
2025-07-12,17,8,92.29,0.092290
2025-07-12,18,8,87.92,0.087920
2025-07-12,19,9,77.53,0.077530
2025-07-12,20,9,77.54,0.077540
2025-07-12,21,10,79.63,0.079630
2025-07-12,22,10,76.46,0.076460
2025-07-12,23,11,63.54,0.063540
2025-07-12,24,11,68.21,0.068210
2025-07-12,25,12,68.36,0.068360
2025-07-12,26,12,58.07,0.058070
2025-07-12,27,13,45.49,0.045490
2025-07-12,28,13,49.32,0.049320
2025-07-12,29,14,48.42,0.048420
2025-07-12,30,14,50.62,0.050620
2025-07-12,31,15,50.23,0.050230
2025-07-12,32,15,60.44,0.060440
2025-07-12,33,16,68.15,0.068150
2025-07-12,34,16,70.52,0.070520
2025-07-12,35,17,89.41,0.089410
2025-07-12,36,17,78.92,0.078920
2025-07-12,37,18,80.48,0.080480
2025-07-12,38,18,84.29,0.084290
2025-07-12,39,19,97.71,0.097710
2025-07-12,40,19,101.18,0.101180
2025-07-12,41,20,91.92,0.091920
2025-07-12,42,20,99.03,0.099030
2025-07-12,43,21,105.31,0.105310
2025-07-12,44,21,105.26,0.105260
2025-07-12,45,22,99.41,0.099410
2025-07-12,46,22,90.0,0.090000
2025-07-12,47,23,85.48,0.085480
2025-07-12,48,23,83.4,0.083400
2025-07-13,1,0,85.13,0.085130
2025-07-13,2,0,87.65,0.087650
2025-07-13,3,1,85.78,0.085780
2025-07-13,4,1,80.85,0.080850
2025-07-13,5,2,81.92,0.081920
2025-07-13,6,2,86.29,0.086290
2025-07-13,7,3,79.84,0.079840
2025-07-13,8,3,81.99,0.081990
2025-07-13,9,4,83.94,0.083940
2025-07-13,10,4,86.75,0.086750
2025-07-13,11,5,85.52,0.085520
2025-07-13,12,5,80.85,0.080850
2025-07-13,13,6,77.1,0.077100
2025-07-13,14,6,77.45,0.077450
2025-07-13,15,7,66.72,0.066720
2025-07-13,16,7,69.49,0.069490
2025-07-13,17,8,71.75,0.071750
2025-07-13,18,8,74.09,0.074090
2025-07-13,19,9,66.38,0.066380
2025-07-13,20,9,68.9,0.068900
2025-07-13,21,10,68.16,0.068160
2025-07-13,22,10,63.27,0.063270
2025-07-13,23,11,58.84,0.058840
2025-07-13,24,11,53.45,0.053450
2025-07-13,25,12,52.51,0.052510
2025-07-13,26,12,48.68,0.048680
2025-07-13,27,13,37.47,0.037470
2025-07-13,28,13,49.29,0.049290
2025-07-13,29,14,51.92,0.051920
2025-07-13,30,14,58.45,0.058450
2025-07-13,31,15,68.44,0.068440
2025-07-13,32,15,70.87,0.070870
2025-07-13,33,16,78.43,0.078430
2025-07-13,34,16,78.69,0.078690
2025-07-13,35,17,85.77,0.085770
2025-07-13,36,17,83.3,0.083300
2025-07-13,37,18,92.88,0.092880
2025-07-13,38,18,91.01,0.091010
2025-07-13,39,19,100.25,0.100250
2025-07-13,40,19,94.99,0.094990
2025-07-13,41,20,98.98,0.098980
2025-07-13,42,20,98.01,0.098010
2025-07-13,43,21,102.98,0.102980
2025-07-13,44,21,98.77,0.098770
2025-07-13,45,22,98.0,0.098000
2025-07-13,46,22,96.22,0.096220
2025-07-13,47,23,87.5,0.087500
2025-07-13,48,23,82.77,0.082770
2025-07-14,1,0,87.52,0.087520
2025-07-14,2,0,85.04,0.085040
2025-07-14,3,1,78.0,0.078000
2025-07-14,4,1,78.26,0.078260
2025-07-14,5,2,81.87,0.081870
2025-07-14,6,2,78.31,0.078310
2025-07-14,7,3,77.48,0.077480
2025-07-14,8,3,78.81,0.078810
2025-07-14,9,4,79.71,0.079710
2025-07-14,10,4,79.24,0.079240
2025-07-14,11,5,73.1,0.073100
2025-07-14,12,5,72.98,0.072980
2025-07-14,13,6,82.4,0.082400
2025-07-14,14,6,87.16,0.087160
2025-07-14,15,7,81.11,0.081110
2025-07-14,16,7,82.5,0.082500
2025-07-14,17,8,72.88,0.072880
2025-07-14,18,8,76.7,0.076700
2025-07-14,19,9,81.68,0.081680
2025-07-14,20,9,75.12,0.075120
2025-07-14,21,10,74.07,0.074070
2025-07-14,22,10,72.42,0.072420
2025-07-14,23,11,63.18,0.063180
2025-07-14,24,11,58.6,0.058600
2025-07-14,25,12,73.6,0.073600
2025-07-14,26,12,71.29,0.071290
2025-07-14,27,13,67.02,0.067020
2025-07-14,28,13,62.9,0.062900
2025-07-14,29,14,68.3,0.068300
2025-07-14,30,14,61.25,0.061250
2025-07-14,31,15,59.06,0.059060
2025-07-14,32,15,53.61,0.053610
2025-07-14,33,16,48.38,0.048380
2025-07-14,34,16,60.03,0.060030
2025-07-14,35,17,62.44,0.062440
2025-07-14,36,17,62.38,0.062380
2025-07-14,37,18,67.67,0.067670
2025-07-14,38,18,61.78,0.061780
2025-07-14,39,19,62.46,0.062460
2025-07-14,40,19,73.7,0.073700
2025-07-14,41,20,78.04,0.078040
2025-07-14,42,20,75.16,0.075160
2025-07-14,43,21,87.44,0.087440
2025-07-14,44,21,89.77,0.089770
2025-07-14,45,22,87.46,0.087460
2025-07-14,46,22,85.07,0.085070
2025-07-14,47,23,89.49,0.089490
2025-07-14,48,23,86.95,0.086950
2025-07-15,1,0,90.92,0.090920
2025-07-15,2,0,86.46,0.086460
2025-07-15,3,1,89.04,0.089040
2025-07-15,4,1,93.21,0.093210
2025-07-15,5,2,94.0,0.094000
2025-07-15,6,2,93.04,0.093040
2025-07-15,7,3,91.98,0.091980
2025-07-15,8,3,84.5,0.084500
2025-07-15,9,4,95.18,0.095180
2025-07-15,10,4,94.1,0.094100
2025-07-15,11,5,93.06,0.093060
2025-07-15,12,5,98.03,0.098030
2025-07-15,13,6,99.04,0.099040
2025-07-15,14,6,104.82,0.104820
2025-07-15,15,7,91.06,0.091060
2025-07-15,16,7,97.87,0.097870
2025-07-15,17,8,92.27,0.092270
2025-07-15,18,8,90.59,0.090590
2025-07-15,19,9,87.63,0.087630
2025-07-15,20,9,84.1,0.084100
2025-07-15,21,10,75.42,0.075420
2025-07-15,22,10,79.2,0.079200
2025-07-15,23,11,78.83,0.078830
2025-07-15,24,11,77.31,0.077310
2025-07-15,25,12,78.54,0.078540
2025-07-15,26,12,72.0,0.072000
2025-07-15,27,13,53.58,0.053580
2025-07-15,28,13,46.14,0.046140
2025-07-15,29,14,48.18,0.048180
2025-07-15,30,14,39.61,0.039610
2025-07-15,31,15,36.56,0.036560
2025-07-15,32,15,42.57,0.042570
2025-07-15,33,16,58.9,0.058900
2025-07-15,34,16,68.66,0.068660
2025-07-15,35,17,85.19,0.085190
2025-07-15,36,17,85.09,0.085090
2025-07-15,37,18,85.77,0.085770
2025-07-15,38,18,81.58,0.081580
2025-07-15,39,19,91.79,0.091790
2025-07-15,40,19,86.31,0.086310
2025-07-15,41,20,95.65,0.095650
2025-07-15,42,20,94.74,0.094740
2025-07-15,43,21,96.22,0.096220
2025-07-15,44,21,90.76,0.090760
2025-07-15,45,22,84.89,0.084890
2025-07-15,46,22,82.52,0.082520
2025-07-15,47,23,85.53,0.085530
2025-07-15,48,23,88.43,0.088430
2025-07-16,1,0,80.17,0.080170
2025-07-16,2,0,75.36,0.075360
2025-07-16,3,1,71.0,0.071000
2025-07-16,4,1,70.91,0.070910
2025-07-16,5,2,67.43,0.067430
2025-07-16,6,2,67.93,0.067930
2025-07-16,7,3,68.82,0.068820
2025-07-16,8,3,68.45,0.068450
2025-07-16,9,4,69.37,0.069370
2025-07-16,10,4,69.27,0.069270
2025-07-16,11,5,80.11,0.080110
2025-07-16,12,5,88.09,0.088090
2025-07-16,13,6,84.45,0.084450
2025-07-16,14,6,89.09,0.089090
2025-07-16,15,7,93.23,0.093230
2025-07-16,16,7,100.31,0.100310
2025-07-16,17,8,90.26,0.090260
2025-07-16,18,8,94.36,0.094360
2025-07-16,19,9,96.95,0.096950
2025-07-16,20,9,91.18,0.091180
2025-07-16,21,10,90.97,0.090970
2025-07-16,22,10,90.46,0.090460
2025-07-16,23,11,74.77,0.074770
2025-07-16,24,11,73.46,0.073460
2025-07-16,25,12,74.64,0.074640
2025-07-16,26,12,76.54,0.076540
2025-07-16,27,13,75.51,0.075510
2025-07-16,28,13,75.26,0.075260
2025-07-16,29,14,77.8,0.077800
2025-07-16,30,14,83.71,0.083710
2025-07-16,31,15,91.97,0.091970
2025-07-16,32,15,96.92,0.096920
2025-07-16,33,16,90.41,0.090410
2025-07-16,34,16,85.31,0.085310
2025-07-16,35,17,97.61,0.097610
2025-07-16,36,17,101.85,0.101850
2025-07-16,37,18,104.89,0.104890
2025-07-16,38,18,108.11,0.108110
2025-07-16,39,19,117.72,0.117720
2025-07-16,40,19,117.91,0.117910
2025-07-16,41,20,117.77,0.117770
2025-07-16,42,20,116.4,0.116400
2025-07-16,43,21,109.57,0.109570
2025-07-16,44,21,109.28,0.109280
2025-07-16,45,22,104.3,0.104300
2025-07-16,46,22,97.04,0.097040
2025-07-16,47,23,93.78,0.093780
2025-07-16,48,23,88.04,0.088040
2025-07-17,1,0,93.55,0.093550
2025-07-17,2,0,87.53,0.087530
2025-07-17,3,1,80.97,0.080970
2025-07-17,4,1,77.43,0.077430
2025-07-17,5,2,82.74,0.082740
2025-07-17,6,2,78.7,0.078700
2025-07-17,7,3,78.01,0.078010
2025-07-17,8,3,81.09,0.081090
2025-07-17,9,4,79.74,0.079740
2025-07-17,10,4,77.14,0.077140
2025-07-17,11,5,80.8,0.080800
2025-07-17,12,5,83.59,0.083590
2025-07-17,13,6,79.67,0.079670
2025-07-17,14,6,88.64,0.088640
2025-07-17,15,7,85.69,0.085690
2025-07-17,16,7,93.67,0.093670
2025-07-17,17,8,93.46,0.093460
2025-07-17,18,8,92.58,0.092580
2025-07-17,19,9,91.95,0.091950
2025-07-17,20,9,85.71,0.085710
2025-07-17,21,10,85.6,0.085600
2025-07-17,22,10,97.32,0.097320
2025-07-17,23,11,79.03,0.079030
2025-07-17,24,11,75.97,0.075970
2025-07-17,25,12,76.09,0.076090
2025-07-17,26,12,73.61,0.073610
2025-07-17,27,13,77.75,0.077750
2025-07-17,28,13,77.22,0.077220
2025-07-17,29,14,72.73,0.072730
2025-07-17,30,14,76.83,0.076830
2025-07-17,31,15,75.17,0.075170
2025-07-17,32,15,73.18,0.073180
2025-07-17,33,16,71.58,0.071580
2025-07-17,34,16,69.21,0.069210
2025-07-17,35,17,83.6,0.083600
2025-07-17,36,17,81.46,0.081460
2025-07-17,37,18,87.02,0.087020
2025-07-17,38,18,87.74,0.087740
2025-07-17,39,19,96.86,0.096860
2025-07-17,40,19,96.87,0.096870
2025-07-17,41,20,98.15,0.098150
2025-07-17,42,20,95.5,0.095500
2025-07-17,43,21,95.29,0.095290
2025-07-17,44,21,92.53,0.092530
2025-07-17,45,22,90.3,0.090300
2025-07-17,46,22,88.97,0.088970
2025-07-17,47,23,80.53,0.080530
2025-07-17,48,23,75.11,0.075110
2025-07-18,1,0,82.53,0.082530
2025-07-18,2,0,77.12,0.077120
2025-07-18,3,1,78.69,0.078690
2025-07-18,4,1,74.98,0.074980
2025-07-18,5,2,71.74,0.071740
2025-07-18,6,2,75.93,0.075930
2025-07-18,7,3,73.76,0.073760
2025-07-18,8,3,74.4,0.074400
2025-07-18,9,4,73.48,0.073480
2025-07-18,10,4,69.94,0.069940
2025-07-18,11,5,77.88,0.077880
2025-07-18,12,5,78.23,0.078230
2025-07-18,13,6,85.44,0.085440
2025-07-18,14,6,92.44,0.092440
2025-07-18,15,7,87.6,0.087600
2025-07-18,16,7,92.08,0.092080
2025-07-18,17,8,82.52,0.082520
2025-07-18,18,8,83.24,0.083240
2025-07-18,19,9,82.26,0.082260
2025-07-18,20,9,83.63,0.083630
2025-07-18,21,10,85.13,0.085130
2025-07-18,22,10,82.66,0.082660
2025-07-18,23,11,78.48,0.078480
2025-07-18,24,11,78.62,0.078620
2025-07-18,25,12,78.21,0.078210
2025-07-18,26,12,76.67,0.076670
2025-07-18,27,13,78.59,0.078590
2025-07-18,28,13,77.57,0.077570
2025-07-18,29,14,77.27,0.077270
2025-07-18,30,14,79.1,0.079100
2025-07-18,31,15,78.68,0.078680
2025-07-18,32,15,80.93,0.080930
2025-07-18,33,16,88.54,0.088540
2025-07-18,34,16,87.39,0.087390
2025-07-18,35,17,89.63,0.089630
2025-07-18,36,17,82.62,0.082620
2025-07-18,37,18,88.61,0.088610
2025-07-18,38,18,88.71,0.088710
2025-07-18,39,19,98.08,0.098080
2025-07-18,40,19,96.65,0.096650
2025-07-18,41,20,98.68,0.098680
2025-07-18,42,20,97.05,0.097050
2025-07-18,43,21,94.62,0.094620
2025-07-18,44,21,94.95,0.094950
2025-07-18,45,22,90.34,0.090340
2025-07-18,46,22,85.73,0.085730
2025-07-18,47,23,86.61,0.086610
2025-07-18,48,23,86.63,0.086630
2025-07-19,1,0,86.24,0.086240
2025-07-19,2,0,89.44,0.089440
2025-07-19,3,1,81.6,0.081600
2025-07-19,4,1,80.84,0.080840
2025-07-19,5,2,78.02,0.078020
2025-07-19,6,2,75.75,0.075750
2025-07-19,7,3,79.65,0.079650
2025-07-19,8,3,79.24,0.079240
2025-07-19,9,4,81.14,0.081140
2025-07-19,10,4,79.36,0.079360
2025-07-19,11,5,83.3,0.083300
2025-07-19,12,5,84.27,0.084270
2025-07-19,13,6,81.45,0.081450
2025-07-19,14,6,84.27,0.084270
2025-07-19,15,7,75.66,0.075660
2025-07-19,16,7,81.27,0.081270
2025-07-19,17,8,81.51,0.081510
2025-07-19,18,8,83.86,0.083860
2025-07-19,19,9,83.63,0.083630
2025-07-19,20,9,85.32,0.085320
2025-07-19,21,10,86.76,0.086760
2025-07-19,22,10,81.79,0.081790
2025-07-19,23,11,84.69,0.084690
2025-07-19,24,11,81.81,0.081810
2025-07-19,25,12,81.42,0.081420
2025-07-19,26,12,78.88,0.078880
2025-07-19,27,13,78.71,0.078710
2025-07-19,28,13,73.84,0.073840
2025-07-19,29,14,66.52,0.066520
2025-07-19,30,14,62.74,0.062740
2025-07-19,31,15,61.26,0.061260
2025-07-19,32,15,62.69,0.062690
2025-07-19,33,16,65.76,0.065760
2025-07-19,34,16,68.06,0.068060
2025-07-19,35,17,85.05,0.085050
2025-07-19,36,17,82.33,0.082330
2025-07-19,37,18,86.73,0.086730
2025-07-19,38,18,88.6,0.088600
2025-07-19,39,19,93.85,0.093850
2025-07-19,40,19,95.96,0.095960
2025-07-19,41,20,95.91,0.095910
2025-07-19,42,20,92.77,0.092770
2025-07-19,43,21,83.69,0.083690
2025-07-19,44,21,80.15,0.080150
2025-07-19,45,22,83.91,0.083910
2025-07-19,46,22,83.81,0.083810
2025-07-19,47,23,87.46,0.087460
2025-07-19,48,23,88.42,0.088420
2025-07-20,1,0,86.31,0.086310
2025-07-20,2,0,85.96,0.085960
2025-07-20,3,1,84.83,0.084830
2025-07-20,4,1,86.59,0.086590
2025-07-20,5,2,87.47,0.087470
2025-07-20,6,2,83.63,0.083630
2025-07-20,7,3,85.34,0.085340
2025-07-20,8,3,84.46,0.084460
2025-07-20,9,4,83.12,0.083120
2025-07-20,10,4,84.75,0.084750
2025-07-20,11,5,90.98,0.090980
2025-07-20,12,5,90.09,0.090090
2025-07-20,13,6,85.77,0.085770
2025-07-20,14,6,85.99,0.085990
2025-07-20,15,7,79.33,0.079330
2025-07-20,16,7,84.83,0.084830
2025-07-20,17,8,82.54,0.082540
2025-07-20,18,8,90.29,0.090290
2025-07-20,19,9,97.88,0.097880
2025-07-20,20,9,96.79,0.096790
2025-07-20,21,10,99.28,0.099280
2025-07-20,22,10,101.84,0.101840
2025-07-20,23,11,105.79,0.105790
2025-07-20,24,11,105.77,0.105770
2025-07-20,25,12,105.41,0.105410
2025-07-20,26,12,103.87,0.103870
2025-07-20,27,13,97.34,0.097340
2025-07-20,28,13,93.35,0.093350
2025-07-20,29,14,93.14,0.093140
2025-07-20,30,14,88.67,0.088670
2025-07-20,31,15,84.95,0.084950
2025-07-20,32,15,85.69,0.085690
2025-07-20,33,16,87.11,0.087110
2025-07-20,34,16,87.1,0.087100
2025-07-20,35,17,94.96,0.094960
2025-07-20,36,17,93.62,0.093620
2025-07-20,37,18,101.44,0.101440
2025-07-20,38,18,105.49,0.105490
2025-07-20,39,19,107.53,0.107530
2025-07-20,40,19,106.96,0.106960
2025-07-20,41,20,108.29,0.108290
2025-07-20,42,20,107.68,0.107680
2025-07-20,43,21,102.36,0.102360
2025-07-20,44,21,99.88,0.099880
2025-07-20,45,22,89.74,0.089740
2025-07-20,46,22,81.6,0.081600
2025-07-20,47,23,73.53,0.073530
2025-07-20,48,23,72.16,0.072160
2025-07-21,1,0,71.39,0.071390
2025-07-21,2,0,68.94,0.068940
2025-07-21,3,1,69.23,0.069230
2025-07-21,4,1,70.92,0.070920
2025-07-21,5,2,69.32,0.069320
2025-07-21,6,2,67.86,0.067860
2025-07-21,7,3,67.95,0.067950
2025-07-21,8,3,67.65,0.067650
2025-07-21,9,4,67.62,0.067620
2025-07-21,10,4,66.3,0.066300
2025-07-21,11,5,70.77,0.070770
2025-07-21,12,5,72.59,0.072590
2025-07-21,13,6,80.95,0.080950
2025-07-21,14,6,83.9,0.083900
2025-07-21,15,7,85.34,0.085340
2025-07-21,16,7,86.02,0.086020
2025-07-21,17,8,86.6,0.086600
2025-07-21,18,8,88.63,0.088630
2025-07-21,19,9,90.36,0.090360
2025-07-21,20,9,86.48,0.086480
2025-07-21,21,10,79.69,0.079690
2025-07-21,22,10,76.97,0.076970
2025-07-21,23,11,75.54,0.075540
2025-07-21,24,11,78.71,0.078710
2025-07-21,25,12,72.97,0.072970
2025-07-21,26,12,75.74,0.075740
2025-07-21,27,13,78.44,0.078440
2025-07-21,28,13,81.96,0.081960
2025-07-21,29,14,77.52,0.077520
2025-07-21,30,14,78.92,0.078920
2025-07-21,31,15,79.72,0.079720
2025-07-21,32,15,80.51,0.080510
2025-07-21,33,16,84.89,0.084890
2025-07-21,34,16,83.63,0.083630
2025-07-21,35,17,88.04,0.088040
2025-07-21,36,17,86.44,0.086440
2025-07-21,37,18,87.0,0.087000
2025-07-21,38,18,86.39,0.086390
2025-07-21,39,19,85.73,0.085730
2025-07-21,40,19,89.2,0.089200
2025-07-21,41,20,89.79,0.089790
2025-07-21,42,20,89.89,0.089890
2025-07-21,43,21,89.59,0.089590
2025-07-21,44,21,88.9,0.088900
2025-07-21,45,22,87.65,0.087650
2025-07-21,46,22,86.56,0.086560
2025-07-21,47,23,79.05,0.079050
2025-07-21,48,23,78.88,0.078880
2025-07-22,1,0,75.38,0.075380
2025-07-22,2,0,72.42,0.072420
2025-07-22,3,1,77.33,0.077330
2025-07-22,4,1,69.52,0.069520
2025-07-22,5,2,69.51,0.069510
2025-07-22,6,2,70.91,0.070910
2025-07-22,7,3,65.88,0.065880
2025-07-22,8,3,68.34,0.068340
2025-07-22,9,4,69.35,0.069350
2025-07-22,10,4,67.54,0.067540
2025-07-22,11,5,67.74,0.067740
2025-07-22,12,5,71.54,0.071540
2025-07-22,13,6,76.96,0.076960
2025-07-22,14,6,89.69,0.089690
2025-07-22,15,7,92.98,0.092980
2025-07-22,16,7,98.0,0.098000
2025-07-22,17,8,91.09,0.091090
2025-07-22,18,8,94.29,0.094290
2025-07-22,19,9,95.42,0.095420
2025-07-22,20,9,93.23,0.093230
2025-07-22,21,10,93.91,0.093910
2025-07-22,22,10,94.95,0.094950
2025-07-22,23,11,91.34,0.091340
2025-07-22,24,11,91.59,0.091590
2025-07-22,25,12,96.67,0.096670
2025-07-22,26,12,96.79,0.096790
2025-07-22,27,13,91.37,0.091370
2025-07-22,28,13,90.06,0.090060
2025-07-22,29,14,87.97,0.087970
2025-07-22,30,14,87.79,0.087790
2025-07-22,31,15,85.38,0.085380
2025-07-22,32,15,86.78,0.086780
2025-07-22,33,16,86.73,0.086730
2025-07-22,34,16,88.61,0.088610
2025-07-22,35,17,89.41,0.089410
2025-07-22,36,17,87.65,0.087650
2025-07-22,37,18,93.14,0.093140
2025-07-22,38,18,94.07,0.094070
2025-07-22,39,19,94.12,0.094120
2025-07-22,40,19,94.92,0.094920
2025-07-22,41,20,94.33,0.094330
2025-07-22,42,20,95.73,0.095730
2025-07-22,43,21,90.44,0.090440
2025-07-22,44,21,89.69,0.089690
2025-07-22,45,22,88.04,0.088040
2025-07-22,46,22,82.38,0.082380
2025-07-22,47,23,70.62,0.070620
2025-07-22,48,23,73.91,0.073910
2025-07-23,1,0,71.14,0.071140
2025-07-23,2,0,69.17,0.069170
2025-07-23,3,1,71.12,0.071120
2025-07-23,4,1,68.76,0.068760
2025-07-23,5,2,73.32,0.073320
2025-07-23,6,2,72.28,0.072280
2025-07-23,7,3,72.35,0.072350
2025-07-23,8,3,72.09,0.072090
2025-07-23,9,4,71.75,0.071750
2025-07-23,10,4,70.4,0.070400
2025-07-23,11,5,77.34,0.077340
2025-07-23,12,5,81.07,0.081070
2025-07-23,13,6,84.24,0.084240
2025-07-23,14,6,83.31,0.083310
2025-07-23,15,7,82.46,0.082460
2025-07-23,16,7,88.32,0.088320
2025-07-23,17,8,95.44,0.095440
2025-07-23,18,8,97.2,0.097200
2025-07-23,19,9,101.78,0.101780
2025-07-23,20,9,107.16,0.107160
2025-07-23,21,10,91.35,0.091350
2025-07-23,22,10,85.14,0.085140
2025-07-23,23,11,76.43,0.076430
2025-07-23,24,11,73.78,0.073780
2025-07-23,25,12,72.94,0.072940
2025-07-23,26,12,78.25,0.078250
2025-07-23,27,13,77.8,0.077800
2025-07-23,28,13,77.57,0.077570
2025-07-23,29,14,79.63,0.079630
2025-07-23,30,14,80.84,0.080840
2025-07-23,31,15,84.41,0.084410
2025-07-23,32,15,82.1,0.082100
2025-07-23,33,16,79.89,0.079890
2025-07-23,34,16,84.0,0.084000
2025-07-23,35,17,93.05,0.093050
2025-07-23,36,17,93.85,0.093850
2025-07-23,37,18,108.8,0.108800
2025-07-23,38,18,109.82,0.109820
2025-07-23,39,19,104.97,0.104970
2025-07-23,40,19,105.25,0.105250
2025-07-23,41,20,104.48,0.104480
2025-07-23,42,20,103.39,0.103390
2025-07-23,43,21,102.43,0.102430
2025-07-23,44,21,96.43,0.096430
2025-07-23,45,22,95.78,0.095780
2025-07-23,46,22,86.94,0.086940
2025-07-23,47,23,83.3,0.083300
2025-07-23,48,23,81.52,0.081520
2025-07-24,1,0,83.43,0.083430
2025-07-24,2,0,82.99,0.082990
2025-07-24,3,1,81.48,0.081480
2025-07-24,4,1,79.33,0.079330
2025-07-24,5,2,82.65,0.082650
2025-07-24,6,2,78.78,0.078780
2025-07-24,7,3,84.81,0.084810
2025-07-24,8,3,85.86,0.085860
2025-07-24,9,4,82.59,0.082590
2025-07-24,10,4,78.96,0.078960
2025-07-24,11,5,81.22,0.081220
2025-07-24,12,5,85.03,0.085030
2025-07-24,13,6,87.13,0.087130
2025-07-24,14,6,92.22,0.092220
2025-07-24,15,7,89.38,0.089380
2025-07-24,16,7,93.59,0.093590
2025-07-24,17,8,88.34,0.088340
2025-07-24,18,8,85.95,0.085950
2025-07-24,19,9,80.95,0.080950
2025-07-24,20,9,83.42,0.083420
2025-07-24,21,10,83.94,0.083940
2025-07-24,22,10,84.11,0.084110
2025-07-24,23,11,80.59,0.080590
2025-07-24,24,11,79.16,0.079160
2025-07-24,25,12,80.64,0.080640
2025-07-24,26,12,82.18,0.082180
2025-07-24,27,13,82.65,0.082650
2025-07-24,28,13,82.0,0.082000
2025-07-24,29,14,81.23,0.081230
2025-07-24,30,14,81.77,0.081770
2025-07-24,31,15,86.51,0.086510
2025-07-24,32,15,86.11,0.086110
2025-07-24,33,16,88.58,0.088580
2025-07-24,34,16,84.56,0.084560
2025-07-24,35,17,94.2,0.094200
2025-07-24,36,17,83.83,0.083830
2025-07-24,37,18,96.62,0.096620
2025-07-24,38,18,96.13,0.096130
2025-07-24,39,19,103.16,0.103160
2025-07-24,40,19,100.6,0.100600
2025-07-24,41,20,103.37,0.103370
2025-07-24,42,20,99.71,0.099710
2025-07-24,43,21,92.87,0.092870
2025-07-24,44,21,96.53,0.096530
2025-07-24,45,22,93.35,0.093350
2025-07-24,46,22,83.32,0.083320
2025-07-24,47,23,91.42,0.091420
2025-07-24,48,23,85.05,0.085050
2025-07-25,1,0,83.77,0.083770
2025-07-25,2,0,85.89,0.085890
2025-07-25,3,1,85.26,0.085260
2025-07-25,4,1,83.88,0.083880
2025-07-25,5,2,81.47,0.081470
2025-07-25,6,2,80.18,0.080180
2025-07-25,7,3,77.53,0.077530
2025-07-25,8,3,77.86,0.077860
2025-07-25,9,4,79.62,0.079620
2025-07-25,10,4,77.5,0.077500
2025-07-25,11,5,77.02,0.077020
2025-07-25,12,5,76.37,0.076370
2025-07-25,13,6,82.85,0.082850
2025-07-25,14,6,94.06,0.094060
2025-07-25,15,7,90.81,0.090810
2025-07-25,16,7,91.59,0.091590
2025-07-25,17,8,87.91,0.087910
2025-07-25,18,8,82.11,0.082110
2025-07-25,19,9,78.4,0.078400
2025-07-25,20,9,73.36,0.073360
2025-07-25,21,10,66.61,0.066610
2025-07-25,22,10,70.21,0.070210
2025-07-25,23,11,73.94,0.073940
2025-07-25,24,11,73.84,0.073840
2025-07-25,25,12,73.0,0.073000
2025-07-25,26,12,71.65,0.071650
2025-07-25,27,13,72.27,0.072270
2025-07-25,28,13,70.08,0.070080
2025-07-25,29,14,76.91,0.076910
2025-07-25,30,14,78.96,0.078960
2025-07-25,31,15,74.2,0.074200
2025-07-25,32,15,74.29,0.074290
2025-07-25,33,16,73.45,0.073450
2025-07-25,34,16,68.56,0.068560
2025-07-25,35,17,80.64,0.080640
2025-07-25,36,17,87.67,0.087670
2025-07-25,37,18,88.13,0.088130
2025-07-25,38,18,96.94,0.096940
2025-07-25,39,19,97.6,0.097600
2025-07-25,40,19,103.21,0.103210
2025-07-25,41,20,106.64,0.106640
2025-07-25,42,20,106.01,0.106010
2025-07-25,43,21,101.82,0.101820
2025-07-25,44,21,96.42,0.096420
2025-07-25,45,22,95.21,0.095210
2025-07-25,46,22,87.64,0.087640
2025-07-25,47,23,87.02,0.087020
2025-07-25,48,23,93.06,0.093060
2025-07-26,1,0,94.19,0.094190
2025-07-26,2,0,88.17,0.088170
2025-07-26,3,1,82.12,0.082120
2025-07-26,4,1,82.86,0.082860
2025-07-26,5,2,81.11,0.081110
2025-07-26,6,2,79.69,0.079690
2025-07-26,7,3,78.88,0.078880
2025-07-26,8,3,76.21,0.076210
2025-07-26,9,4,78.85,0.078850
2025-07-26,10,4,81.07,0.081070
2025-07-26,11,5,83.53,0.083530
2025-07-26,12,5,85.04,0.085040
2025-07-26,13,6,80.55,0.080550
2025-07-26,14,6,83.51,0.083510
2025-07-26,15,7,68.68,0.068680
2025-07-26,16,7,72.97,0.072970
2025-07-26,17,8,73.24,0.073240
2025-07-26,18,8,75.61,0.075610
2025-07-26,19,9,78.49,0.078490
2025-07-26,20,9,79.96,0.079960
2025-07-26,21,10,85.64,0.085640
2025-07-26,22,10,91.6,0.091600
2025-07-26,23,11,94.5,0.094500
2025-07-26,24,11,92.74,0.092740
2025-07-26,25,12,91.33,0.091330
2025-07-26,26,12,94.66,0.094660
2025-07-26,27,13,89.06,0.089060
2025-07-26,28,13,80.16,0.080160
2025-07-26,29,14,76.94,0.076940
2025-07-26,30,14,71.04,0.071040
2025-07-26,31,15,75.75,0.075750
2025-07-26,32,15,76.42,0.076420
2025-07-26,33,16,76.63,0.076630
2025-07-26,34,16,73.93,0.073930
2025-07-26,35,17,81.6,0.081600
2025-07-26,36,17,80.42,0.080420
2025-07-26,37,18,84.66,0.084660
2025-07-26,38,18,82.59,0.082590
2025-07-26,39,19,84.49,0.084490
2025-07-26,40,19,89.65,0.089650
2025-07-26,41,20,92.65,0.092650
2025-07-26,42,20,90.26,0.090260
2025-07-26,43,21,85.66,0.085660
2025-07-26,44,21,82.91,0.082910
2025-07-26,45,22,77.92,0.077920
2025-07-26,46,22,75.9,0.075900
2025-07-26,47,23,68.87,0.068870
2025-07-26,48,23,71.9,0.071900
2025-07-27,1,0,77.33,0.077330
2025-07-27,2,0,76.13,0.076130
2025-07-27,3,1,79.6,0.079600
2025-07-27,4,1,78.19,0.078190
2025-07-27,5,2,78.26,0.078260
2025-07-27,6,2,75.85,0.075850
2025-07-27,7,3,75.33,0.075330
2025-07-27,8,3,71.76,0.071760
2025-07-27,9,4,74.11,0.074110
2025-07-27,10,4,77.31,0.077310
2025-07-27,11,5,74.49,0.074490
2025-07-27,12,5,73.64,0.073640
2025-07-27,13,6,74.76,0.074760
2025-07-27,14,6,75.5,0.075500
2025-07-27,15,7,80.21,0.080210
2025-07-27,16,7,83.24,0.083240
2025-07-27,17,8,76.15,0.076150
2025-07-27,18,8,80.45,0.080450
2025-07-27,19,9,85.55,0.085550
2025-07-27,20,9,86.56,0.086560
2025-07-27,21,10,90.04,0.090040
2025-07-27,22,10,91.38,0.091380
2025-07-27,23,11,92.97,0.092970
2025-07-27,24,11,93.93,0.093930
2025-07-27,25,12,93.82,0.093820
2025-07-27,26,12,92.64,0.092640
2025-07-27,27,13,89.28,0.089280
2025-07-27,28,13,86.86,0.086860
2025-07-27,29,14,86.16,0.086160
2025-07-27,30,14,81.76,0.081760
2025-07-27,31,15,83.43,0.083430
2025-07-27,32,15,84.8,0.084800
2025-07-27,33,16,83.48,0.083480
2025-07-27,34,16,82.66,0.082660
2025-07-27,35,17,88.76,0.088760
2025-07-27,36,17,84.93,0.084930
2025-07-27,37,18,87.16,0.087160
2025-07-27,38,18,92.66,0.092660
2025-07-27,39,19,92.0,0.092000
2025-07-27,40,19,89.87,0.089870
2025-07-27,41,20,91.68,0.091680
2025-07-27,42,20,86.57,0.086570
2025-07-27,43,21,92.78,0.092780
2025-07-27,44,21,88.77,0.088770
2025-07-27,45,22,87.97,0.087970
2025-07-27,46,22,84.57,0.084570
2025-07-27,47,23,72.15,0.072150
2025-07-27,48,23,71.0,0.071000
2025-07-28,1,0,76.17,0.076170
2025-07-28,2,0,76.42,0.076420
2025-07-28,3,1,74.2,0.074200
2025-07-28,4,1,70.56,0.070560
2025-07-28,5,2,70.19,0.070190
2025-07-28,6,2,67.8,0.067800
2025-07-28,7,3,67.41,0.067410
2025-07-28,8,3,66.32,0.066320
2025-07-28,9,4,69.96,0.069960
2025-07-28,10,4,68.1,0.068100
2025-07-28,11,5,73.48,0.073480
2025-07-28,12,5,71.86,0.071860
2025-07-28,13,6,74.04,0.074040
2025-07-28,14,6,83.72,0.083720
2025-07-28,15,7,79.84,0.079840
2025-07-28,16,7,83.27,0.083270
2025-07-28,17,8,83.45,0.083450
2025-07-28,18,8,81.1,0.081100
2025-07-28,19,9,78.64,0.078640
2025-07-28,20,9,79.04,0.079040
2025-07-28,21,10,76.99,0.076990
2025-07-28,22,10,67.53,0.067530
2025-07-28,23,11,66.44,0.066440
2025-07-28,24,11,72.82,0.072820
2025-07-28,25,12,81.42,0.081420
2025-07-28,26,12,85.2,0.085200
2025-07-28,27,13,87.31,0.087310
2025-07-28,28,13,84.98,0.084980
2025-07-28,29,14,86.77,0.086770
2025-07-28,30,14,86.86,0.086860
2025-07-28,31,15,84.58,0.084580
2025-07-28,32,15,77.98,0.077980
2025-07-28,33,16,76.26,0.076260
2025-07-28,34,16,77.15,0.077150
2025-07-28,35,17,75.38,0.075380
2025-07-28,36,17,74.27,0.074270
2025-07-28,37,18,81.34,0.081340
2025-07-28,38,18,92.41,0.092410
2025-07-28,39,19,91.97,0.091970
2025-07-28,40,19,91.21,0.091210
2025-07-28,41,20,91.71,0.091710
2025-07-28,42,20,90.55,0.090550
2025-07-28,43,21,87.64,0.087640
2025-07-28,44,21,82.38,0.082380
2025-07-28,45,22,80.88,0.080880
2025-07-28,46,22,78.16,0.078160
2025-07-28,47,23,73.88,0.073880
2025-07-28,48,23,71.36,0.071360
2025-07-29,1,0,70.63,0.070630
2025-07-29,2,0,69.55,0.069550
2025-07-29,3,1,67.99,0.067990
2025-07-29,4,1,67.8,0.067800
2025-07-29,5,2,67.28,0.067280
2025-07-29,6,2,69.0,0.069000
2025-07-29,7,3,66.22,0.066220
2025-07-29,8,3,66.33,0.066330
2025-07-29,9,4,68.38,0.068380
2025-07-29,10,4,66.96,0.066960
2025-07-29,11,5,74.31,0.074310
2025-07-29,12,5,81.39,0.081390
2025-07-29,13,6,78.02,0.078020
2025-07-29,14,6,80.95,0.080950
2025-07-29,15,7,72.99,0.072990
2025-07-29,16,7,79.89,0.079890
2025-07-29,17,8,88.19,0.088190
2025-07-29,18,8,93.75,0.093750
2025-07-29,19,9,88.47,0.088470
2025-07-29,20,9,88.4,0.088400
2025-07-29,21,10,90.71,0.090710
2025-07-29,22,10,84.14,0.084140
2025-07-29,23,11,79.88,0.079880
2025-07-29,24,11,76.41,0.076410
2025-07-29,25,12,75.93,0.075930
2025-07-29,26,12,75.07,0.075070
2025-07-29,27,13,77.68,0.077680
2025-07-29,28,13,74.07,0.074070
2025-07-29,29,14,73.61,0.073610
2025-07-29,30,14,73.6,0.073600
2025-07-29,31,15,71.95,0.071950
2025-07-29,32,15,73.25,0.073250
2025-07-29,33,16,72.61,0.072610
2025-07-29,34,16,73.88,0.073880
2025-07-29,35,17,87.58,0.087580
2025-07-29,36,17,94.91,0.094910
2025-07-29,37,18,98.43,0.098430
2025-07-29,38,18,102.59,0.102590
2025-07-29,39,19,111.49,0.111490
2025-07-29,40,19,110.32,0.110320
2025-07-29,41,20,105.82,0.105820
2025-07-29,42,20,103.4,0.103400
2025-07-29,43,21,102.93,0.102930
2025-07-29,44,21,92.5,0.092500
2025-07-29,45,22,92.58,0.092580
2025-07-29,46,22,92.43,0.092430
2025-07-29,47,23,82.38,0.082380
2025-07-29,48,23,79.1,0.079100
2025-07-30,1,0,73.9,0.073900
2025-07-30,2,0,71.73,0.071730
2025-07-30,3,1,69.91,0.069910
2025-07-30,4,1,69.89,0.069890
2025-07-30,5,2,71.67,0.071670
2025-07-30,6,2,72.21,0.072210
2025-07-30,7,3,70.89,0.070890
2025-07-30,8,3,69.34,0.069340
2025-07-30,9,4,69.44,0.069440
2025-07-30,10,4,69.07,0.069070
2025-07-30,11,5,71.01,0.071010
2025-07-30,12,5,72.72,0.072720
2025-07-30,13,6,80.14,0.080140
2025-07-30,14,6,98.36,0.098360
2025-07-30,15,7,79.48,0.079480
2025-07-30,16,7,84.75,0.084750
2025-07-30,17,8,83.11,0.083110
2025-07-30,18,8,83.67,0.083670
2025-07-30,19,9,85.45,0.085450
2025-07-30,20,9,83.95,0.083950
2025-07-30,21,10,78.57,0.078570
2025-07-30,22,10,74.4,0.074400
2025-07-30,23,11,73.05,0.073050
2025-07-30,24,11,75.26,0.075260
2025-07-30,25,12,81.72,0.081720
2025-07-30,26,12,81.7,0.081700
2025-07-30,27,13,78.19,0.078190
2025-07-30,28,13,76.22,0.076220
2025-07-30,29,14,73.59,0.073590
2025-07-30,30,14,75.66,0.075660
2025-07-30,31,15,70.46,0.070460
2025-07-30,32,15,75.62,0.075620
2025-07-30,33,16,73.59,0.073590
2025-07-30,34,16,73.4,0.073400
2025-07-30,35,17,77.97,0.077970
2025-07-30,36,17,82.65,0.082650
2025-07-30,37,18,90.57,0.090570
2025-07-30,38,18,90.54,0.090540
2025-07-30,39,19,100.5,0.100500
2025-07-30,40,19,100.64,0.100640
2025-07-30,41,20,97.56,0.097560
2025-07-30,42,20,98.5,0.098500
2025-07-30,43,21,89.24,0.089240
2025-07-30,44,21,86.28,0.086280
2025-07-30,45,22,86.09,0.086090
2025-07-30,46,22,88.14,0.088140
2025-07-30,47,23,77.86,0.077860
2025-07-30,48,23,77.69,0.077690
2025-07-31,1,0,77.45,0.077450
2025-07-31,2,0,73.41,0.073410
2025-07-31,3,1,70.36,0.070360
2025-07-31,4,1,68.34,0.068340
2025-07-31,5,2,71.68,0.071680
2025-07-31,6,2,70.87,0.070870
2025-07-31,7,3,70.89,0.070890
2025-07-31,8,3,70.78,0.070780
2025-07-31,9,4,69.88,0.069880
2025-07-31,10,4,68.63,0.068630
2025-07-31,11,5,83.12,0.083120
2025-07-31,12,5,85.62,0.085620
2025-07-31,13,6,80.28,0.080280
2025-07-31,14,6,96.33,0.096330
2025-07-31,15,7,73.83,0.073830
2025-07-31,16,7,92.25,0.092250
2025-07-31,17,8,90.44,0.090440
2025-07-31,18,8,90.13,0.090130
2025-07-31,19,9,88.05,0.088050
2025-07-31,20,9,87.46,0.087460
2025-07-31,21,10,81.17,0.081170
2025-07-31,22,10,77.94,0.077940
2025-07-31,23,11,76.11,0.076110
2025-07-31,24,11,69.76,0.069760
2025-07-31,25,12,78.41,0.078410
2025-07-31,26,12,70.02,0.070020
2025-07-31,27,13,66.3,0.066300
2025-07-31,28,13,64.67,0.064670
2025-07-31,29,14,66.73,0.066730
2025-07-31,30,14,68.56,0.068560
2025-07-31,31,15,77.13,0.077130
2025-07-31,32,15,74.55,0.074550
2025-07-31,33,16,74.54,0.074540
2025-07-31,34,16,81.13,0.081130
2025-07-31,35,17,87.52,0.087520
2025-07-31,36,17,91.57,0.091570
2025-07-31,37,18,98.32,0.098320
2025-07-31,38,18,99.82,0.099820
2025-07-31,39,19,108.98,0.108980
2025-07-31,40,19,108.43,0.108430
2025-07-31,41,20,108.98,0.108980
2025-07-31,42,20,105.69,0.105690
2025-07-31,43,21,93.68,0.093680
2025-07-31,44,21,91.17,0.091170
2025-07-31,45,22,91.8,0.091800
2025-07-31,46,22,86.12,0.086120
2025-07-31,47,23,92.91,0.092910
2025-07-31,48,23,93.71,0.093710
2025-08-01,1,0,80.81,0.080810
2025-08-01,2,0,76.25,0.076250
2025-08-01,3,1,82.08,0.082080
2025-08-01,4,1,79.55,0.079550
2025-08-01,5,2,86.61,0.086610
2025-08-01,6,2,84.99,0.084990
2025-08-01,7,3,92.38,0.092380
2025-08-01,8,3,89.49,0.089490
2025-08-01,9,4,91.12,0.091120
2025-08-01,10,4,84.35,0.084350
2025-08-01,11,5,85.73,0.085730
2025-08-01,12,5,90.45,0.090450
2025-08-01,13,6,97.98,0.097980
2025-08-01,14,6,100.9,0.100900
2025-08-01,15,7,90.07,0.090070
2025-08-01,16,7,98.78,0.098780
2025-08-01,17,8,87.89,0.087890
2025-08-01,18,8,88.7,0.088700
2025-08-01,19,9,81.33,0.081330
2025-08-01,20,9,70.72,0.070720
2025-08-01,21,10,76.58,0.076580
2025-08-01,22,10,71.37,0.071370
2025-08-01,23,11,74.49,0.074490
2025-08-01,24,11,74.77,0.074770
2025-08-01,25,12,76.18,0.076180
2025-08-01,26,12,75.81,0.075810
2025-08-01,27,13,74.45,0.074450
2025-08-01,28,13,65.99,0.065990
2025-08-01,29,14,61.06,0.061060
2025-08-01,30,14,48.74,0.048740
2025-08-01,31,15,41.26,0.041260
2025-08-01,32,15,38.66,0.038660
2025-08-01,33,16,50.26,0.050260
2025-08-01,34,16,57.4,0.057400
2025-08-01,35,17,64.13,0.064130
2025-08-01,36,17,76.22,0.076220
2025-08-01,37,18,85.83,0.085830
2025-08-01,38,18,88.64,0.088640
2025-08-01,39,19,100.21,0.100210
2025-08-01,40,19,100.96,0.100960
2025-08-01,41,20,97.78,0.097780
2025-08-01,42,20,98.04,0.098040
2025-08-01,43,21,95.86,0.095860
2025-08-01,44,21,95.44,0.095440
2025-08-01,45,22,94.79,0.094790
2025-08-01,46,22,84.29,0.084290
2025-08-01,47,23,77.52,0.077520
2025-08-01,48,23,77.63,0.077630
2025-08-02,1,0,77.67,0.077670
2025-08-02,2,0,71.33,0.071330
2025-08-02,3,1,70.59,0.070590
2025-08-02,4,1,71.76,0.071760
2025-08-02,5,2,65.62,0.065620
2025-08-02,6,2,58.72,0.058720
2025-08-02,7,3,47.45,0.047450
2025-08-02,8,3,42.5,0.042500
2025-08-02,9,4,41.42,0.041420
2025-08-02,10,4,43.1,0.043100
2025-08-02,11,5,46.27,0.046270
2025-08-02,12,5,50.04,0.050040
2025-08-02,13,6,49.11,0.049110
2025-08-02,14,6,53.45,0.053450
2025-08-02,15,7,50.87,0.050870
2025-08-02,16,7,52.57,0.052570
2025-08-02,17,8,51.53,0.051530
2025-08-02,18,8,48.86,0.048860
2025-08-02,19,9,47.97,0.047970
2025-08-02,20,9,40.02,0.040020
2025-08-02,21,10,36.9,0.036900
2025-08-02,22,10,35.96,0.035960
2025-08-02,23,11,36.57,0.036570
2025-08-02,24,11,34.6,0.034600
2025-08-02,25,12,30.88,0.030880
2025-08-02,26,12,26.81,0.026810
2025-08-02,27,13,26.26,0.026260
2025-08-02,28,13,26.79,0.026790
2025-08-02,29,14,27.69,0.027690
2025-08-02,30,14,29.19,0.029190
2025-08-02,31,15,26.18,0.026180
2025-08-02,32,15,26.12,0.026120
2025-08-02,33,16,32.1,0.032100
2025-08-02,34,16,42.14,0.042140
2025-08-02,35,17,64.24,0.064240
2025-08-02,36,17,71.22,0.071220
2025-08-02,37,18,73.46,0.073460
2025-08-02,38,18,79.7,0.079700
2025-08-02,39,19,89.58,0.089580
2025-08-02,40,19,89.75,0.089750
2025-08-02,41,20,90.75,0.090750
2025-08-02,42,20,91.63,0.091630
2025-08-02,43,21,91.21,0.091210
2025-08-02,44,21,84.13,0.084130
2025-08-02,45,22,82.03,0.082030
2025-08-02,46,22,79.13,0.079130
2025-08-02,47,23,78.72,0.078720
2025-08-02,48,23,80.57,0.080570
2025-08-03,1,0,77.44,0.077440
2025-08-03,2,0,66.49,0.066490
2025-08-03,3,1,57.25,0.057250
2025-08-03,4,1,45.76,0.045760
2025-08-03,5,2,47.56,0.047560
2025-08-03,6,2,43.26,0.043260
2025-08-03,7,3,29.8,0.029800
2025-08-03,8,3,28.92,0.028920
2025-08-03,9,4,31.47,0.031470
2025-08-03,10,4,32.4,0.032400
2025-08-03,11,5,31.39,0.031390
2025-08-03,12,5,28.73,0.028730
2025-08-03,13,6,20.63,0.020630
2025-08-03,14,6,17.16,0.017160
2025-08-03,15,7,10.11,0.010110
2025-08-03,16,7,10.77,0.010770
2025-08-03,17,8,15.27,0.015270
2025-08-03,18,8,14.01,0.014010
2025-08-03,19,9,7.91,0.007910
2025-08-03,20,9,2.06,0.002060
2025-08-03,21,10,6.88,0.006880
2025-08-03,22,10,9.58,0.009580
2025-08-03,23,11,15.62,0.015620
2025-08-03,24,11,17.33,0.017330
2025-08-03,25,12,10.38,0.010380
2025-08-03,26,12,17.27,0.017270
2025-08-03,27,13,19.96,0.019960
2025-08-03,28,13,27.38,0.027380
2025-08-03,29,14,35.19,0.035190
2025-08-03,30,14,22.97,0.022970
2025-08-03,31,15,26.73,0.026730
2025-08-03,32,15,21.13,0.021130
2025-08-03,33,16,18.11,0.018110
2025-08-03,34,16,41.98,0.041980
2025-08-03,35,17,71.6,0.071600
2025-08-03,36,17,85.05,0.085050
2025-08-03,37,18,84.95,0.084950
2025-08-03,38,18,87.06,0.087060
2025-08-03,39,19,97.44,0.097440
2025-08-03,40,19,104.1,0.104100
2025-08-03,41,20,105.46,0.105460
2025-08-03,42,20,106.86,0.106860
2025-08-03,43,21,107.17,0.107170
2025-08-03,44,21,109.44,0.109440
2025-08-03,45,22,111.69,0.111690
2025-08-03,46,22,109.13,0.109130
2025-08-03,47,23,107.15,0.107150
2025-08-03,48,23,93.86,0.093860
2025-08-04,1,0,90.72,0.090720
2025-08-04,2,0,93.45,0.093450
2025-08-04,3,1,91.55,0.091550
2025-08-04,4,1,85.03,0.085030
2025-08-04,5,2,84.96,0.084960
2025-08-04,6,2,81.15,0.081150
2025-08-04,7,3,68.38,0.068380
2025-08-04,8,3,58.97,0.058970
2025-08-04,9,4,73.61,0.073610
2025-08-04,10,4,58.83,0.058830
2025-08-04,11,5,55.7,0.055700
2025-08-04,12,5,42.72,0.042720
2025-08-04,13,6,57.94,0.057940
2025-08-04,14,6,58.4,0.058400
2025-08-04,15,7,48.22,0.048220
2025-08-04,16,7,53.04,0.053040
2025-08-04,17,8,52.63,0.052630
2025-08-04,18,8,44.96,0.044960
2025-08-04,19,9,27.28,0.027280
2025-08-04,20,9,11.92,0.011920
2025-08-04,21,10,7.18,0.007180
2025-08-04,22,10,5.86,0.005860
2025-08-04,23,11,5.81,0.005810
2025-08-04,24,11,13.27,0.013270
2025-08-04,27,13,3.44,0.003440
2025-08-04,28,13,4.64,0.004640
2025-08-04,31,15,3.92,0.003920
2025-08-04,32,15,2.81,0.002810
2025-08-04,33,16,4.68,0.004680
2025-08-04,34,16,5.72,0.005720
2025-08-04,35,17,17.56,0.017560
2025-08-04,36,17,22.14,0.022140
2025-08-04,37,18,47.51,0.047510
2025-08-04,38,18,52.77,0.052770
2025-08-04,39,19,54.18,0.054180
2025-08-04,40,19,58.52,0.058520
2025-08-04,41,20,46.48,0.046480
2025-08-04,42,20,46.32,0.046320
2025-08-04,43,21,49.41,0.049410
2025-08-04,44,21,40.79,0.040790
2025-08-04,45,22,44.22,0.044220
2025-08-04,46,22,19.34,0.019340
2025-08-05,17,8,6.78,0.006780
2025-08-05,18,8,6.65,0.006650
2025-08-05,19,9,1.3,0.001300
2025-08-05,20,9,7.38,0.007380
2025-08-05,21,10,2.31,0.002310
2025-08-05,22,10,8.07,0.008070
2025-08-05,23,11,6.37,0.006370
2025-08-05,26,12,1.4,0.001400
2025-08-05,27,13,10.18,0.010180
2025-08-05,28,13,10.49,0.010490
2025-08-05,29,14,6.81,0.006810
2025-08-05,30,14,12.43,0.012430
2025-08-05,31,15,15.01,0.015010
2025-08-05,32,15,26.01,0.026010
2025-08-05,33,16,27.16,0.027160
2025-08-05,34,16,24.36,0.024360
2025-08-05,35,17,14.84,0.014840
2025-08-05,36,17,19.86,0.019860
2025-08-05,37,18,57.22,0.057220
2025-08-05,38,18,66.96,0.066960
2025-08-05,39,19,79.28,0.079280
2025-08-05,40,19,86.12,0.086120
2025-08-05,41,20,89.22,0.089220
2025-08-05,42,20,89.59,0.089590
2025-08-05,43,21,90.73,0.090730
2025-08-05,44,21,86.32,0.086320
2025-08-05,45,22,76.8,0.076800
2025-08-05,46,22,77.04,0.077040
2025-08-05,47,23,81.17,0.081170
2025-08-05,48,23,68.04,0.068040
2025-08-06,1,0,34.7,0.034700
2025-08-06,2,0,31.96,0.031960
2025-08-06,3,1,25.06,0.025060
2025-08-06,4,1,23.18,0.023180
2025-08-06,5,2,19.93,0.019930
2025-08-06,6,2,19.36,0.019360
2025-08-06,7,3,18.89,0.018890
2025-08-06,8,3,18.17,0.018170
2025-08-06,9,4,13.75,0.013750
2025-08-06,10,4,17.76,0.017760
2025-08-06,11,5,23.16,0.023160
2025-08-06,12,5,33.71,0.033710
2025-08-06,13,6,49.74,0.049740
2025-08-06,14,6,65.12,0.065120
2025-08-06,15,7,60.9,0.060900
2025-08-06,16,7,74.93,0.074930
2025-08-06,17,8,67.48,0.067480
2025-08-06,18,8,60.23,0.060230
2025-08-06,19,9,57.71,0.057710
2025-08-06,20,9,52.63,0.052630
2025-08-06,21,10,49.61,0.049610
2025-08-06,22,10,47.1,0.047100
2025-08-06,23,11,41.67,0.041670
2025-08-06,24,11,39.88,0.039880
2025-08-06,25,12,40.9,0.040900
2025-08-06,26,12,42.02,0.042020
2025-08-06,27,13,42.16,0.042160
2025-08-06,28,13,42.39,0.042390
2025-08-06,29,14,39.36,0.039360
2025-08-06,30,14,41.69,0.041690
2025-08-06,31,15,45.72,0.045720
2025-08-06,32,15,47.2,0.047200
2025-08-06,33,16,48.88,0.048880
2025-08-06,34,16,53.17,0.053170
2025-08-06,35,17,67.96,0.067960
2025-08-06,36,17,68.44,0.068440
2025-08-06,37,18,93.52,0.093520
2025-08-06,38,18,94.43,0.094430
2025-08-06,39,19,111.41,0.111410
2025-08-06,40,19,110.85,0.110850
2025-08-06,41,20,109.57,0.109570
2025-08-06,42,20,107.38,0.107380
2025-08-06,43,21,101.23,0.101230
2025-08-06,44,21,89.37,0.089370
2025-08-06,45,22,94.54,0.094540
2025-08-06,46,22,87.22,0.087220
2025-08-06,47,23,86.46,0.086460
2025-08-06,48,23,90.4,0.090400
2025-08-07,1,0,87.44,0.087440
2025-08-07,2,0,69.43,0.069430
2025-08-07,3,1,54.38,0.054380
2025-08-07,4,1,36.77,0.036770
2025-08-07,5,2,37.35,0.037350
2025-08-07,6,2,30.69,0.030690
2025-08-07,7,3,24.26,0.024260
2025-08-07,8,3,21.26,0.021260
2025-08-07,9,4,22.09,0.022090
2025-08-07,10,4,31.15,0.031150
2025-08-07,11,5,57.33,0.057330
2025-08-07,12,5,69.05,0.069050
2025-08-07,13,6,69.45,0.069450
2025-08-07,14,6,80.94,0.080940
2025-08-07,15,7,82.08,0.082080
2025-08-07,16,7,85.17,0.085170
2025-08-07,17,8,65.91,0.065910
2025-08-07,18,8,66.17,0.066170
2025-08-07,19,9,28.6,0.028600
2025-08-07,20,9,23.34,0.023340
2025-08-07,21,10,19.95,0.019950
2025-08-07,22,10,15.33,0.015330
2025-08-07,23,11,0.74,0.000740
2025-08-07,31,15,12.14,0.012140
2025-08-07,32,15,26.6,0.026600
2025-08-07,33,16,53.46,0.053460
2025-08-07,34,16,63.87,0.063870
2025-08-07,35,17,88.69,0.088690
2025-08-07,36,17,86.81,0.086810
2025-08-07,37,18,92.71,0.092710
2025-08-07,38,18,94.81,0.094810
2025-08-07,39,19,106.78,0.106780
2025-08-07,40,19,108.7,0.108700
2025-08-07,41,20,106.76,0.106760
2025-08-07,42,20,105.18,0.105180
2025-08-07,43,21,87.67,0.087670
2025-08-07,44,21,85.49,0.085490
2025-08-07,45,22,84.43,0.084430
2025-08-07,46,22,81.28,0.081280
2025-08-07,47,23,79.39,0.079390
2025-08-07,48,23,90.32,0.090320
2025-08-08,1,0,87.25,0.087250
2025-08-08,2,0,88.04,0.088040
2025-08-08,3,1,87.25,0.087250
2025-08-08,4,1,79.18,0.079180
2025-08-08,5,2,78.5,0.078500
2025-08-08,6,2,78.77,0.078770
2025-08-08,7,3,86.35,0.086350
2025-08-08,8,3,78.9,0.078900
2025-08-08,9,4,82.52,0.082520
2025-08-08,10,4,81.28,0.081280
2025-08-08,11,5,96.41,0.096410
2025-08-08,12,5,96.05,0.096050
2025-08-08,13,6,100.78,0.100780
2025-08-08,14,6,104.89,0.104890
2025-08-08,15,7,99.47,0.099470
2025-08-08,16,7,100.65,0.100650
2025-08-08,17,8,92.86,0.092860
2025-08-08,18,8,87.03,0.087030
2025-08-08,19,9,81.91,0.081910
2025-08-08,20,9,67.65,0.067650
2025-08-08,21,10,50.58,0.050580
2025-08-08,22,10,53.3,0.053300
2025-08-08,23,11,31.16,0.031160
2025-08-08,24,11,24.24,0.024240
2025-08-08,25,12,21.71,0.021710
2025-08-08,26,12,19.24,0.019240
2025-08-08,27,13,17.24,0.017240
2025-08-08,28,13,16.3,0.016300
2025-08-08,29,14,28.79,0.028790
2025-08-08,30,14,27.48,0.027480
2025-08-08,31,15,35.03,0.035030
2025-08-08,32,15,44.29,0.044290
2025-08-08,33,16,58.67,0.058670
2025-08-08,34,16,71.59,0.071590
2025-08-08,35,17,84.35,0.084350
2025-08-08,36,17,86.71,0.086710
2025-08-08,37,18,88.1,0.088100
2025-08-08,38,18,90.67,0.090670
2025-08-08,39,19,102.59,0.102590
2025-08-08,40,19,103.09,0.103090
2025-08-08,41,20,99.89,0.099890
2025-08-08,42,20,95.98,0.095980
2025-08-08,43,21,91.99,0.091990
2025-08-08,44,21,87.8,0.087800
2025-08-08,45,22,86.65,0.086650
2025-08-08,46,22,81.36,0.081360
2025-08-08,47,23,78.69,0.078690
2025-08-08,48,23,81.06,0.081060
2025-08-09,1,0,76.9,0.076900
2025-08-09,2,0,69.5,0.069500
2025-08-09,3,1,62.49,0.062490
2025-08-09,4,1,59.64,0.059640
2025-08-09,5,2,63.04,0.063040
2025-08-09,6,2,57.94,0.057940
2025-08-09,7,3,63.03,0.063030
2025-08-09,8,3,58.93,0.058930
2025-08-09,9,4,57.53,0.057530
2025-08-09,10,4,53.44,0.053440
2025-08-09,11,5,61.65,0.061650
2025-08-09,12,5,61.55,0.061550
2025-08-09,13,6,54.36,0.054360
2025-08-09,14,6,57.88,0.057880
2025-08-09,15,7,62.02,0.062020
2025-08-09,16,7,64.48,0.064480
2025-08-09,17,8,41.19,0.041190
2025-08-09,18,8,36.03,0.036030
2025-08-09,19,9,21.66,0.021660
2025-08-09,20,9,13.0,0.013000
2025-08-09,21,10,9.17,0.009170
2025-08-09,22,10,8.72,0.008720
2025-08-09,34,16,17.52,0.017520
2025-08-09,35,17,54.28,0.054280
2025-08-09,36,17,81.32,0.081320
2025-08-09,37,18,74.56,0.074560
2025-08-09,38,18,82.19,0.082190
2025-08-09,39,19,90.4,0.090400
2025-08-09,40,19,92.51,0.092510
2025-08-09,41,20,91.5,0.091500
2025-08-09,42,20,93.69,0.093690
2025-08-09,43,21,95.76,0.095760
2025-08-09,44,21,97.19,0.097190
2025-08-09,45,22,90.33,0.090330
2025-08-09,46,22,79.8,0.079800
2025-08-09,47,23,65.59,0.065590
2025-08-09,48,23,67.35,0.067350
2025-08-10,1,0,73.49,0.073490
2025-08-10,2,0,78.17,0.078170
2025-08-10,3,1,75.44,0.075440
2025-08-10,4,1,78.09,0.078090
2025-08-10,5,2,80.07,0.080070
2025-08-10,6,2,78.58,0.078580
2025-08-10,7,3,74.64,0.074640
2025-08-10,8,3,75.92,0.075920
2025-08-10,9,4,78.34,0.078340
2025-08-10,10,4,78.78,0.078780
2025-08-10,11,5,86.99,0.086990
2025-08-10,12,5,88.64,0.088640
2025-08-10,13,6,90.4,0.090400
2025-08-10,14,6,91.28,0.091280
2025-08-10,15,7,92.86,0.092860
2025-08-10,16,7,89.46,0.089460
2025-08-10,17,8,92.04,0.092040
2025-08-10,18,8,91.08,0.091080
2025-08-10,19,9,84.91,0.084910
2025-08-10,20,9,78.81,0.078810
2025-08-10,21,10,81.08,0.081080
2025-08-10,22,10,74.28,0.074280
2025-08-10,23,11,59.6,0.059600
2025-08-10,24,11,50.15,0.050150
2025-08-10,25,12,46.45,0.046450
2025-08-10,26,12,44.68,0.044680
2025-08-10,27,13,38.49,0.038490
2025-08-10,28,13,37.22,0.037220
2025-08-10,29,14,36.2,0.036200
2025-08-10,30,14,30.73,0.030730
2025-08-10,31,15,31.73,0.031730
2025-08-10,32,15,36.02,0.036020
2025-08-10,33,16,51.54,0.051540
2025-08-10,34,16,69.0,0.069000
2025-08-10,35,17,85.97,0.085970
2025-08-10,36,17,90.95,0.090950
2025-08-10,37,18,92.87,0.092870
2025-08-10,38,18,93.63,0.093630
2025-08-10,39,19,106.27,0.106270
2025-08-10,40,19,103.97,0.103970
2025-08-10,41,20,100.16,0.100160
2025-08-10,42,20,103.29,0.103290
2025-08-10,43,21,89.98,0.089980
2025-08-10,44,21,89.28,0.089280
2025-08-10,45,22,93.48,0.093480
2025-08-10,46,22,85.9,0.085900
2025-08-10,47,23,81.13,0.081130
2025-08-10,48,23,80.91,0.080910
2025-08-11,1,0,82.48,0.082480
2025-08-11,2,0,76.57,0.076570
2025-08-11,3,1,75.49,0.075490
2025-08-11,4,1,73.74,0.073740
2025-08-11,5,2,74.54,0.074540
2025-08-11,6,2,73.67,0.073670
2025-08-11,7,3,73.22,0.073220
2025-08-11,8,3,68.15,0.068150
2025-08-11,9,4,76.33,0.076330
2025-08-11,10,4,73.75,0.073750
2025-08-11,11,5,82.58,0.082580
2025-08-11,12,5,83.05,0.083050
2025-08-11,13,6,81.27,0.081270
2025-08-11,14,6,87.5,0.087500
2025-08-11,15,7,74.55,0.074550
2025-08-11,16,7,88.71,0.088710
2025-08-11,17,8,71.18,0.071180
2025-08-11,18,8,71.02,0.071020
2025-08-11,19,9,69.82,0.069820
2025-08-11,20,9,69.84,0.069840
2025-08-11,21,10,68.2,0.068200
2025-08-11,22,10,67.57,0.067570
2025-08-11,23,11,70.25,0.070250
2025-08-11,24,11,71.23,0.071230
2025-08-11,25,12,75.41,0.075410
2025-08-11,26,12,71.49,0.071490
2025-08-11,27,13,75.9,0.075900
2025-08-11,28,13,77.01,0.077010
2025-08-11,29,14,78.15,0.078150
2025-08-11,30,14,79.91,0.079910
2025-08-11,31,15,84.54,0.084540
2025-08-11,32,15,85.49,0.085490
2025-08-11,33,16,84.77,0.084770
2025-08-11,34,16,85.93,0.085930
2025-08-11,35,17,112.24,0.112240
2025-08-11,36,17,122.68,0.122680
2025-08-11,37,18,139.86,0.139860
2025-08-11,38,18,137.46,0.137460
2025-08-11,39,19,154.67,0.154670
2025-08-11,40,19,148.76,0.148760
2025-08-11,41,20,113.72,0.113720
2025-08-11,42,20,109.68,0.109680
2025-08-11,43,21,94.25,0.094250
2025-08-11,44,21,92.32,0.092320
2025-08-11,45,22,92.24,0.092240
2025-08-11,46,22,86.15,0.086150
2025-08-11,47,23,74.38,0.074380
2025-08-11,48,23,75.33,0.075330
2025-08-12,1,0,73.28,0.073280
2025-08-12,2,0,72.14,0.072140
2025-08-12,3,1,75.99,0.075990
2025-08-12,4,1,76.4,0.076400
2025-08-12,5,2,69.95,0.069950
2025-08-12,6,2,71.56,0.071560
2025-08-12,7,3,69.71,0.069710
2025-08-12,8,3,68.22,0.068220
2025-08-12,9,4,69.32,0.069320
2025-08-12,10,4,68.41,0.068410
2025-08-12,11,5,84.77,0.084770
2025-08-12,12,5,93.62,0.093620
2025-08-12,13,6,89.95,0.089950
2025-08-12,14,6,91.32,0.091320
2025-08-12,15,7,84.88,0.084880
2025-08-12,16,7,91.73,0.091730
2025-08-12,17,8,95.65,0.095650
2025-08-12,18,8,100.03,0.100030
2025-08-12,19,9,97.65,0.097650
2025-08-12,20,9,96.55,0.096550
2025-08-12,21,10,97.58,0.097580
2025-08-12,22,10,91.71,0.091710
2025-08-12,23,11,83.48,0.083480
2025-08-12,24,11,81.65,0.081650
2025-08-12,25,12,85.62,0.085620
2025-08-12,26,12,90.41,0.090410
2025-08-12,27,13,83.24,0.083240
2025-08-12,28,13,79.54,0.079540
2025-08-12,29,14,81.28,0.081280
2025-08-12,30,14,80.25,0.080250
2025-08-12,31,15,87.96,0.087960
2025-08-12,32,15,82.53,0.082530
2025-08-12,33,16,80.55,0.080550
2025-08-12,34,16,78.06,0.078060
2025-08-12,35,17,100.7,0.100700
2025-08-12,36,17,103.59,0.103590
2025-08-12,37,18,124.39,0.124390
2025-08-12,38,18,129.27,0.129270
2025-08-12,39,19,125.88,0.125880
2025-08-12,40,19,122.59,0.122590
2025-08-12,41,20,109.16,0.109160
2025-08-12,42,20,105.02,0.105020
2025-08-12,43,21,92.81,0.092810
2025-08-12,44,21,86.8,0.086800
2025-08-12,45,22,88.47,0.088470
2025-08-12,46,22,86.64,0.086640
2025-08-12,47,23,81.38,0.081380
2025-08-12,48,23,79.73,0.079730
2025-08-13,1,0,79.44,0.079440
2025-08-13,2,0,75.74,0.075740
2025-08-13,3,1,80.3,0.080300
2025-08-13,4,1,77.92,0.077920
2025-08-13,5,2,80.89,0.080890
2025-08-13,6,2,79.84,0.079840
2025-08-13,7,3,81.42,0.081420
2025-08-13,8,3,85.36,0.085360
2025-08-13,9,4,86.63,0.086630
2025-08-13,10,4,81.66,0.081660
2025-08-13,11,5,85.9,0.085900
2025-08-13,12,5,92.27,0.092270
2025-08-13,13,6,93.53,0.093530
2025-08-13,14,6,96.18,0.096180
2025-08-13,15,7,91.17,0.091170
2025-08-13,16,7,95.68,0.095680
2025-08-13,17,8,96.21,0.096210
2025-08-13,18,8,98.5,0.098500
2025-08-13,19,9,100.53,0.100530
2025-08-13,20,9,95.46,0.095460
2025-08-13,21,10,93.08,0.093080
2025-08-13,22,10,98.79,0.098790
2025-08-13,23,11,91.21,0.091210
2025-08-13,24,11,84.66,0.084660
2025-08-13,25,12,82.51,0.082510
2025-08-13,26,12,79.49,0.079490
2025-08-13,27,13,79.28,0.079280
2025-08-13,28,13,75.29,0.075290
2025-08-13,29,14,74.3,0.074300
2025-08-13,30,14,74.04,0.074040
2025-08-13,31,15,75.4,0.075400
2025-08-13,32,15,74.9,0.074900
2025-08-13,33,16,81.5,0.081500
2025-08-13,34,16,73.3,0.073300
2025-08-13,35,17,90.72,0.090720
2025-08-13,36,17,89.54,0.089540
2025-08-13,37,18,110.86,0.110860
2025-08-13,38,18,109.58,0.109580
2025-08-13,39,19,107.42,0.107420
2025-08-13,40,19,106.42,0.106420
2025-08-13,41,20,97.44,0.097440
2025-08-13,42,20,93.99,0.093990
2025-08-13,43,21,88.71,0.088710
2025-08-13,44,21,84.09,0.084090
2025-08-13,45,22,84.32,0.084320
2025-08-13,46,22,82.62,0.082620
2025-08-13,47,23,73.12,0.073120
2025-08-13,48,23,78.11,0.078110
2025-08-14,1,0,77.54,0.077540
2025-08-14,2,0,77.53,0.077530
2025-08-14,3,1,76.97,0.076970
2025-08-14,4,1,77.32,0.077320
2025-08-14,5,2,75.01,0.075010
2025-08-14,6,2,73.22,0.073220
2025-08-14,7,3,73.14,0.073140
2025-08-14,8,3,72.47,0.072470
2025-08-14,9,4,69.82,0.069820
2025-08-14,10,4,71.37,0.071370
2025-08-14,11,5,74.22,0.074220
2025-08-14,12,5,74.08,0.074080
2025-08-14,13,6,76.31,0.076310
2025-08-14,14,6,85.59,0.085590
2025-08-14,15,7,78.92,0.078920
2025-08-14,16,7,85.11,0.085110
2025-08-14,17,8,76.39,0.076390
2025-08-14,18,8,81.88,0.081880
2025-08-14,19,9,77.1,0.077100
2025-08-14,20,9,72.8,0.072800
2025-08-14,21,10,70.3,0.070300
2025-08-14,22,10,71.46,0.071460
2025-08-14,23,11,68.39,0.068390
2025-08-14,24,11,70.16,0.070160
2025-08-14,25,12,69.73,0.069730
2025-08-14,26,12,69.33,0.069330
2025-08-14,27,13,68.99,0.068990
2025-08-14,28,13,68.53,0.068530
2025-08-14,29,14,69.39,0.069390
2025-08-14,30,14,69.48,0.069480
2025-08-14,31,15,69.99,0.069990
2025-08-14,32,15,69.03,0.069030
2025-08-14,33,16,72.47,0.072470
2025-08-14,34,16,70.34,0.070340
2025-08-14,35,17,77.85,0.077850
2025-08-14,36,17,80.94,0.080940
2025-08-14,37,18,101.26,0.101260
2025-08-14,38,18,104.01,0.104010
2025-08-14,39,19,106.25,0.106250
2025-08-14,40,19,109.69,0.109690
2025-08-14,41,20,106.82,0.106820
2025-08-14,42,20,105.65,0.105650
2025-08-14,43,21,98.45,0.098450
2025-08-14,44,21,96.02,0.096020
2025-08-14,45,22,99.23,0.099230
2025-08-14,46,22,89.57,0.089570
2025-08-14,47,23,78.11,0.078110
2025-08-14,48,23,80.3,0.080300
2025-08-15,1,0,79.64,0.079640
2025-08-15,2,0,75.99,0.075990
2025-08-15,3,1,77.46,0.077460
2025-08-15,4,1,73.92,0.073920
2025-08-15,5,2,75.15,0.075150
2025-08-15,6,2,76.19,0.076190
2025-08-15,7,3,78.24,0.078240
2025-08-15,8,3,79.67,0.079670
2025-08-15,9,4,76.06,0.076060
2025-08-15,10,4,76.28,0.076280
2025-08-15,11,5,76.76,0.076760
2025-08-15,12,5,79.86,0.079860
2025-08-15,13,6,79.36,0.079360
2025-08-15,14,6,86.25,0.086250
2025-08-15,15,7,82.74,0.082740
2025-08-15,16,7,88.68,0.088680
2025-08-15,17,8,85.39,0.085390
2025-08-15,18,8,84.79,0.084790
2025-08-15,19,9,78.62,0.078620
2025-08-15,20,9,75.51,0.075510
2025-08-15,21,10,73.74,0.073740
2025-08-15,22,10,73.82,0.073820
2025-08-15,23,11,72.32,0.072320
2025-08-15,24,11,65.76,0.065760
2025-08-15,25,12,69.19,0.069190
2025-08-15,26,12,64.66,0.064660
2025-08-15,27,13,63.35,0.063350
2025-08-15,28,13,68.07,0.068070
2025-08-15,29,14,65.81,0.065810
2025-08-15,30,14,64.82,0.064820
2025-08-15,31,15,70.53,0.070530
2025-08-15,32,15,69.96,0.069960
2025-08-15,33,16,73.26,0.073260
2025-08-15,34,16,72.03,0.072030
2025-08-15,35,17,81.52,0.081520
2025-08-15,36,17,82.68,0.082680
2025-08-15,37,18,91.08,0.091080
2025-08-15,38,18,93.49,0.093490
2025-08-15,39,19,96.44,0.096440
2025-08-15,40,19,102.18,0.102180
2025-08-15,41,20,99.04,0.099040
2025-08-15,42,20,96.56,0.096560
2025-08-15,43,21,99.66,0.099660
2025-08-15,44,21,90.15,0.090150
2025-08-15,45,22,79.53,0.079530
2025-08-15,46,22,80.45,0.080450
2025-08-15,47,23,80.48,0.080480
2025-08-15,48,23,80.54,0.080540
2025-08-16,1,0,81.75,0.081750
2025-08-16,2,0,79.13,0.079130
2025-08-16,3,1,72.97,0.072970
2025-08-16,4,1,71.13,0.071130
2025-08-16,5,2,77.46,0.077460
2025-08-16,6,2,75.71,0.075710
2025-08-16,7,3,69.37,0.069370
2025-08-16,8,3,69.31,0.069310
2025-08-16,9,4,79.91,0.079910
2025-08-16,10,4,74.66,0.074660
2025-08-16,11,5,74.41,0.074410
2025-08-16,12,5,73.92,0.073920
2025-08-16,13,6,76.9,0.076900
2025-08-16,14,6,77.09,0.077090
2025-08-16,15,7,72.19,0.072190
2025-08-16,16,7,77.11,0.077110
2025-08-16,17,8,82.31,0.082310
2025-08-16,18,8,84.51,0.084510
2025-08-16,19,9,87.66,0.087660
2025-08-16,20,9,91.23,0.091230
2025-08-16,21,10,92.67,0.092670
2025-08-16,22,10,92.4,0.092400
2025-08-16,23,11,94.42,0.094420
2025-08-16,24,11,92.49,0.092490
2025-08-16,25,12,89.61,0.089610
2025-08-16,26,12,84.48,0.084480
2025-08-16,27,13,77.36,0.077360
2025-08-16,28,13,73.55,0.073550
2025-08-16,29,14,74.3,0.074300
2025-08-16,30,14,73.4,0.073400
2025-08-16,31,15,76.3,0.076300
2025-08-16,32,15,85.45,0.085450
2025-08-16,33,16,86.72,0.086720
2025-08-16,34,16,90.12,0.090120
2025-08-16,35,17,98.63,0.098630
2025-08-16,36,17,99.12,0.099120
2025-08-16,37,18,100.54,0.100540
2025-08-16,38,18,97.6,0.097600
2025-08-16,39,19,100.36,0.100360
2025-08-16,40,19,99.46,0.099460
2025-08-16,41,20,96.93,0.096930
2025-08-16,42,20,93.43,0.093430
2025-08-16,43,21,95.03,0.095030
2025-08-16,44,21,89.54,0.089540
2025-08-16,45,22,85.58,0.085580
2025-08-16,46,22,85.63,0.085630
2025-08-16,47,23,88.23,0.088230
2025-08-16,48,23,87.43,0.087430
2025-08-17,1,0,86.07,0.086070
2025-08-17,2,0,82.51,0.082510
2025-08-17,3,1,82.98,0.082980
2025-08-17,4,1,82.76,0.082760
2025-08-17,5,2,79.2,0.079200
2025-08-17,6,2,74.78,0.074780
2025-08-17,7,3,74.12,0.074120
2025-08-17,8,3,73.94,0.073940
2025-08-17,9,4,74.2,0.074200
2025-08-17,10,4,74.04,0.074040
2025-08-17,11,5,74.7,0.074700
2025-08-17,12,5,76.13,0.076130
2025-08-17,13,6,74.12,0.074120
2025-08-17,14,6,74.79,0.074790
2025-08-17,15,7,72.66,0.072660
2025-08-17,16,7,77.96,0.077960
2025-08-17,17,8,80.22,0.080220
2025-08-17,18,8,79.72,0.079720
2025-08-17,19,9,75.37,0.075370
2025-08-17,20,9,74.0,0.074000
2025-08-17,21,10,74.14,0.074140
2025-08-17,22,10,72.28,0.072280
2025-08-17,23,11,63.04,0.063040
2025-08-17,24,11,62.64,0.062640
2025-08-17,25,12,58.49,0.058490
2025-08-17,26,12,57.08,0.057080
2025-08-17,27,13,53.4,0.053400
2025-08-17,28,13,54.23,0.054230
2025-08-17,29,14,56.4,0.056400
2025-08-17,30,14,54.28,0.054280
2025-08-17,31,15,60.82,0.060820
2025-08-17,32,15,69.26,0.069260
2025-08-17,33,16,67.84,0.067840
2025-08-17,34,16,69.88,0.069880
2025-08-17,35,17,93.99,0.093990
2025-08-17,36,17,90.58,0.090580
2025-08-17,37,18,89.58,0.089580
2025-08-17,38,18,94.77,0.094770
2025-08-17,39,19,97.41,0.097410
2025-08-17,40,19,94.02,0.094020
2025-08-17,41,20,96.03,0.096030
2025-08-17,42,20,93.62,0.093620
2025-08-17,43,21,89.49,0.089490
2025-08-17,44,21,84.3,0.084300
2025-08-17,45,22,88.15,0.088150
2025-08-17,46,22,78.61,0.078610
2025-08-17,47,23,82.48,0.082480
2025-08-17,48,23,84.95,0.084950
2025-08-18,1,0,78.69,0.078690
2025-08-18,2,0,75.28,0.075280
2025-08-18,3,1,73.14,0.073140
2025-08-18,4,1,73.85,0.073850
2025-08-18,5,2,73.36,0.073360
2025-08-18,6,2,73.34,0.073340
2025-08-18,7,3,78.12,0.078120
2025-08-18,8,3,80.64,0.080640
2025-08-18,9,4,82.35,0.082350
2025-08-18,10,4,80.2,0.080200
2025-08-18,11,5,90.46,0.090460
2025-08-18,12,5,94.22,0.094220
2025-08-18,13,6,96.88,0.096880
2025-08-18,14,6,103.44,0.103440
2025-08-18,15,7,89.54,0.089540
2025-08-18,16,7,95.54,0.095540
2025-08-18,17,8,94.88,0.094880
2025-08-18,18,8,96.97,0.096970
2025-08-18,19,9,96.6,0.096600
2025-08-18,20,9,97.97,0.097970
2025-08-18,21,10,99.16,0.099160
2025-08-18,22,10,100.86,0.100860
2025-08-18,23,11,97.37,0.097370
2025-08-18,24,11,93.33,0.093330
2025-08-18,25,12,95.43,0.095430
2025-08-18,26,12,88.49,0.088490
2025-08-18,27,13,82.4,0.082400
2025-08-18,28,13,83.77,0.083770
2025-08-18,29,14,82.0,0.082000
2025-08-18,30,14,79.43,0.079430
2025-08-18,31,15,81.7,0.081700
2025-08-18,32,15,85.12,0.085120
2025-08-18,33,16,84.65,0.084650
2025-08-18,34,16,83.56,0.083560
2025-08-18,35,17,98.01,0.098010
2025-08-18,36,17,97.36,0.097360
2025-08-18,37,18,105.02,0.105020
2025-08-18,38,18,101.72,0.101720
2025-08-18,39,19,103.79,0.103790
2025-08-18,40,19,105.46,0.105460
2025-08-18,41,20,98.29,0.098290
2025-08-18,42,20,98.05,0.098050
2025-08-18,43,21,93.97,0.093970
2025-08-18,44,21,89.22,0.089220
2025-08-18,45,22,88.69,0.088690
2025-08-18,46,22,87.08,0.087080
2025-08-18,47,23,78.61,0.078610
2025-08-18,48,23,80.68,0.080680
2025-08-19,1,0,78.3,0.078300
2025-08-19,2,0,77.89,0.077890
2025-08-19,3,1,80.1,0.080100
2025-08-19,4,1,80.78,0.080780
2025-08-19,5,2,79.99,0.079990
2025-08-19,6,2,76.92,0.076920
2025-08-19,7,3,80.24,0.080240
2025-08-19,8,3,72.28,0.072280
2025-08-19,9,4,76.68,0.076680
2025-08-19,10,4,73.81,0.073810
2025-08-19,11,5,71.82,0.071820
2025-08-19,12,5,71.48,0.071480
2025-08-19,13,6,72.63,0.072630
2025-08-19,14,6,78.9,0.078900
2025-08-19,15,7,76.31,0.076310
2025-08-19,16,7,76.57,0.076570
2025-08-19,17,8,70.74,0.070740
2025-08-19,18,8,70.91,0.070910
2025-08-19,19,9,69.08,0.069080
2025-08-19,20,9,72.99,0.072990
2025-08-19,21,10,73.14,0.073140
2025-08-19,22,10,74.66,0.074660
2025-08-19,23,11,76.5,0.076500
2025-08-19,24,11,74.56,0.074560
2025-08-19,25,12,70.93,0.070930
2025-08-19,26,12,71.27,0.071270
2025-08-19,27,13,69.41,0.069410
2025-08-19,28,13,68.04,0.068040
2025-08-19,29,14,67.18,0.067180
2025-08-19,30,14,70.46,0.070460
2025-08-19,31,15,77.53,0.077530
2025-08-19,32,15,70.75,0.070750
2025-08-19,33,16,72.64,0.072640
2025-08-19,34,16,78.24,0.078240
2025-08-19,35,17,87.44,0.087440
2025-08-19,36,17,86.61,0.086610
2025-08-19,37,18,95.99,0.095990
2025-08-19,38,18,90.43,0.090430
2025-08-19,39,19,95.18,0.095180
2025-08-19,40,19,93.81,0.093810
2025-08-19,41,20,93.95,0.093950
2025-08-19,42,20,95.26,0.095260
2025-08-19,43,21,90.76,0.090760
2025-08-19,44,21,81.9,0.081900
2025-08-19,45,22,81.16,0.081160
2025-08-19,46,22,84.67,0.084670
2025-08-19,47,23,73.75,0.073750
2025-08-19,48,23,75.35,0.075350
2025-08-20,1,0,77.78,0.077780
2025-08-20,2,0,77.46,0.077460
2025-08-20,3,1,73.67,0.073670
2025-08-20,4,1,72.4,0.072400
2025-08-20,5,2,74.6,0.074600
2025-08-20,6,2,71.62,0.071620
2025-08-20,7,3,75.53,0.075530
2025-08-20,8,3,77.95,0.077950
2025-08-20,9,4,77.73,0.077730
2025-08-20,10,4,79.73,0.079730
2025-08-20,11,5,89.76,0.089760
2025-08-20,12,5,86.15,0.086150
2025-08-20,13,6,86.27,0.086270
2025-08-20,14,6,96.01,0.096010
2025-08-20,15,7,95.41,0.095410
2025-08-20,16,7,99.05,0.099050
2025-08-20,17,8,92.77,0.092770
2025-08-20,18,8,97.67,0.097670
2025-08-20,19,9,94.24,0.094240
2025-08-20,20,9,98.03,0.098030
2025-08-20,21,10,98.89,0.098890
2025-08-20,22,10,98.68,0.098680
2025-08-20,23,11,91.44,0.091440
2025-08-20,24,11,91.29,0.091290
2025-08-20,25,12,89.42,0.089420
2025-08-20,26,12,89.54,0.089540
2025-08-20,27,13,86.98,0.086980
2025-08-20,28,13,87.25,0.087250
2025-08-20,29,14,86.87,0.086870
2025-08-20,30,14,86.88,0.086880
2025-08-20,31,15,85.76,0.085760
2025-08-20,32,15,84.97,0.084970
2025-08-20,33,16,90.26,0.090260
2025-08-20,34,16,95.04,0.095040
2025-08-20,35,17,102.87,0.102870
2025-08-20,36,17,107.5,0.107500
2025-08-20,37,18,115.33,0.115330
2025-08-20,38,18,114.25,0.114250
2025-08-20,39,19,120.4,0.120400
2025-08-20,40,19,117.21,0.117210
2025-08-20,41,20,104.04,0.104040
2025-08-20,42,20,100.68,0.100680
2025-08-20,43,21,96.51,0.096510
2025-08-20,44,21,87.36,0.087360
2025-08-20,45,22,89.52,0.089520
2025-08-20,46,22,89.0,0.089000
2025-08-20,47,23,84.74,0.084740
2025-08-20,48,23,73.01,0.073010
2025-08-21,1,0,75.23,0.075230
2025-08-21,2,0,75.2,0.075200
2025-08-21,3,1,71.83,0.071830
2025-08-21,4,1,71.05,0.071050
2025-08-21,5,2,72.82,0.072820
2025-08-21,6,2,70.25,0.070250
2025-08-21,7,3,72.88,0.072880
2025-08-21,8,3,70.1,0.070100
2025-08-21,9,4,68.25,0.068250
2025-08-21,10,4,67.46,0.067460
2025-08-21,11,5,69.45,0.069450
2025-08-21,12,5,74.17,0.074170
2025-08-21,13,6,83.62,0.083620
2025-08-21,14,6,87.47,0.087470
2025-08-21,15,7,77.34,0.077340
2025-08-21,16,7,88.46,0.088460
2025-08-21,17,8,86.87,0.086870
2025-08-21,18,8,83.88,0.083880
2025-08-21,19,9,82.38,0.082380
2025-08-21,20,9,73.49,0.073490
2025-08-21,21,10,67.63,0.067630
2025-08-21,22,10,66.61,0.066610
2025-08-21,23,11,65.53,0.065530
2025-08-21,24,11,68.97,0.068970
2025-08-21,25,12,70.84,0.070840
2025-08-21,26,12,71.63,0.071630
2025-08-21,27,13,71.65,0.071650
2025-08-21,28,13,71.23,0.071230
2025-08-21,29,14,71.09,0.071090
2025-08-21,30,14,71.01,0.071010
2025-08-21,31,15,69.99,0.069990
2025-08-21,32,15,71.32,0.071320
2025-08-21,33,16,72.9,0.072900
2025-08-21,34,16,73.52,0.073520
2025-08-21,35,17,76.7,0.076700
2025-08-21,36,17,83.48,0.083480
2025-08-21,37,18,84.6,0.084600
2025-08-21,38,18,89.6,0.089600
2025-08-21,39,19,96.77,0.096770
2025-08-21,40,19,95.87,0.095870
2025-08-21,41,20,94.58,0.094580
2025-08-21,42,20,98.53,0.098530
2025-08-21,43,21,92.22,0.092220
2025-08-21,44,21,92.5,0.092500
2025-08-21,45,22,85.74,0.085740
2025-08-21,46,22,78.5,0.078500
2025-08-21,47,23,84.94,0.084940
2025-08-21,48,23,82.26,0.082260
2025-08-22,1,0,76.87,0.076870
2025-08-22,2,0,75.01,0.075010
2025-08-22,3,1,72.33,0.072330
2025-08-22,4,1,73.46,0.073460
2025-08-22,5,2,73.43,0.073430
2025-08-22,6,2,71.7,0.071700
2025-08-22,7,3,74.83,0.074830
2025-08-22,8,3,74.83,0.074830
2025-08-22,9,4,74.25,0.074250
2025-08-22,10,4,76.18,0.076180
2025-08-22,11,5,83.85,0.083850
2025-08-22,12,5,90.82,0.090820
2025-08-22,13,6,91.75,0.091750
2025-08-22,14,6,95.97,0.095970
2025-08-22,15,7,99.02,0.099020
2025-08-22,16,7,98.09,0.098090
2025-08-22,17,8,100.17,0.100170
2025-08-22,18,8,102.33,0.102330
2025-08-22,19,9,100.52,0.100520
2025-08-22,20,9,88.53,0.088530
2025-08-22,21,10,76.29,0.076290
2025-08-22,22,10,77.09,0.077090
2025-08-22,23,11,76.25,0.076250
2025-08-22,24,11,73.93,0.073930
2025-08-22,25,12,83.06,0.083060
2025-08-22,26,12,79.99,0.079990
2025-08-22,27,13,77.06,0.077060
2025-08-22,28,13,75.19,0.075190
2025-08-22,29,14,74.22,0.074220
2025-08-22,30,14,73.92,0.073920
2025-08-22,31,15,74.41,0.074410
2025-08-22,32,15,74.49,0.074490
2025-08-22,33,16,75.03,0.075030
2025-08-22,34,16,79.17,0.079170
2025-08-22,35,17,89.47,0.089470
2025-08-22,36,17,97.09,0.097090
2025-08-22,37,18,102.49,0.102490
2025-08-22,38,18,105.61,0.105610
2025-08-22,39,19,113.87,0.113870
2025-08-22,40,19,115.62,0.115620
2025-08-22,41,20,109.21,0.109210
2025-08-22,42,20,109.45,0.109450
2025-08-22,43,21,106.7,0.106700
2025-08-22,44,21,103.01,0.103010
2025-08-22,45,22,100.51,0.100510
2025-08-22,46,22,90.64,0.090640
2025-08-22,47,23,82.14,0.082140
2025-08-22,48,23,84.35,0.084350
2025-08-23,1,0,84.36,0.084360
2025-08-23,2,0,80.93,0.080930
2025-08-23,3,1,79.64,0.079640
2025-08-23,4,1,81.81,0.081810
2025-08-23,5,2,81.58,0.081580
2025-08-23,6,2,76.44,0.076440
2025-08-23,7,3,76.95,0.076950
2025-08-23,8,3,77.0,0.077000
2025-08-23,9,4,78.63,0.078630
2025-08-23,10,4,79.85,0.079850
2025-08-23,11,5,85.63,0.085630
2025-08-23,12,5,86.82,0.086820
2025-08-23,13,6,86.61,0.086610
2025-08-23,14,6,88.73,0.088730
2025-08-23,15,7,78.58,0.078580
2025-08-23,16,7,80.29,0.080290
2025-08-23,17,8,80.69,0.080690
2025-08-23,18,8,80.32,0.080320
2025-08-23,19,9,77.18,0.077180
2025-08-23,20,9,75.95,0.075950
2025-08-23,21,10,73.2,0.073200
2025-08-23,22,10,71.3,0.071300
2025-08-23,23,11,71.32,0.071320
2025-08-23,24,11,72.02,0.072020
2025-08-23,25,12,75.96,0.075960
2025-08-23,26,12,78.85,0.078850
2025-08-23,27,13,80.64,0.080640
2025-08-23,28,13,79.14,0.079140
2025-08-23,29,14,76.93,0.076930
2025-08-23,30,14,76.42,0.076420
2025-08-23,31,15,79.43,0.079430
2025-08-23,32,15,81.5,0.081500
2025-08-23,33,16,84.17,0.084170
2025-08-23,34,16,88.49,0.088490
2025-08-23,35,17,86.56,0.086560
2025-08-23,36,17,87.47,0.087470
2025-08-23,37,18,97.7,0.097700
2025-08-23,38,18,98.07,0.098070
2025-08-23,39,19,105.55,0.105550
2025-08-23,40,19,103.45,0.103450
2025-08-23,41,20,104.03,0.104030
2025-08-23,42,20,102.84,0.102840
2025-08-23,43,21,101.59,0.101590
2025-08-23,44,21,93.01,0.093010
2025-08-23,45,22,90.76,0.090760
2025-08-23,46,22,87.42,0.087420
2025-08-23,47,23,81.22,0.081220
2025-08-23,48,23,79.38,0.079380
2025-08-24,1,0,83.84,0.083840
2025-08-24,2,0,83.49,0.083490
2025-08-24,3,1,84.16,0.084160
2025-08-24,4,1,81.99,0.081990
2025-08-24,5,2,83.83,0.083830
2025-08-24,6,2,81.84,0.081840
2025-08-24,7,3,80.74,0.080740
2025-08-24,8,3,77.96,0.077960
2025-08-24,9,4,82.45,0.082450
2025-08-24,10,4,81.41,0.081410
2025-08-24,11,5,82.24,0.082240
2025-08-24,12,5,80.51,0.080510
2025-08-24,13,6,76.57,0.076570
2025-08-24,14,6,77.2,0.077200
2025-08-24,15,7,76.52,0.076520
2025-08-24,16,7,79.46,0.079460
2025-08-24,17,8,89.55,0.089550
2025-08-24,18,8,91.0,0.091000
2025-08-24,19,9,90.62,0.090620
2025-08-24,20,9,89.22,0.089220
2025-08-24,21,10,84.72,0.084720
2025-08-24,22,10,80.04,0.080040
2025-08-24,23,11,76.52,0.076520
2025-08-24,24,11,75.17,0.075170
2025-08-24,25,12,72.67,0.072670
2025-08-24,26,12,73.03,0.073030
2025-08-24,27,13,72.21,0.072210
2025-08-24,28,13,71.97,0.071970
2025-08-24,29,14,72.06,0.072060
2025-08-24,30,14,72.11,0.072110
2025-08-24,31,15,72.48,0.072480
2025-08-24,32,15,73.13,0.073130
2025-08-24,33,16,72.45,0.072450
2025-08-24,34,16,73.3,0.073300
2025-08-24,35,17,79.45,0.079450
2025-08-24,36,17,86.91,0.086910
2025-08-24,37,18,93.33,0.093330
2025-08-24,38,18,92.67,0.092670
2025-08-24,39,19,99.7,0.099700
2025-08-24,40,19,98.21,0.098210
2025-08-24,41,20,98.88,0.098880
2025-08-24,42,20,98.5,0.098500
2025-08-24,43,21,101.66,0.101660
2025-08-24,44,21,97.45,0.097450
2025-08-24,45,22,98.74,0.098740
2025-08-24,46,22,92.07,0.092070
2025-08-24,47,23,86.22,0.086220
2025-08-24,48,23,100.55,0.100550
2025-08-25,1,0,93.62,0.093620
2025-08-25,2,0,88.24,0.088240
2025-08-25,3,1,86.19,0.086190
2025-08-25,4,1,81.92,0.081920
2025-08-25,5,2,83.64,0.083640
2025-08-25,6,2,80.29,0.080290
2025-08-25,7,3,87.98,0.087980
2025-08-25,8,3,85.66,0.085660
2025-08-25,9,4,92.14,0.092140
2025-08-25,10,4,91.09,0.091090
2025-08-25,11,5,103.94,0.103940
2025-08-25,12,5,104.97,0.104970
2025-08-25,13,6,109.08,0.109080
2025-08-25,14,6,114.93,0.114930
2025-08-25,15,7,99.24,0.099240
2025-08-25,16,7,94.6,0.094600
2025-08-25,17,8,86.8,0.086800
2025-08-25,18,8,86.45,0.086450
2025-08-25,19,9,85.48,0.085480
2025-08-25,20,9,86.1,0.086100
2025-08-25,21,10,85.87,0.085870
2025-08-25,22,10,78.56,0.078560
2025-08-25,23,11,40.13,0.040130
2025-08-25,24,11,26.59,0.026590
2025-08-25,25,12,18.26,0.018260
2025-08-25,26,12,14.45,0.014450
2025-08-25,27,13,11.16,0.011160
2025-08-25,28,13,7.09,0.007090
2025-08-25,29,14,13.97,0.013970
2025-08-25,30,14,12.99,0.012990
2025-08-25,31,15,36.06,0.036060
2025-08-25,32,15,37.73,0.037730
2025-08-25,33,16,40.71,0.040710
2025-08-25,34,16,65.87,0.065870
2025-08-25,35,17,83.72,0.083720
2025-08-25,36,17,91.73,0.091730
2025-08-25,37,18,101.63,0.101630
2025-08-25,38,18,102.77,0.102770
2025-08-25,39,19,111.59,0.111590
2025-08-25,40,19,113.48,0.113480
2025-08-25,41,20,112.9,0.112900
2025-08-25,42,20,113.71,0.113710
2025-08-25,43,21,103.74,0.103740
2025-08-25,44,21,96.12,0.096120
2025-08-25,45,22,99.45,0.099450
2025-08-25,46,22,93.43,0.093430
2025-08-25,47,23,86.71,0.086710
2025-08-25,48,23,94.93,0.094930
2025-08-26,1,0,95.37,0.095370
2025-08-26,2,0,91.5,0.091500
2025-08-26,3,1,81.14,0.081140
2025-08-26,4,1,79.69,0.079690
2025-08-26,5,2,73.61,0.073610
2025-08-26,6,2,71.3,0.071300
2025-08-26,7,3,72.23,0.072230
2025-08-26,8,3,71.78,0.071780
2025-08-26,9,4,76.75,0.076750
2025-08-26,10,4,83.65,0.083650
2025-08-26,11,5,98.81,0.098810
2025-08-26,12,5,106.7,0.106700
2025-08-26,13,6,108.01,0.108010
2025-08-26,14,6,113.18,0.113180
2025-08-26,15,7,112.48,0.112480
2025-08-26,16,7,114.69,0.114690
2025-08-26,17,8,111.5,0.111500
2025-08-26,18,8,111.19,0.111190
2025-08-26,19,9,105.2,0.105200
2025-08-26,20,9,103.73,0.103730
2025-08-26,21,10,101.44,0.101440
2025-08-26,22,10,102.64,0.102640
2025-08-26,23,11,98.65,0.098650
2025-08-26,24,11,98.32,0.098320
2025-08-26,25,12,95.06,0.095060
2025-08-26,26,12,90.91,0.090910
2025-08-26,27,13,86.24,0.086240
2025-08-26,28,13,87.69,0.087690
2025-08-26,29,14,87.26,0.087260
2025-08-26,30,14,80.86,0.080860
2025-08-26,31,15,82.57,0.082570
2025-08-26,32,15,79.43,0.079430
2025-08-26,33,16,88.37,0.088370
2025-08-26,34,16,88.29,0.088290
2025-08-26,35,17,101.1,0.101100
2025-08-26,36,17,112.15,0.112150
2025-08-26,37,18,124.38,0.124380
2025-08-26,38,18,128.45,0.128450
2025-08-26,39,19,141.64,0.141640
2025-08-26,40,19,145.52,0.145520
2025-08-26,41,20,131.77,0.131770
2025-08-26,42,20,130.93,0.130930
2025-08-26,43,21,118.02,0.118020
2025-08-26,44,21,112.61,0.112610
2025-08-26,45,22,100.8,0.100800
2025-08-26,46,22,93.18,0.093180
2025-08-26,47,23,77.47,0.077470
2025-08-26,48,23,75.15,0.075150
2025-08-27,1,0,78.41,0.078410
2025-08-27,2,0,77.8,0.077800
2025-08-27,3,1,72.97,0.072970
2025-08-27,4,1,76.48,0.076480
2025-08-27,5,2,74.26,0.074260
2025-08-27,6,2,72.35,0.072350
2025-08-27,7,3,72.26,0.072260
2025-08-27,8,3,71.38,0.071380
2025-08-27,9,4,77.82,0.077820
2025-08-27,10,4,74.32,0.074320
2025-08-27,11,5,79.62,0.079620
2025-08-27,12,5,83.24,0.083240
2025-08-27,13,6,90.47,0.090470
2025-08-27,14,6,91.04,0.091040
2025-08-27,15,7,101.71,0.101710
2025-08-27,16,7,112.23,0.112230
2025-08-27,17,8,88.72,0.088720
2025-08-27,18,8,94.75,0.094750
2025-08-27,19,9,89.88,0.089880
2025-08-27,20,9,82.34,0.082340
2025-08-27,21,10,79.36,0.079360
2025-08-27,22,10,82.8,0.082800
2025-08-27,23,11,75.72,0.075720
2025-08-27,24,11,73.15,0.073150
2025-08-27,25,12,74.27,0.074270
2025-08-27,26,12,71.88,0.071880
2025-08-27,27,13,69.78,0.069780
2025-08-27,28,13,68.65,0.068650
2025-08-27,29,14,72.43,0.072430
2025-08-27,30,14,65.54,0.065540
2025-08-27,31,15,70.39,0.070390
2025-08-27,32,15,62.49,0.062490
2025-08-27,33,16,72.29,0.072290
2025-08-27,34,16,71.44,0.071440
2025-08-27,35,17,78.3,0.078300
2025-08-27,36,17,74.87,0.074870
2025-08-27,37,18,70.86,0.070860
2025-08-27,38,18,81.09,0.081090
2025-08-27,39,19,94.52,0.094520
2025-08-27,40,19,93.95,0.093950
2025-08-27,41,20,98.93,0.098930
2025-08-27,42,20,102.97,0.102970
2025-08-27,43,21,105.7,0.105700
2025-08-27,44,21,97.81,0.097810
2025-08-27,45,22,90.77,0.090770
2025-08-27,46,22,83.3,0.083300
2025-08-27,47,23,75.95,0.075950
2025-08-27,48,23,75.7,0.075700
2025-08-28,1,0,67.07,0.067070
2025-08-28,2,0,76.42,0.076420
2025-08-28,3,1,76.52,0.076520
2025-08-28,4,1,80.06,0.080060
2025-08-28,5,2,78.97,0.078970
2025-08-28,6,2,81.25,0.081250
2025-08-28,7,3,78.24,0.078240
2025-08-28,8,3,78.45,0.078450
2025-08-28,9,4,79.07,0.079070
2025-08-28,10,4,77.92,0.077920
2025-08-28,11,5,81.71,0.081710
2025-08-28,12,5,87.23,0.087230
2025-08-28,13,6,95.09,0.095090
2025-08-28,14,6,100.94,0.100940
2025-08-28,15,7,102.11,0.102110
2025-08-28,16,7,97.67,0.097670
2025-08-28,17,8,105.09,0.105090
2025-08-28,18,8,103.37,0.103370
2025-08-28,19,9,89.16,0.089160
2025-08-28,20,9,80.91,0.080910
2025-08-28,21,10,76.7,0.076700
2025-08-28,22,10,79.5,0.079500
2025-08-28,23,11,74.76,0.074760
2025-08-28,24,11,75.01,0.075010
2025-08-28,25,12,73.15,0.073150
2025-08-28,26,12,73.74,0.073740
2025-08-28,27,13,73.15,0.073150
2025-08-28,28,13,70.67,0.070670
2025-08-28,29,14,70.39,0.070390
2025-08-28,30,14,68.26,0.068260
2025-08-28,31,15,65.36,0.065360
2025-08-28,32,15,71.45,0.071450
2025-08-28,33,16,72.85,0.072850
2025-08-28,34,16,74.1,0.074100
2025-08-28,35,17,76.72,0.076720
2025-08-28,36,17,76.1,0.076100
2025-08-28,37,18,76.57,0.076570
2025-08-28,38,18,79.3,0.079300
2025-08-28,39,19,82.72,0.082720
2025-08-28,40,19,85.31,0.085310
2025-08-28,41,20,84.63,0.084630
2025-08-28,42,20,83.57,0.083570
2025-08-28,43,21,88.62,0.088620
2025-08-28,44,21,83.89,0.083890
2025-08-28,45,22,72.62,0.072620
2025-08-28,46,22,71.61,0.071610
2025-08-28,47,23,71.69,0.071690
2025-08-28,48,23,71.43,0.071430
2025-08-29,1,0,68.26,0.068260
2025-08-29,2,0,65.86,0.065860
2025-08-29,3,1,70.22,0.070220
2025-08-29,4,1,71.21,0.071210
2025-08-29,5,2,69.93,0.069930
2025-08-29,6,2,69.19,0.069190
2025-08-29,7,3,68.89,0.068890
2025-08-29,8,3,67.29,0.067290
2025-08-29,9,4,73.53,0.073530
2025-08-29,10,4,70.21,0.070210
2025-08-29,11,5,81.35,0.081350
2025-08-29,12,5,86.39,0.086390
2025-08-29,13,6,90.17,0.090170
2025-08-29,14,6,94.58,0.094580
2025-08-29,15,7,105.22,0.105220
2025-08-29,16,7,109.24,0.109240
2025-08-29,17,8,107.02,0.107020
2025-08-29,18,8,110.62,0.110620
2025-08-29,19,9,118.5,0.118500
2025-08-29,20,9,104.86,0.104860
2025-08-29,21,10,104.56,0.104560
2025-08-29,22,10,97.88,0.097880
2025-08-29,23,11,70.41,0.070410
2025-08-29,24,11,65.99,0.065990
2025-08-29,25,12,65.16,0.065160
2025-08-29,26,12,71.28,0.071280
2025-08-29,27,13,68.15,0.068150
2025-08-29,28,13,69.01,0.069010
2025-08-29,29,14,68.54,0.068540
2025-08-29,30,14,67.38,0.067380
2025-08-29,31,15,73.81,0.073810
2025-08-29,32,15,66.85,0.066850
2025-08-29,33,16,72.65,0.072650
2025-08-29,34,16,73.77,0.073770
2025-08-29,35,17,77.19,0.077190
2025-08-29,36,17,92.48,0.092480
2025-08-29,37,18,101.74,0.101740
2025-08-29,38,18,107.57,0.107570
2025-08-29,39,19,107.91,0.107910
2025-08-29,40,19,108.25,0.108250
2025-08-29,41,20,107.04,0.107040
2025-08-29,42,20,107.88,0.107880
2025-08-29,43,21,107.47,0.107470
2025-08-29,44,21,95.76,0.095760
2025-08-29,45,22,91.17,0.091170
2025-08-29,46,22,86.22,0.086220
2025-08-29,47,23,83.78,0.083780
2025-08-29,48,23,79.08,0.079080
2025-08-30,1,0,82.19,0.082190
2025-08-30,2,0,76.45,0.076450
2025-08-30,3,1,75.98,0.075980
2025-08-30,4,1,75.17,0.075170
2025-08-30,5,2,77.66,0.077660
2025-08-30,6,2,80.05,0.080050
2025-08-30,7,3,83.62,0.083620
2025-08-30,8,3,84.37,0.084370
2025-08-30,9,4,85.29,0.085290
2025-08-30,10,4,85.72,0.085720
2025-08-30,11,5,88.5,0.088500
2025-08-30,12,5,89.23,0.089230
2025-08-30,13,6,88.15,0.088150
2025-08-30,14,6,90.93,0.090930
2025-08-30,15,7,89.4,0.089400
2025-08-30,16,7,89.58,0.089580
2025-08-30,17,8,88.47,0.088470
2025-08-30,18,8,83.98,0.083980
2025-08-30,19,9,76.72,0.076720
2025-08-30,20,9,70.81,0.070810
2025-08-30,21,10,65.77,0.065770
2025-08-30,22,10,63.8,0.063800
2025-08-30,23,11,55.12,0.055120
2025-08-30,24,11,41.11,0.041110
2025-08-30,25,12,27.54,0.027540
2025-08-30,26,12,16.41,0.016410
2025-08-30,27,13,7.45,0.007450
2025-08-30,28,13,2.42,0.002420
2025-08-30,29,14,1.32,0.001320
2025-08-30,31,15,7.27,0.007270
2025-08-30,32,15,5.65,0.005650
2025-08-30,33,16,7.24,0.007240
2025-08-30,34,16,8.41,0.008410
2025-08-30,35,17,3.47,0.003470
2025-08-30,36,17,5.23,0.005230
2025-08-30,37,18,7.57,0.007570
2025-08-30,38,18,7.33,0.007330
2025-08-30,39,19,17.48,0.017480
2025-08-30,40,19,14.63,0.014630
2025-08-30,41,20,16.32,0.016320
2025-08-30,42,20,16.34,0.016340
2025-08-30,43,21,17.92,0.017920
2025-08-30,44,21,12.69,0.012690
2025-08-30,45,22,14.12,0.014120
2025-08-30,46,22,10.74,0.010740
2025-08-31,9,4,0.36,0.000360
2025-08-31,11,5,8.87,0.008870
2025-08-31,12,5,20.39,0.020390
2025-08-31,13,6,27.25,0.027250
2025-08-31,14,6,32.96,0.032960
2025-08-31,15,7,26.32,0.026320
2025-08-31,16,7,32.73,0.032730
2025-08-31,17,8,14.79,0.014790
2025-08-31,18,8,10.41,0.010410
2025-08-31,19,9,1.96,0.001960
2025-08-31,30,14,0.34,0.000340
2025-08-31,31,15,36.81,0.036810
2025-08-31,32,15,42.55,0.042550
2025-08-31,33,16,35.67,0.035670
2025-08-31,34,16,44.2,0.044200
2025-08-31,35,17,53.04,0.053040
2025-08-31,36,17,67.36,0.067360
2025-08-31,37,18,76.49,0.076490
2025-08-31,38,18,83.03,0.083030
2025-08-31,39,19,91.26,0.091260
2025-08-31,40,19,90.16,0.090160
2025-08-31,41,20,92.36,0.092360
2025-08-31,42,20,92.89,0.092890
2025-08-31,43,21,90.22,0.090220
2025-08-31,44,21,78.66,0.078660
2025-08-31,45,22,86.85,0.086850
2025-08-31,46,22,67.93,0.067930
2025-08-31,47,23,54.47,0.054470
2025-08-31,48,23,35.43,0.035430
2025-09-01,1,0,35.65,0.035650
2025-09-01,2,0,28.02,0.028020
2025-09-01,3,1,26.93,0.026930
2025-09-01,4,1,26.27,0.026270
2025-09-01,5,2,24.89,0.024890
2025-09-01,6,2,23.65,0.023650
2025-09-01,7,3,19.14,0.019140
2025-09-01,8,3,23.41,0.023410
2025-09-01,9,4,32.59,0.032590
2025-09-01,10,4,40.08,0.040080
2025-09-01,11,5,54.01,0.054010
2025-09-01,12,5,62.76,0.062760
2025-09-01,13,6,65.94,0.065940
2025-09-01,14,6,78.75,0.078750
2025-09-01,15,7,80.11,0.080110
2025-09-01,16,7,79.98,0.079980
2025-09-01,17,8,79.92,0.079920
2025-09-01,18,8,74.82,0.074820
2025-09-01,19,9,63.77,0.063770
2025-09-01,20,9,51.07,0.051070
2025-09-01,21,10,55.71,0.055710
2025-09-01,22,10,47.33,0.047330
2025-09-01,23,11,18.98,0.018980
2025-09-01,24,11,18.76,0.018760
2025-09-01,25,12,11.81,0.011810
2025-09-01,26,12,10.36,0.010360
2025-09-01,27,13,6.65,0.006650
2025-09-01,28,13,4.3,0.004300
2025-09-01,29,14,5.74,0.005740
2025-09-01,30,14,12.15,0.012150
2025-09-01,31,15,29.07,0.029070
2025-09-01,32,15,34.67,0.034670
2025-09-01,33,16,35.46,0.035460
2025-09-01,34,16,41.75,0.041750
2025-09-01,35,17,54.44,0.054440
2025-09-01,36,17,69.3,0.069300
2025-09-01,37,18,83.64,0.083640
2025-09-01,38,18,84.6,0.084600
2025-09-01,39,19,94.68,0.094680
2025-09-01,40,19,94.4,0.094400
2025-09-01,41,20,95.16,0.095160
2025-09-01,42,20,94.05,0.094050
2025-09-01,43,21,86.79,0.086790
2025-09-01,44,21,82.08,0.082080
2025-09-01,45,22,84.77,0.084770
2025-09-01,46,22,78.49,0.078490
2025-09-01,47,23,68.28,0.068280
2025-09-01,48,23,70.51,0.070510
2025-09-02,1,0,77.97,0.077970
2025-09-02,2,0,81.15,0.081150
2025-09-02,3,1,80.59,0.080590
2025-09-02,4,1,83.24,0.083240
2025-09-02,5,2,80.95,0.080950
2025-09-02,6,2,81.68,0.081680
2025-09-02,7,3,80.76,0.080760
2025-09-02,8,3,78.39,0.078390
2025-09-02,9,4,82.55,0.082550
2025-09-02,10,4,82.24,0.082240
2025-09-02,11,5,83.15,0.083150
2025-09-02,12,5,73.13,0.073130
2025-09-02,13,6,74.43,0.074430
2025-09-02,14,6,81.27,0.081270
2025-09-02,15,7,90.38,0.090380
2025-09-02,16,7,93.25,0.093250
2025-09-02,17,8,83.01,0.083010
2025-09-02,18,8,75.67,0.075670
2025-09-02,19,9,75.0,0.075000
2025-09-02,20,9,66.89,0.066890
2025-09-02,21,10,64.11,0.064110
2025-09-02,22,10,71.76,0.071760
2025-09-02,23,11,66.84,0.066840
2025-09-02,24,11,69.43,0.069430
2025-09-02,25,12,68.27,0.068270
2025-09-02,26,12,66.99,0.066990
2025-09-02,27,13,68.79,0.068790
2025-09-02,28,13,67.11,0.067110
2025-09-02,29,14,66.51,0.066510
2025-09-02,30,14,72.16,0.072160
2025-09-02,31,15,84.83,0.084830
2025-09-02,32,15,81.08,0.081080
2025-09-02,33,16,81.77,0.081770
2025-09-02,34,16,83.73,0.083730
2025-09-02,35,17,104.57,0.104570
2025-09-02,36,17,102.01,0.102010
2025-09-02,37,18,107.06,0.107060
2025-09-02,38,18,106.6,0.106600
2025-09-02,39,19,101.78,0.101780
2025-09-02,40,19,97.25,0.097250
2025-09-02,41,20,85.42,0.085420
2025-09-02,42,20,82.41,0.082410
2025-09-02,43,21,84.61,0.084610
2025-09-02,44,21,82.01,0.082010
2025-09-02,45,22,80.13,0.080130
2025-09-02,46,22,79.13,0.079130
2025-09-02,47,23,75.34,0.075340
2025-09-02,48,23,87.48,0.087480
2025-09-03,1,0,89.74,0.089740
2025-09-03,2,0,91.93,0.091930
2025-09-03,3,1,89.28,0.089280
2025-09-03,4,1,85.15,0.085150
2025-09-03,5,2,83.45,0.083450
2025-09-03,6,2,80.65,0.080650
2025-09-03,7,3,81.38,0.081380
2025-09-03,8,3,80.58,0.080580
2025-09-03,9,4,80.17,0.080170
2025-09-03,10,4,81.54,0.081540
2025-09-03,11,5,90.51,0.090510
2025-09-03,12,5,94.76,0.094760
2025-09-03,13,6,93.27,0.093270
2025-09-03,14,6,95.05,0.095050
2025-09-03,15,7,101.06,0.101060
2025-09-03,16,7,105.38,0.105380
2025-09-03,17,8,105.77,0.105770
2025-09-03,18,8,105.8,0.105800
2025-09-03,19,9,108.69,0.108690
2025-09-03,20,9,113.5,0.113500
2025-09-03,21,10,115.14,0.115140
2025-09-03,22,10,107.9,0.107900
2025-09-03,23,11,94.23,0.094230
2025-09-03,24,11,86.14,0.086140
2025-09-03,25,12,81.19,0.081190
2025-09-03,26,12,77.3,0.077300
2025-09-03,27,13,77.96,0.077960
2025-09-03,28,13,76.84,0.076840
2025-09-03,29,14,76.58,0.076580
2025-09-03,30,14,76.28,0.076280
2025-09-03,31,15,73.71,0.073710
2025-09-03,32,15,73.39,0.073390
2025-09-03,33,16,74.02,0.074020
2025-09-03,34,16,79.44,0.079440
2025-09-03,35,17,90.78,0.090780
2025-09-03,36,17,94.6,0.094600
2025-09-03,37,18,98.08,0.098080
2025-09-03,38,18,100.65,0.100650
2025-09-03,39,19,109.1,0.109100
2025-09-03,40,19,112.95,0.112950
2025-09-03,41,20,112.76,0.112760
2025-09-03,42,20,107.83,0.107830
2025-09-03,43,21,91.44,0.091440
2025-09-03,44,21,85.41,0.085410
2025-09-03,45,22,78.7,0.078700
2025-09-03,46,22,77.46,0.077460
2025-09-03,47,23,76.32,0.076320
2025-09-03,48,23,65.85,0.065850
2025-09-04,1,0,65.33,0.065330
2025-09-04,2,0,62.47,0.062470
2025-09-04,3,1,61.16,0.061160
2025-09-04,4,1,63.43,0.063430
2025-09-04,5,2,64.44,0.064440
2025-09-04,6,2,66.71,0.066710
2025-09-04,7,3,67.92,0.067920
2025-09-04,8,3,70.21,0.070210
2025-09-04,9,4,65.51,0.065510
2025-09-04,10,4,63.1,0.063100
2025-09-04,11,5,84.96,0.084960
2025-09-04,12,5,88.29,0.088290
2025-09-04,13,6,96.92,0.096920
2025-09-04,14,6,96.79,0.096790
2025-09-04,15,7,88.64,0.088640
2025-09-04,16,7,92.11,0.092110
2025-09-04,17,8,96.82,0.096820
2025-09-04,18,8,100.98,0.100980
2025-09-04,19,9,103.16,0.103160
2025-09-04,20,9,102.73,0.102730
2025-09-04,21,10,102.02,0.102020
2025-09-04,22,10,98.74,0.098740
2025-09-04,23,11,92.33,0.092330
2025-09-04,24,11,94.05,0.094050
2025-09-04,25,12,87.28,0.087280
2025-09-04,26,12,81.23,0.081230
2025-09-04,27,13,70.92,0.070920
2025-09-04,28,13,67.4,0.067400
2025-09-04,29,14,67.07,0.067070
2025-09-04,30,14,65.1,0.065100
2025-09-04,31,15,68.73,0.068730
2025-09-04,32,15,66.61,0.066610
2025-09-04,33,16,64.79,0.064790
2025-09-04,34,16,63.9,0.063900
2025-09-04,35,17,72.77,0.072770
2025-09-04,36,17,73.3,0.073300
2025-09-04,37,18,81.57,0.081570
2025-09-04,38,18,82.16,0.082160
2025-09-04,39,19,82.74,0.082740
2025-09-04,40,19,90.68,0.090680
2025-09-04,41,20,84.68,0.084680
2025-09-04,42,20,84.7,0.084700
2025-09-04,43,21,84.19,0.084190
2025-09-04,44,21,81.32,0.081320
2025-09-04,45,22,82.92,0.082920
2025-09-04,46,22,82.58,0.082580
2025-09-04,47,23,78.04,0.078040
2025-09-04,48,23,68.98,0.068980
2025-09-05,1,0,70.55,0.070550
2025-09-05,2,0,69.43,0.069430
2025-09-05,3,1,71.26,0.071260
2025-09-05,4,1,68.85,0.068850
2025-09-05,5,2,68.38,0.068380
2025-09-05,6,2,68.54,0.068540
2025-09-05,7,3,67.9,0.067900
2025-09-05,8,3,66.97,0.066970
2025-09-05,9,4,66.43,0.066430
2025-09-05,10,4,65.65,0.065650
2025-09-05,11,5,70.57,0.070570
2025-09-05,12,5,73.46,0.073460
2025-09-05,13,6,85.91,0.085910
2025-09-05,14,6,90.61,0.090610
2025-09-05,15,7,92.58,0.092580
2025-09-05,16,7,94.18,0.094180
2025-09-05,17,8,79.42,0.079420
2025-09-05,18,8,75.68,0.075680
2025-09-05,19,9,72.71,0.072710
2025-09-05,20,9,67.41,0.067410
2025-09-05,21,10,67.77,0.067770
2025-09-05,22,10,65.66,0.065660
2025-09-05,23,11,67.38,0.067380
2025-09-05,24,11,72.19,0.072190
2025-09-05,25,12,74.69,0.074690
2025-09-05,26,12,72.64,0.072640
2025-09-05,27,13,71.23,0.071230
2025-09-05,28,13,70.02,0.070020
2025-09-05,29,14,69.44,0.069440
2025-09-05,30,14,69.38,0.069380
2025-09-05,31,15,70.11,0.070110
2025-09-05,32,15,71.13,0.071130
2025-09-05,33,16,73.22,0.073220
2025-09-05,34,16,77.69,0.077690
2025-09-05,35,17,90.97,0.090970
2025-09-05,36,17,92.19,0.092190
2025-09-05,37,18,114.71,0.114710
2025-09-05,38,18,117.45,0.117450
2025-09-05,39,19,124.59,0.124590
2025-09-05,40,19,123.98,0.123980
2025-09-05,41,20,104.77,0.104770
2025-09-05,42,20,100.96,0.100960
2025-09-05,43,21,99.08,0.099080
2025-09-05,44,21,92.23,0.092230
2025-09-05,45,22,90.36,0.090360
2025-09-05,46,22,85.29,0.085290
2025-09-05,47,23,81.05,0.081050
2025-09-05,48,23,81.91,0.081910
2025-09-06,1,0,79.42,0.079420
2025-09-06,2,0,82.5,0.082500
2025-09-06,3,1,82.31,0.082310
2025-09-06,4,1,84.64,0.084640
2025-09-06,5,2,84.99,0.084990
2025-09-06,6,2,81.26,0.081260
2025-09-06,7,3,85.71,0.085710
2025-09-06,8,3,85.07,0.085070
2025-09-06,9,4,81.79,0.081790
2025-09-06,10,4,80.59,0.080590
2025-09-06,11,5,81.24,0.081240
2025-09-06,12,5,79.56,0.079560
2025-09-06,13,6,80.55,0.080550
2025-09-06,14,6,81.27,0.081270
2025-09-06,15,7,74.11,0.074110
2025-09-06,16,7,76.13,0.076130
2025-09-06,17,8,73.31,0.073310
2025-09-06,18,8,73.88,0.073880
2025-09-06,19,9,65.83,0.065830
2025-09-06,20,9,29.49,0.029490
2025-09-06,21,10,6.06,0.006060
2025-09-06,40,19,14.11,0.014110
2025-09-06,41,20,15.9,0.015900
2025-09-06,42,20,10.2,0.010200
2025-09-06,43,21,11.04,0.011040
2025-09-06,45,22,0.28,0.000280
2025-09-07,1,0,6.31,0.006310
2025-09-07,2,0,8.04,0.008040
2025-09-07,3,1,6.38,0.006380
2025-09-07,4,1,14.38,0.014380
2025-09-07,5,2,8.58,0.008580
2025-09-07,6,2,9.79,0.009790
2025-09-07,7,3,7.26,0.007260
2025-09-07,8,3,7.44,0.007440
2025-09-07,9,4,11.1,0.011100
2025-09-07,10,4,8.43,0.008430
2025-09-07,13,6,0.37,0.000370
2025-09-07,14,6,8.65,0.008650
2025-09-07,15,7,20.36,0.020360
2025-09-07,16,7,39.65,0.039650
2025-09-07,17,8,15.78,0.015780
2025-09-07,18,8,31.13,0.031130
2025-09-07,19,9,4.46,0.004460
2025-09-07,20,9,4.36,0.004360
2025-09-07,21,10,3.22,0.003220
2025-09-07,22,10,4.4,0.004400
2025-09-07,23,11,1.48,0.001480
2025-09-07,24,11,4.48,0.004480
2025-09-07,26,12,6.24,0.006240
2025-09-07,27,13,13.15,0.013150
2025-09-07,28,13,17.33,0.017330
2025-09-07,29,14,17.71,0.017710
2025-09-07,30,14,14.8,0.014800
2025-09-07,31,15,22.08,0.022080
2025-09-07,32,15,27.28,0.027280
2025-09-07,33,16,18.95,0.018950
2025-09-07,34,16,31.45,0.031450
2025-09-07,35,17,61.7,0.061700
2025-09-07,36,17,64.5,0.064500
2025-09-07,37,18,68.56,0.068560
2025-09-07,38,18,72.81,0.072810
2025-09-07,39,19,78.65,0.078650
2025-09-07,40,19,80.61,0.080610
2025-09-07,41,20,82.41,0.082410
2025-09-07,42,20,83.26,0.083260
2025-09-07,43,21,83.73,0.083730
2025-09-07,44,21,80.64,0.080640
2025-09-07,45,22,74.89,0.074890
2025-09-07,46,22,66.3,0.066300
2025-09-07,47,23,47.31,0.047310
2025-09-07,48,23,44.71,0.044710
2025-09-08,1,0,53.28,0.053280
2025-09-08,2,0,55.66,0.055660
2025-09-08,3,1,54.24,0.054240
2025-09-08,4,1,55.96,0.055960
2025-09-08,5,2,54.93,0.054930
2025-09-08,6,2,57.49,0.057490
2025-09-08,7,3,67.13,0.067130
2025-09-08,8,3,65.02,0.065020
2025-09-08,9,4,64.92,0.064920
2025-09-08,10,4,65.24,0.065240
2025-09-08,11,5,87.57,0.087570
2025-09-08,12,5,90.17,0.090170
2025-09-08,13,6,101.54,0.101540
2025-09-08,14,6,104.87,0.104870
2025-09-08,15,7,112.05,0.112050
2025-09-08,16,7,116.57,0.116570
2025-09-08,17,8,110.26,0.110260
2025-09-08,18,8,103.62,0.103620
2025-09-08,19,9,96.27,0.096270
2025-09-08,20,9,92.0,0.092000
2025-09-08,21,10,85.03,0.085030
2025-09-08,22,10,82.08,0.082080
2025-09-08,23,11,71.39,0.071390
2025-09-08,24,11,71.16,0.071160
2025-09-08,25,12,71.45,0.071450
2025-09-08,26,12,69.39,0.069390
2025-09-08,27,13,66.14,0.066140
2025-09-08,28,13,62.05,0.062050
2025-09-08,29,14,63.28,0.063280
2025-09-08,30,14,62.24,0.062240
2025-09-08,31,15,75.79,0.075790
2025-09-08,32,15,80.23,0.080230
2025-09-08,33,16,94.94,0.094940
2025-09-08,34,16,104.84,0.104840
2025-09-08,35,17,155.39,0.155390
2025-09-08,36,17,176.68,0.176680
2025-09-08,37,18,225.11,0.225110
2025-09-08,38,18,249.5,0.249500
2025-09-08,39,19,241.13,0.241130
2025-09-08,40,19,238.95,0.238950
2025-09-08,41,20,159.67,0.159670
2025-09-08,42,20,148.13,0.148130
2025-09-08,43,21,125.12,0.125120
2025-09-08,44,21,111.77,0.111770
2025-09-08,45,22,106.1,0.106100
2025-09-08,46,22,104.97,0.104970
2025-09-08,47,23,86.24,0.086240
2025-09-08,48,23,79.4,0.079400
2025-09-09,1,0,79.02,0.079020
2025-09-09,2,0,79.08,0.079080
2025-09-09,3,1,79.86,0.079860
2025-09-09,4,1,80.05,0.080050
2025-09-09,5,2,82.34,0.082340
2025-09-09,6,2,78.71,0.078710
2025-09-09,7,3,76.25,0.076250
2025-09-09,8,3,75.12,0.075120
2025-09-09,9,4,77.06,0.077060
2025-09-09,10,4,75.28,0.075280
2025-09-09,11,5,80.18,0.080180
2025-09-09,12,5,84.05,0.084050
2025-09-09,13,6,89.43,0.089430
2025-09-09,14,6,92.92,0.092920
2025-09-09,15,7,108.97,0.108970
2025-09-09,16,7,109.3,0.109300
2025-09-09,17,8,106.09,0.106090
2025-09-09,18,8,98.76,0.098760
2025-09-09,19,9,84.3,0.084300
2025-09-09,20,9,77.57,0.077570
2025-09-09,21,10,78.08,0.078080
2025-09-09,22,10,76.45,0.076450
2025-09-09,23,11,74.77,0.074770
2025-09-09,24,11,72.81,0.072810
2025-09-09,25,12,76.37,0.076370
2025-09-09,26,12,74.02,0.074020
2025-09-09,27,13,69.7,0.069700
2025-09-09,28,13,68.23,0.068230
2025-09-09,29,14,69.0,0.069000
2025-09-09,30,14,68.21,0.068210
2025-09-09,31,15,72.81,0.072810
2025-09-09,32,15,79.32,0.079320
2025-09-09,33,16,80.06,0.080060
2025-09-09,34,16,85.42,0.085420
2025-09-09,35,17,95.08,0.095080
2025-09-09,36,17,99.04,0.099040
2025-09-09,37,18,103.24,0.103240
2025-09-09,38,18,104.61,0.104610
2025-09-09,39,19,107.53,0.107530
2025-09-09,40,19,105.81,0.105810
2025-09-09,41,20,101.91,0.101910
2025-09-09,42,20,93.76,0.093760
2025-09-09,43,21,84.26,0.084260
2025-09-09,44,21,81.4,0.081400
2025-09-09,45,22,79.18,0.079180
2025-09-09,46,22,75.75,0.075750
2025-09-09,47,23,57.71,0.057710
2025-09-09,48,23,60.3,0.060300
2025-09-10,1,0,63.66,0.063660
2025-09-10,2,0,63.51,0.063510
2025-09-10,3,1,63.21,0.063210
2025-09-10,4,1,61.94,0.061940
2025-09-10,5,2,62.16,0.062160
2025-09-10,6,2,61.91,0.061910
2025-09-10,7,3,60.08,0.060080
2025-09-10,8,3,62.02,0.062020
2025-09-10,9,4,67.12,0.067120
2025-09-10,10,4,55.91,0.055910
2025-09-10,11,5,62.95,0.062950
2025-09-10,12,5,58.63,0.058630
2025-09-10,13,6,67.33,0.067330
2025-09-10,14,6,89.62,0.089620
2025-09-10,15,7,101.94,0.101940
2025-09-10,16,7,104.79,0.104790
2025-09-10,17,8,100.34,0.100340
2025-09-10,18,8,100.75,0.100750
2025-09-10,19,9,85.74,0.085740
2025-09-10,20,9,73.53,0.073530
2025-09-10,21,10,68.3,0.068300
2025-09-10,22,10,62.18,0.062180
2025-09-10,23,11,37.12,0.037120
2025-09-10,24,11,28.37,0.028370
2025-09-10,25,12,27.03,0.027030
2025-09-10,26,12,22.57,0.022570
2025-09-10,27,13,19.92,0.019920
2025-09-10,28,13,24.91,0.024910
2025-09-10,29,14,29.2,0.029200
2025-09-10,30,14,28.0,0.028000
2025-09-10,31,15,37.47,0.037470
2025-09-10,32,15,43.69,0.043690
2025-09-10,33,16,48.52,0.048520
2025-09-10,34,16,65.79,0.065790
2025-09-10,35,17,72.65,0.072650
2025-09-10,36,17,87.84,0.087840
2025-09-10,37,18,90.21,0.090210
2025-09-10,38,18,90.07,0.090070
2025-09-10,39,19,92.46,0.092460
2025-09-10,40,19,90.23,0.090230
2025-09-10,41,20,92.33,0.092330
2025-09-10,42,20,87.06,0.087060
2025-09-10,43,21,69.59,0.069590
2025-09-10,44,21,41.27,0.041270
2025-09-10,45,22,31.28,0.031280
2025-09-10,46,22,18.22,0.018220
2025-09-11,4,1,3.62,0.003620
2025-09-11,6,2,0.36,0.000360
2025-09-11,7,3,5.85,0.005850
2025-09-11,8,3,7.22,0.007220
2025-09-11,9,4,2.49,0.002490
2025-09-11,11,5,1.6,0.001600
2025-09-11,12,5,3.02,0.003020
2025-09-11,13,6,12.58,0.012580
2025-09-11,14,6,44.57,0.044570
2025-09-11,15,7,35.61,0.035610
2025-09-11,16,7,40.94,0.040940
2025-09-11,17,8,40.27,0.040270
2025-09-11,18,8,25.03,0.025030
2025-09-11,19,9,13.8,0.013800
2025-09-11,20,9,4.4,0.004400
2025-09-11,34,16,19.54,0.019540
2025-09-11,35,17,47.6,0.047600
2025-09-11,36,17,84.39,0.084390
2025-09-11,37,18,80.07,0.080070
2025-09-11,38,18,77.82,0.077820
2025-09-11,39,19,94.29,0.094290
2025-09-11,40,19,95.18,0.095180
2025-09-11,41,20,86.89,0.086890
2025-09-11,42,20,72.41,0.072410
2025-09-11,43,21,45.83,0.045830
2025-09-11,44,21,28.0,0.028000
2025-09-11,45,22,14.04,0.014040
2025-09-11,46,22,9.55,0.009550
2025-09-12,12,5,1.28,0.001280
2025-09-12,13,6,8.67,0.008670
2025-09-12,14,6,17.37,0.017370
2025-09-12,15,7,21.5,0.021500
2025-09-12,16,7,38.25,0.038250
2025-09-12,17,8,18.21,0.018210
2025-09-12,18,8,12.25,0.012250
2025-09-12,19,9,3.79,0.003790
2025-09-12,32,15,0.45,0.000450
2025-09-12,33,16,4.49,0.004490
2025-09-12,34,16,34.2,0.034200
2025-09-12,35,17,69.75,0.069750
2025-09-12,36,17,80.09,0.080090
2025-09-12,37,18,95.36,0.095360
2025-09-12,38,18,94.95,0.094950
2025-09-12,39,19,111.66,0.111660
2025-09-12,40,19,112.69,0.112690
2025-09-12,41,20,104.4,0.104400
2025-09-12,42,20,100.56,0.100560
2025-09-12,43,21,96.64,0.096640
2025-09-12,44,21,92.83,0.092830
2025-09-12,45,22,84.93,0.084930
2025-09-12,46,22,59.06,0.059060
2025-09-12,47,23,44.85,0.044850
2025-09-12,48,23,29.01,0.029010
2025-09-13,1,0,29.37,0.029370
2025-09-13,2,0,23.2,0.023200
2025-09-13,3,1,18.49,0.018490
2025-09-13,4,1,19.41,0.019410
2025-09-13,5,2,18.04,0.018040
2025-09-13,6,2,16.8,0.016800
2025-09-13,7,3,19.72,0.019720
2025-09-13,8,3,17.98,0.017980
2025-09-13,9,4,18.02,0.018020
2025-09-13,10,4,14.37,0.014370
2025-09-13,11,5,16.05,0.016050
2025-09-13,12,5,13.27,0.013270
2025-09-13,13,6,16.43,0.016430
2025-09-13,14,6,17.13,0.017130
2025-09-13,15,7,15.83,0.015830
2025-09-13,16,7,16.1,0.016100
2025-09-13,17,8,9.3,0.009300
2025-09-13,18,8,10.91,0.010910
2025-09-13,31,15,0.36,0.000360
2025-09-13,32,15,9.1,0.009100
2025-09-13,33,16,30.54,0.030540
2025-09-13,34,16,76.34,0.076340
2025-09-13,35,17,90.63,0.090630
2025-09-13,36,17,92.83,0.092830
2025-09-13,37,18,101.28,0.101280
2025-09-13,38,18,100.98,0.100980
2025-09-13,39,19,100.03,0.100030
2025-09-13,40,19,103.91,0.103910
2025-09-13,41,20,103.72,0.103720
2025-09-13,42,20,101.69,0.101690
2025-09-13,43,21,92.23,0.092230
2025-09-13,44,21,88.52,0.088520
2025-09-13,45,22,87.69,0.087690
2025-09-13,46,22,83.94,0.083940
2025-09-13,47,23,79.07,0.079070
2025-09-13,48,23,72.4,0.072400
2025-09-14,1,0,73.1,0.073100
2025-09-14,2,0,73.63,0.073630
2025-09-14,3,1,67.49,0.067490
2025-09-14,4,1,71.01,0.071010
2025-09-14,5,2,70.6,0.070600
2025-09-14,6,2,70.18,0.070180
2025-09-14,7,3,68.94,0.068940
2025-09-14,8,3,68.11,0.068110
2025-09-14,9,4,70.52,0.070520
2025-09-14,10,4,75.24,0.075240
2025-09-14,11,5,84.57,0.084570
2025-09-14,12,5,87.3,0.087300
2025-09-14,13,6,83.96,0.083960
2025-09-14,14,6,87.56,0.087560
2025-09-14,15,7,89.69,0.089690
2025-09-14,16,7,93.81,0.093810
2025-09-14,17,8,90.73,0.090730
2025-09-14,18,8,89.6,0.089600
2025-09-14,19,9,87.94,0.087940
2025-09-14,20,9,86.37,0.086370
2025-09-14,21,10,87.91,0.087910
2025-09-14,22,10,89.52,0.089520
2025-09-14,23,11,87.3,0.087300
2025-09-14,24,11,89.01,0.089010
2025-09-14,25,12,88.98,0.088980
2025-09-14,26,12,89.45,0.089450
2025-09-14,27,13,92.89,0.092890
2025-09-14,28,13,89.42,0.089420
2025-09-14,29,14,86.27,0.086270
2025-09-14,30,14,76.88,0.076880
2025-09-14,31,15,82.02,0.082020
2025-09-14,32,15,82.24,0.082240
2025-09-14,33,16,94.15,0.094150
2025-09-14,34,16,94.38,0.094380
2025-09-14,35,17,88.49,0.088490
2025-09-14,36,17,88.62,0.088620
2025-09-14,37,18,84.35,0.084350
2025-09-14,38,18,80.78,0.080780
2025-09-14,39,19,74.37,0.074370
2025-09-14,40,19,74.97,0.074970
2025-09-14,41,20,76.69,0.076690
2025-09-14,42,20,73.46,0.073460
2025-09-14,43,21,63.92,0.063920
2025-09-14,44,21,56.1,0.056100
2025-09-14,45,22,55.26,0.055260
2025-09-14,46,22,32.74,0.032740
2025-09-14,47,23,15.74,0.015740
2025-09-14,48,23,8.53,0.008530
2025-09-15,1,0,14.89,0.014890
2025-09-15,2,0,14.25,0.014250
2025-09-15,3,1,15.47,0.015470
2025-09-15,4,1,12.71,0.012710
2025-09-15,5,2,9.35,0.009350
2025-09-15,6,2,7.88,0.007880
2025-09-15,7,3,2.91,0.002910
2025-09-15,8,3,2.95,0.002950
2025-09-15,9,4,4.22,0.004220
2025-09-15,10,4,3.1,0.003100
2025-09-15,14,6,16.09,0.016090
2025-09-15,15,7,21.26,0.021260
2025-09-15,16,7,37.36,0.037360
2025-09-15,17,8,33.57,0.033570
2025-09-15,18,8,39.51,0.039510
2025-09-15,19,9,28.59,0.028590
2025-09-15,20,9,12.76,0.012760
2025-09-15,21,10,21.64,0.021640
2025-09-15,22,10,16.43,0.016430
2025-09-15,23,11,8.11,0.008110
2025-09-15,24,11,6.76,0.006760
2025-09-15,25,12,8.39,0.008390
2025-09-15,26,12,13.16,0.013160
2025-09-15,27,13,7.24,0.007240
2025-09-15,28,13,4.94,0.004940
2025-09-15,29,14,9.84,0.009840
2025-09-15,30,14,7.61,0.007610
2025-09-15,31,15,3.93,0.003930
2025-09-15,32,15,8.77,0.008770
2025-09-15,33,16,18.42,0.018420
2025-09-15,34,16,28.72,0.028720
2025-09-15,35,17,43.4,0.043400
2025-09-15,36,17,54.64,0.054640
2025-09-15,37,18,67.49,0.067490
2025-09-15,38,18,78.03,0.078030
2025-09-15,39,19,92.73,0.092730
2025-09-15,40,19,94.16,0.094160
2025-09-15,41,20,95.42,0.095420
2025-09-15,42,20,90.8,0.090800
2025-09-15,43,21,87.52,0.087520
2025-09-15,44,21,71.9,0.071900
2025-09-15,45,22,65.87,0.065870
2025-09-15,46,22,27.89,0.027890
2025-09-15,47,23,17.24,0.017240
2025-09-15,48,23,6.03,0.006030
2025-09-16,1,0,3.34,0.003340
2025-09-16,11,5,13.27,0.013270
2025-09-16,12,5,15.32,0.015320
2025-09-16,13,6,22.47,0.022470
2025-09-16,14,6,36.74,0.036740
2025-09-16,15,7,31.44,0.031440
2025-09-16,16,7,40.9,0.040900
2025-09-16,17,8,37.71,0.037710
2025-09-16,18,8,34.54,0.034540
2025-09-16,19,9,20.38,0.020380
2025-09-16,20,9,7.58,0.007580
2025-09-16,21,10,8.17,0.008170
2025-09-16,22,10,7.67,0.007670
2025-09-16,23,11,1.79,0.001790
2025-09-16,24,11,3.16,0.003160
2025-09-16,25,12,7.02,0.007020
2025-09-16,26,12,9.72,0.009720
2025-09-16,27,13,6.71,0.006710
2025-09-16,28,13,11.83,0.011830
2025-09-16,29,14,16.35,0.016350
2025-09-16,30,14,13.37,0.013370
2025-09-16,31,15,26.57,0.026570
2025-09-16,32,15,33.8,0.033800
2025-09-16,33,16,43.72,0.043720
2025-09-16,34,16,60.84,0.060840
2025-09-16,35,17,81.12,0.081120
2025-09-16,36,17,82.25,0.082250
2025-09-16,37,18,86.06,0.086060
2025-09-16,38,18,91.76,0.091760
2025-09-16,39,19,102.53,0.102530
2025-09-16,40,19,105.31,0.105310
2025-09-16,41,20,99.93,0.099930
2025-09-16,42,20,98.81,0.098810
2025-09-16,43,21,89.49,0.089490
2025-09-16,44,21,81.27,0.081270
2025-09-16,45,22,80.16,0.080160
2025-09-16,46,22,85.55,0.085550
2025-09-16,47,23,98.43,0.098430
2025-09-16,48,23,85.68,0.085680
2025-09-17,1,0,76.01,0.076010
2025-09-17,2,0,74.24,0.074240
2025-09-17,3,1,69.31,0.069310
2025-09-17,4,1,68.11,0.068110
2025-09-17,5,2,69.23,0.069230
2025-09-17,6,2,68.92,0.068920
2025-09-17,7,3,61.55,0.061550
2025-09-17,8,3,56.5,0.056500
2025-09-17,9,4,47.41,0.047410
2025-09-17,10,4,40.59,0.040590
2025-09-17,11,5,49.61,0.049610
2025-09-17,12,5,60.96,0.060960
2025-09-17,13,6,79.34,0.079340
2025-09-17,14,6,90.42,0.090420
2025-09-17,15,7,96.25,0.096250
2025-09-17,16,7,98.91,0.098910
2025-09-17,17,8,99.32,0.099320
2025-09-17,18,8,97.92,0.097920
2025-09-17,19,9,94.21,0.094210
2025-09-17,20,9,81.6,0.081600
2025-09-17,21,10,71.23,0.071230
2025-09-17,22,10,64.09,0.064090
2025-09-17,23,11,36.17,0.036170
2025-09-17,24,11,34.33,0.034330
2025-09-17,25,12,35.32,0.035320
2025-09-17,26,12,31.94,0.031940
2025-09-17,27,13,30.91,0.030910
2025-09-17,28,13,26.72,0.026720
2025-09-17,29,14,24.24,0.024240
2025-09-17,30,14,21.49,0.021490
2025-09-17,31,15,29.55,0.029550
2025-09-17,32,15,35.08,0.035080
2025-09-17,33,16,33.27,0.033270
2025-09-17,34,16,42.92,0.042920
2025-09-17,35,17,62.08,0.062080
2025-09-17,36,17,77.15,0.077150
2025-09-17,37,18,88.34,0.088340
2025-09-17,38,18,88.78,0.088780
2025-09-17,39,19,75.19,0.075190
2025-09-17,40,19,75.91,0.075910
2025-09-17,41,20,77.81,0.077810
2025-09-17,42,20,69.12,0.069120
2025-09-17,43,21,66.7,0.066700
2025-09-17,44,21,46.96,0.046960
2025-09-17,45,22,50.63,0.050630
2025-09-17,46,22,32.66,0.032660
2025-09-17,47,23,23.64,0.023640
2025-09-17,48,23,22.48,0.022480
2025-09-18,1,0,27.49,0.027490
2025-09-18,2,0,22.78,0.022780
2025-09-18,3,1,21.3,0.021300
2025-09-18,4,1,23.19,0.023190
2025-09-18,5,2,17.75,0.017750
2025-09-18,6,2,27.9,0.027900
2025-09-18,7,3,23.11,0.023110
2025-09-18,8,3,23.3,0.023300
2025-09-18,9,4,26.88,0.026880
2025-09-18,10,4,30.97,0.030970
2025-09-18,11,5,42.86,0.042860
2025-09-18,12,5,50.83,0.050830
2025-09-18,13,6,60.79,0.060790
2025-09-18,14,6,80.39,0.080390
2025-09-18,15,7,84.12,0.084120
2025-09-18,16,7,96.09,0.096090
2025-09-18,17,8,84.55,0.084550
2025-09-18,18,8,85.28,0.085280
2025-09-18,19,9,78.23,0.078230
2025-09-18,20,9,64.59,0.064590
2025-09-18,21,10,64.54,0.064540
2025-09-18,22,10,61.24,0.061240
2025-09-18,23,11,52.51,0.052510
2025-09-18,24,11,53.68,0.053680
2025-09-18,25,12,61.8,0.061800
2025-09-18,26,12,62.74,0.062740
2025-09-18,27,13,62.62,0.062620
2025-09-18,28,13,61.17,0.061170
2025-09-18,29,14,62.07,0.062070
2025-09-18,30,14,65.74,0.065740
2025-09-18,31,15,79.28,0.079280
2025-09-18,32,15,80.66,0.080660
2025-09-18,33,16,81.73,0.081730
2025-09-18,34,16,78.93,0.078930
2025-09-18,35,17,90.56,0.090560
2025-09-18,36,17,102.36,0.102360
2025-09-18,37,18,106.35,0.106350
2025-09-18,38,18,110.72,0.110720
2025-09-18,39,19,106.53,0.106530
2025-09-18,40,19,107.5,0.107500
2025-09-18,41,20,96.14,0.096140
2025-09-18,42,20,89.65,0.089650
2025-09-18,43,21,82.22,0.082220
2025-09-18,44,21,83.06,0.083060
2025-09-18,45,22,81.06,0.081060
2025-09-18,46,22,69.77,0.069770
2025-09-18,47,23,43.96,0.043960
2025-09-18,48,23,27.89,0.027890
2025-09-19,1,0,27.81,0.027810
2025-09-19,2,0,21.51,0.021510
2025-09-19,3,1,19.1,0.019100
2025-09-19,4,1,16.06,0.016060
2025-09-19,5,2,11.71,0.011710
2025-09-19,6,2,8.38,0.008380
2025-09-19,7,3,2.61,0.002610
2025-09-19,8,3,0.48,0.000480
2025-09-19,9,4,0.71,0.000710
2025-09-19,11,5,2.7,0.002700
2025-09-19,12,5,13.82,0.013820
2025-09-19,13,6,30.11,0.030110
2025-09-19,14,6,60.87,0.060870
2025-09-19,15,7,85.25,0.085250
2025-09-19,16,7,94.85,0.094850
2025-09-19,17,8,86.02,0.086020
2025-09-19,18,8,84.83,0.084830
2025-09-19,19,9,81.63,0.081630
2025-09-19,20,9,81.52,0.081520
2025-09-19,21,10,81.61,0.081610
2025-09-19,22,10,78.12,0.078120
2025-09-19,23,11,61.58,0.061580
2025-09-19,24,11,58.61,0.058610
2025-09-19,25,12,60.24,0.060240
2025-09-19,26,12,55.2,0.055200
2025-09-19,27,13,60.92,0.060920
2025-09-19,28,13,65.23,0.065230
2025-09-19,29,14,68.0,0.068000
2025-09-19,30,14,73.64,0.073640
2025-09-19,31,15,88.43,0.088430
2025-09-19,32,15,93.56,0.093560
2025-09-19,33,16,94.11,0.094110
2025-09-19,34,16,95.43,0.095430
2025-09-19,35,17,115.15,0.115150
2025-09-19,36,17,117.57,0.117570
2025-09-19,37,18,123.03,0.123030
2025-09-19,38,18,127.02,0.127020
2025-09-19,39,19,116.76,0.116760
2025-09-19,40,19,118.07,0.118070
2025-09-19,41,20,108.46,0.108460
2025-09-19,42,20,98.91,0.098910
2025-09-19,43,21,87.22,0.087220
2025-09-19,44,21,84.27,0.084270
2025-09-19,45,22,83.05,0.083050
2025-09-19,46,22,82.36,0.082360
2025-09-19,47,23,88.69,0.088690
2025-09-19,48,23,90.57,0.090570
2025-09-20,1,0,89.92,0.089920
2025-09-20,2,0,89.21,0.089210
2025-09-20,3,1,90.51,0.090510
2025-09-20,4,1,89.76,0.089760
2025-09-20,5,2,87.51,0.087510
2025-09-20,6,2,83.89,0.083890
2025-09-20,7,3,78.19,0.078190
2025-09-20,8,3,78.55,0.078550
2025-09-20,9,4,78.55,0.078550
2025-09-20,10,4,74.43,0.074430
2025-09-20,11,5,74.52,0.074520
2025-09-20,12,5,78.74,0.078740
2025-09-20,13,6,73.82,0.073820
2025-09-20,14,6,72.54,0.072540
2025-09-20,15,7,90.54,0.090540
2025-09-20,16,7,89.97,0.089970
2025-09-20,17,8,94.02,0.094020
2025-09-20,18,8,97.75,0.097750
2025-09-20,19,9,98.07,0.098070
2025-09-20,20,9,100.1,0.100100
2025-09-20,21,10,104.29,0.104290
2025-09-20,22,10,103.54,0.103540
2025-09-20,23,11,96.82,0.096820
2025-09-20,24,11,92.52,0.092520
2025-09-20,25,12,79.48,0.079480
2025-09-20,26,12,76.42,0.076420
2025-09-20,27,13,79.68,0.079680
2025-09-20,28,13,74.41,0.074410
2025-09-20,29,14,74.0,0.074000
2025-09-20,30,14,75.05,0.075050
2025-09-20,31,15,69.24,0.069240
2025-09-20,32,15,68.05,0.068050
2025-09-20,33,16,71.35,0.071350
2025-09-20,34,16,70.58,0.070580
2025-09-20,35,17,67.15,0.067150
2025-09-20,36,17,67.0,0.067000
2025-09-20,37,18,70.52,0.070520
2025-09-20,38,18,69.33,0.069330
2025-09-20,39,19,48.62,0.048620
2025-09-20,40,19,39.17,0.039170
2025-09-20,41,20,29.08,0.029080
2025-09-20,42,20,18.41,0.018410
2025-09-20,43,21,9.5,0.009500
2025-09-20,44,21,6.28,0.006280
2025-09-20,45,22,6.43,0.006430
2025-09-20,46,22,6.31,0.006310
2025-09-20,47,23,9.58,0.009580
2025-09-20,48,23,11.67,0.011670
2025-09-21,1,0,11.6,0.011600
2025-09-21,2,0,13.04,0.013040
2025-09-21,3,1,5.79,0.005790
2025-09-21,4,1,8.27,0.008270
2025-09-21,5,2,13.62,0.013620
2025-09-21,6,2,12.31,0.012310
2025-09-21,7,3,7.62,0.007620
2025-09-21,8,3,10.35,0.010350
2025-09-21,9,4,13.96,0.013960
2025-09-21,10,4,20.99,0.020990
2025-09-21,11,5,31.05,0.031050
2025-09-21,12,5,34.76,0.034760
2025-09-21,13,6,36.8,0.036800
2025-09-21,14,6,33.28,0.033280
2025-09-21,15,7,9.35,0.009350
2025-09-21,16,7,6.54,0.006540
2025-09-21,17,8,8.44,0.008440
2025-09-21,18,8,8.78,0.008780
2025-09-21,19,9,2.42,0.002420
2025-09-21,20,9,2.78,0.002780
2025-09-21,21,10,0.45,0.000450
2025-09-21,30,14,18.7,0.018700
2025-09-21,31,15,25.37,0.025370
2025-09-21,32,15,35.39,0.035390
2025-09-21,33,16,43.7,0.043700
2025-09-21,34,16,56.83,0.056830
2025-09-21,35,17,79.28,0.079280
2025-09-21,36,17,80.66,0.080660
2025-09-21,37,18,91.9,0.091900
2025-09-21,38,18,95.9,0.095900
2025-09-21,39,19,102.0,0.102000
2025-09-21,40,19,103.32,0.103320
2025-09-21,41,20,103.38,0.103380
2025-09-21,42,20,102.37,0.102370
2025-09-21,43,21,97.77,0.097770
2025-09-21,44,21,87.74,0.087740
2025-09-21,45,22,81.6,0.081600
2025-09-21,46,22,84.77,0.084770
2025-09-21,47,23,86.84,0.086840
2025-09-21,48,23,74.38,0.074380
2025-09-22,1,0,77.59,0.077590
2025-09-22,2,0,72.65,0.072650
2025-09-22,3,1,71.73,0.071730
2025-09-22,4,1,69.85,0.069850
2025-09-22,5,2,71.39,0.071390
2025-09-22,6,2,72.02,0.072020
2025-09-22,7,3,72.23,0.072230
2025-09-22,8,3,71.83,0.071830
2025-09-22,9,4,67.93,0.067930
2025-09-22,10,4,66.02,0.066020
2025-09-22,11,5,60.64,0.060640
2025-09-22,12,5,68.33,0.068330
2025-09-22,13,6,85.36,0.085360
2025-09-22,14,6,89.69,0.089690
2025-09-22,15,7,94.54,0.094540
2025-09-22,16,7,98.1,0.098100
2025-09-22,17,8,97.65,0.097650
2025-09-22,18,8,95.99,0.095990
2025-09-22,19,9,85.4,0.085400
2025-09-22,20,9,80.08,0.080080
2025-09-22,21,10,78.54,0.078540
2025-09-22,22,10,75.73,0.075730
2025-09-22,23,11,68.72,0.068720
2025-09-22,24,11,62.97,0.062970
2025-09-22,25,12,58.13,0.058130
2025-09-22,26,12,56.77,0.056770
2025-09-22,27,13,63.93,0.063930
2025-09-22,28,13,62.73,0.062730
2025-09-22,29,14,63.8,0.063800
2025-09-22,30,14,61.35,0.061350
2025-09-22,31,15,63.87,0.063870
2025-09-22,32,15,68.06,0.068060
2025-09-22,33,16,65.51,0.065510
2025-09-22,34,16,62.53,0.062530
2025-09-22,35,17,75.75,0.075750
2025-09-22,36,17,83.46,0.083460
2025-09-22,37,18,98.38,0.098380
2025-09-22,38,18,104.57,0.104570
2025-09-22,39,19,102.47,0.102470
2025-09-22,40,19,103.96,0.103960
2025-09-22,41,20,95.73,0.095730
2025-09-22,42,20,88.37,0.088370
2025-09-22,43,21,82.64,0.082640
2025-09-22,44,21,81.24,0.081240
2025-09-22,45,22,79.64,0.079640
2025-09-22,46,22,79.6,0.079600
2025-09-22,47,23,86.51,0.086510
2025-09-22,48,23,83.91,0.083910
2025-09-23,1,0,86.4,0.086400
2025-09-23,2,0,85.67,0.085670
2025-09-23,3,1,83.16,0.083160
2025-09-23,4,1,84.13,0.084130
2025-09-23,5,2,83.21,0.083210
2025-09-23,6,2,83.45,0.083450
2025-09-23,7,3,93.84,0.093840
2025-09-23,8,3,90.25,0.090250
2025-09-23,9,4,92.75,0.092750
2025-09-23,10,4,85.44,0.085440
2025-09-23,11,5,83.95,0.083950
2025-09-23,12,5,82.55,0.082550
2025-09-23,13,6,87.02,0.087020
2025-09-23,14,6,101.34,0.101340
2025-09-23,15,7,114.52,0.114520
2025-09-23,16,7,130.67,0.130670
2025-09-23,17,8,119.45,0.119450
2025-09-23,18,8,115.17,0.115170
2025-09-23,19,9,86.08,0.086080
2025-09-23,20,9,75.32,0.075320
2025-09-23,21,10,83.37,0.083370
2025-09-23,22,10,80.17,0.080170
2025-09-23,23,11,79.81,0.079810
2025-09-23,24,11,77.22,0.077220
2025-09-23,25,12,75.24,0.075240
2025-09-23,26,12,74.06,0.074060
2025-09-23,27,13,73.42,0.073420
2025-09-23,28,13,75.38,0.075380
2025-09-23,29,14,75.61,0.075610
2025-09-23,30,14,75.13,0.075130
2025-09-23,31,15,88.1,0.088100
2025-09-23,32,15,89.05,0.089050
2025-09-23,33,16,87.09,0.087090
2025-09-23,34,16,93.61,0.093610
2025-09-23,35,17,110.78,0.110780
2025-09-23,36,17,116.2,0.116200
2025-09-23,37,18,115.01,0.115010
2025-09-23,38,18,118.2,0.118200
2025-09-23,39,19,114.97,0.114970
2025-09-23,40,19,109.55,0.109550
2025-09-23,41,20,111.18,0.111180
2025-09-23,42,20,105.25,0.105250
2025-09-23,43,21,91.41,0.091410
2025-09-23,44,21,86.52,0.086520
2025-09-23,45,22,88.41,0.088410
2025-09-23,46,22,83.96,0.083960
2025-09-23,47,23,82.41,0.082410
2025-09-23,48,23,76.67,0.076670
2025-09-24,1,0,73.75,0.073750
2025-09-24,2,0,72.75,0.072750
2025-09-24,3,1,76.4,0.076400
2025-09-24,4,1,74.49,0.074490
2025-09-24,5,2,75.56,0.075560
2025-09-24,6,2,75.74,0.075740
2025-09-24,7,3,74.42,0.074420
2025-09-24,8,3,76.73,0.076730
2025-09-24,9,4,85.88,0.085880
2025-09-24,10,4,82.29,0.082290
2025-09-24,11,5,86.6,0.086600
2025-09-24,12,5,82.93,0.082930
2025-09-24,13,6,96.46,0.096460
2025-09-24,14,6,101.63,0.101630
2025-09-24,15,7,107.1,0.107100
2025-09-24,16,7,104.94,0.104940
2025-09-24,17,8,108.4,0.108400
2025-09-24,18,8,112.61,0.112610
2025-09-24,19,9,107.96,0.107960
2025-09-24,20,9,95.76,0.095760
2025-09-24,21,10,83.91,0.083910
2025-09-24,22,10,79.42,0.079420
2025-09-24,23,11,74.06,0.074060
2025-09-24,24,11,71.56,0.071560
2025-09-24,25,12,69.71,0.069710
2025-09-24,26,12,70.63,0.070630
2025-09-24,27,13,72.48,0.072480
2025-09-24,28,13,70.69,0.070690
2025-09-24,29,14,71.97,0.071970
2025-09-24,30,14,73.47,0.073470
2025-09-24,31,15,77.98,0.077980
2025-09-24,32,15,77.63,0.077630
2025-09-24,33,16,78.48,0.078480
2025-09-24,34,16,78.65,0.078650
2025-09-24,35,17,85.76,0.085760
2025-09-24,36,17,90.46,0.090460
2025-09-24,37,18,90.0,0.090000
2025-09-24,38,18,95.86,0.095860
2025-09-24,39,19,100.03,0.100030
2025-09-24,40,19,101.44,0.101440
2025-09-24,41,20,97.58,0.097580
2025-09-24,42,20,90.82,0.090820
2025-09-24,43,21,90.11,0.090110
2025-09-24,44,21,90.09,0.090090
2025-09-24,45,22,88.86,0.088860
2025-09-24,46,22,88.89,0.088890
2025-09-24,47,23,84.49,0.084490
2025-09-24,48,23,82.55,0.082550
2025-09-25,1,0,87.25,0.087250
2025-09-25,2,0,89.78,0.089780
2025-09-25,3,1,90.31,0.090310
2025-09-25,4,1,91.31,0.091310
2025-09-25,5,2,94.07,0.094070
2025-09-25,6,2,94.03,0.094030
2025-09-25,7,3,96.81,0.096810
2025-09-25,8,3,92.49,0.092490
2025-09-25,9,4,88.88,0.088880
2025-09-25,10,4,86.71,0.086710
2025-09-25,11,5,83.28,0.083280
2025-09-25,12,5,80.3,0.080300
2025-09-25,13,6,96.92,0.096920
2025-09-25,14,6,101.17,0.101170
2025-09-25,15,7,111.93,0.111930
2025-09-25,16,7,114.26,0.114260
2025-09-25,17,8,109.4,0.109400
2025-09-25,18,8,105.32,0.105320
2025-09-25,19,9,91.47,0.091470
2025-09-25,20,9,83.55,0.083550
2025-09-25,21,10,84.58,0.084580
2025-09-25,22,10,78.7,0.078700
2025-09-25,23,11,76.79,0.076790
2025-09-25,24,11,76.98,0.076980
2025-09-25,25,12,79.51,0.079510
2025-09-25,26,12,79.05,0.079050
2025-09-25,27,13,76.91,0.076910
2025-09-25,28,13,75.64,0.075640
2025-09-25,29,14,73.36,0.073360
2025-09-25,30,14,71.06,0.071060
2025-09-25,31,15,77.19,0.077190
2025-09-25,32,15,74.24,0.074240
2025-09-25,33,16,72.51,0.072510
2025-09-25,34,16,70.61,0.070610
2025-09-25,35,17,95.04,0.095040
2025-09-25,36,17,107.35,0.107350
2025-09-25,37,18,112.51,0.112510
2025-09-25,38,18,113.85,0.113850
2025-09-25,39,19,115.61,0.115610
2025-09-25,40,19,116.02,0.116020
2025-09-25,41,20,109.05,0.109050
2025-09-25,42,20,106.76,0.106760
2025-09-25,43,21,93.01,0.093010
2025-09-25,44,21,79.17,0.079170
2025-09-25,45,22,88.12,0.088120
2025-09-25,46,22,89.52,0.089520
2025-09-25,47,23,80.57,0.080570
2025-09-25,48,23,76.27,0.076270
2025-09-26,1,0,77.9,0.077900
2025-09-26,2,0,78.05,0.078050
2025-09-26,3,1,71.89,0.071890
2025-09-26,4,1,73.22,0.073220
2025-09-26,5,2,77.29,0.077290
2025-09-26,6,2,78.19,0.078190
2025-09-26,7,3,82.57,0.082570
2025-09-26,8,3,81.33,0.081330
2025-09-26,9,4,80.22,0.080220
2025-09-26,10,4,79.9,0.079900
2025-09-26,11,5,77.66,0.077660
2025-09-26,12,5,75.41,0.075410
2025-09-26,13,6,77.84,0.077840
2025-09-26,14,6,87.27,0.087270
2025-09-26,15,7,93.35,0.093350
2025-09-26,16,7,100.65,0.100650
2025-09-26,17,8,98.58,0.098580
2025-09-26,18,8,97.76,0.097760
2025-09-26,19,9,84.79,0.084790
2025-09-26,20,9,78.01,0.078010
2025-09-26,21,10,73.78,0.073780
2025-09-26,22,10,74.7,0.074700
2025-09-26,23,11,74.06,0.074060
2025-09-26,24,11,72.41,0.072410
2025-09-26,25,12,75.53,0.075530
2025-09-26,26,12,75.18,0.075180
2025-09-26,27,13,74.45,0.074450
2025-09-26,28,13,74.74,0.074740
2025-09-26,29,14,71.84,0.071840
2025-09-26,30,14,73.64,0.073640
2025-09-26,31,15,77.91,0.077910
2025-09-26,32,15,79.81,0.079810
2025-09-26,33,16,81.85,0.081850
2025-09-26,34,16,84.96,0.084960
2025-09-26,35,17,100.75,0.100750
2025-09-26,36,17,104.92,0.104920
2025-09-26,37,18,105.79,0.105790
2025-09-26,38,18,106.03,0.106030
2025-09-26,39,19,95.78,0.095780
2025-09-26,40,19,94.83,0.094830
2025-09-26,41,20,88.58,0.088580
2025-09-26,42,20,78.67,0.078670
2025-09-26,43,21,86.57,0.086570
2025-09-26,44,21,87.61,0.087610
2025-09-26,45,22,82.47,0.082470
2025-09-26,46,22,80.54,0.080540
2025-09-26,47,23,74.58,0.074580
2025-09-26,48,23,72.07,0.072070
2025-09-27,1,0,74.96,0.074960
2025-09-27,2,0,73.64,0.073640
2025-09-27,3,1,72.49,0.072490
2025-09-27,4,1,72.92,0.072920
2025-09-27,5,2,74.68,0.074680
2025-09-27,6,2,72.05,0.072050
2025-09-27,7,3,71.63,0.071630
2025-09-27,8,3,74.62,0.074620
2025-09-27,9,4,75.39,0.075390
2025-09-27,10,4,76.05,0.076050
2025-09-27,11,5,74.01,0.074010
2025-09-27,12,5,75.76,0.075760
2025-09-27,13,6,79.58,0.079580
2025-09-27,14,6,80.81,0.080810
2025-09-27,15,7,81.92,0.081920
2025-09-27,16,7,82.75,0.082750
2025-09-27,17,8,78.61,0.078610
2025-09-27,18,8,78.35,0.078350
2025-09-27,19,9,75.22,0.075220
2025-09-27,20,9,76.8,0.076800
2025-09-27,21,10,77.6,0.077600
2025-09-27,22,10,75.48,0.075480
2025-09-27,23,11,70.33,0.070330
2025-09-27,24,11,68.54,0.068540
2025-09-27,25,12,67.51,0.067510
2025-09-27,26,12,71.45,0.071450
2025-09-27,27,13,67.9,0.067900
2025-09-27,28,13,66.82,0.066820
2025-09-27,29,14,67.24,0.067240
2025-09-27,30,14,67.06,0.067060
2025-09-27,31,15,69.16,0.069160
2025-09-27,32,15,68.73,0.068730
2025-09-27,33,16,71.45,0.071450
2025-09-27,34,16,72.49,0.072490
2025-09-27,35,17,75.43,0.075430
2025-09-27,36,17,82.36,0.082360
2025-09-27,37,18,89.69,0.089690
2025-09-27,38,18,96.69,0.096690
2025-09-27,39,19,101.64,0.101640
2025-09-27,40,19,102.95,0.102950
2025-09-27,41,20,104.18,0.104180
2025-09-27,42,20,99.9,0.099900
2025-09-27,43,21,96.3,0.096300
2025-09-27,44,21,93.85,0.093850
2025-09-27,45,22,93.04,0.093040
2025-09-27,46,22,89.99,0.089990
2025-09-27,47,23,84.69,0.084690
2025-09-27,48,23,78.68,0.078680
2025-09-28,1,0,81.58,0.081580
2025-09-28,2,0,82.64,0.082640
2025-09-28,3,1,81.72,0.081720
2025-09-28,4,1,83.0,0.083000
2025-09-28,5,2,82.89,0.082890
2025-09-28,6,2,83.73,0.083730
2025-09-28,7,3,86.31,0.086310
2025-09-28,8,3,88.19,0.088190
2025-09-28,9,4,88.49,0.088490
2025-09-28,10,4,88.33,0.088330
2025-09-28,11,5,87.27,0.087270
2025-09-28,12,5,88.69,0.088690
2025-09-28,13,6,89.02,0.089020
2025-09-28,14,6,90.32,0.090320
2025-09-28,15,7,86.86,0.086860
2025-09-28,16,7,87.75,0.087750
2025-09-28,17,8,81.22,0.081220
2025-09-28,18,8,86.7,0.086700
2025-09-28,19,9,90.77,0.090770
2025-09-28,20,9,88.51,0.088510
2025-09-28,21,10,90.85,0.090850
2025-09-28,22,10,89.08,0.089080
2025-09-28,23,11,83.54,0.083540
2025-09-28,24,11,84.01,0.084010
2025-09-28,25,12,81.75,0.081750
2025-09-28,26,12,79.2,0.079200
2025-09-28,27,13,80.76,0.080760
2025-09-28,28,13,81.07,0.081070
2025-09-28,29,14,82.54,0.082540
2025-09-28,30,14,79.68,0.079680
2025-09-28,31,15,81.2,0.081200
2025-09-28,32,15,76.79,0.076790
2025-09-28,33,16,83.97,0.083970
2025-09-28,34,16,96.49,0.096490
2025-09-28,35,17,118.14,0.118140
2025-09-28,36,17,123.92,0.123920
2025-09-28,37,18,117.57,0.117570
2025-09-28,38,18,119.62,0.119620
2025-09-28,39,19,119.55,0.119550
2025-09-28,40,19,119.57,0.119570
2025-09-28,41,20,116.48,0.116480
2025-09-28,42,20,115.74,0.115740
2025-09-28,43,21,96.93,0.096930
2025-09-28,44,21,86.74,0.086740
2025-09-28,45,22,91.39,0.091390
2025-09-28,46,22,87.32,0.087320
2025-09-28,47,23,87.32,0.087320
2025-09-28,48,23,81.94,0.081940
2025-09-29,1,0,79.03,0.079030
2025-09-29,2,0,77.16,0.077160
2025-09-29,3,1,80.26,0.080260
2025-09-29,4,1,80.12,0.080120
2025-09-29,5,2,80.06,0.080060
2025-09-29,6,2,77.83,0.077830
2025-09-29,7,3,78.31,0.078310
2025-09-29,8,3,77.2,0.077200
2025-09-29,9,4,79.3,0.079300
2025-09-29,10,4,75.54,0.075540
2025-09-29,11,5,72.99,0.072990
2025-09-29,12,5,72.36,0.072360
2025-09-29,13,6,77.64,0.077640
2025-09-29,14,6,95.69,0.095690
2025-09-29,15,7,100.71,0.100710
2025-09-29,16,7,108.17,0.108170
2025-09-29,17,8,104.6,0.104600
2025-09-29,18,8,105.54,0.105540
2025-09-29,19,9,82.02,0.082020
2025-09-29,20,9,76.65,0.076650
2025-09-29,21,10,78.62,0.078620
2025-09-29,22,10,76.81,0.076810
2025-09-29,23,11,75.35,0.075350
2025-09-29,24,11,71.31,0.071310
2025-09-29,25,12,69.21,0.069210
2025-09-29,26,12,68.62,0.068620
2025-09-29,27,13,66.97,0.066970
2025-09-29,28,13,68.54,0.068540
2025-09-29,29,14,73.99,0.073990
2025-09-29,30,14,72.4,0.072400
2025-09-29,31,15,84.89,0.084890
2025-09-29,32,15,87.31,0.087310
2025-09-29,33,16,101.24,0.101240
2025-09-29,34,16,104.08,0.104080
2025-09-29,35,17,131.23,0.131230
2025-09-29,36,17,126.34,0.126340
2025-09-29,37,18,122.64,0.122640
2025-09-29,38,18,127.78,0.127780
2025-09-29,39,19,107.64,0.107640
2025-09-29,40,19,101.34,0.101340
2025-09-29,41,20,102.2,0.102200
2025-09-29,42,20,91.66,0.091660
2025-09-29,43,21,87.13,0.087130
2025-09-29,44,21,84.17,0.084170
2025-09-29,45,22,86.43,0.086430
2025-09-29,46,22,81.4,0.081400
2025-09-29,47,23,77.13,0.077130
2025-09-29,48,23,75.65,0.075650
2025-09-30,1,0,72.96,0.072960
2025-09-30,2,0,74.14,0.074140
2025-09-30,3,1,77.84,0.077840
2025-09-30,4,1,75.11,0.075110
2025-09-30,5,2,73.36,0.073360
2025-09-30,6,2,75.75,0.075750
2025-09-30,7,3,75.84,0.075840
2025-09-30,8,3,74.72,0.074720
2025-09-30,9,4,69.08,0.069080
2025-09-30,10,4,70.49,0.070490
2025-09-30,11,5,79.11,0.079110
2025-09-30,12,5,73.56,0.073560
2025-09-30,13,6,79.32,0.079320
2025-09-30,14,6,95.72,0.095720
2025-09-30,15,7,106.79,0.106790
2025-09-30,16,7,111.46,0.111460
2025-09-30,17,8,107.3,0.107300
2025-09-30,18,8,107.48,0.107480
2025-09-30,19,9,92.74,0.092740
2025-09-30,20,9,81.99,0.081990
2025-09-30,21,10,77.17,0.077170
2025-09-30,22,10,82.1,0.082100
2025-09-30,23,11,77.08,0.077080
2025-09-30,24,11,71.63,0.071630
2025-09-30,25,12,73.99,0.073990
2025-09-30,26,12,71.08,0.071080
2025-09-30,27,13,70.18,0.070180
2025-09-30,28,13,71.0,0.071000
2025-09-30,29,14,73.92,0.073920
2025-09-30,30,14,71.88,0.071880
2025-09-30,31,15,74.71,0.074710
2025-09-30,32,15,82.43,0.082430
2025-09-30,33,16,84.7,0.084700
2025-09-30,34,16,89.68,0.089680
2025-09-30,35,17,109.96,0.109960
2025-09-30,36,17,119.63,0.119630
2025-09-30,37,18,121.23,0.121230
2025-09-30,38,18,119.77,0.119770
2025-09-30,39,19,103.47,0.103470
2025-09-30,40,19,98.23,0.098230
2025-09-30,41,20,94.07,0.094070
2025-09-30,42,20,85.27,0.085270
2025-09-30,43,21,78.73,0.078730
2025-09-30,44,21,75.27,0.075270
2025-09-30,45,22,76.63,0.076630
2025-09-30,46,22,79.58,0.079580
2025-09-30,47,23,79.51,0.079510
2025-09-30,48,23,75.06,0.075060
2025-10-01,1,0,73.32,0.073320
2025-10-01,2,0,67.16,0.067160
2025-10-01,3,1,73.99,0.073990
2025-10-01,4,1,75.94,0.075940
2025-10-01,5,2,75.54,0.075540
2025-10-01,6,2,73.15,0.073150
2025-10-01,7,3,69.54,0.069540
2025-10-01,8,3,68.5,0.068500
2025-10-01,9,4,68.52,0.068520
2025-10-01,10,4,69.5,0.069500
2025-10-01,11,5,68.75,0.068750
2025-10-01,12,5,67.27,0.067270
2025-10-01,13,6,70.61,0.070610
2025-10-01,14,6,79.92,0.079920
2025-10-01,15,7,99.34,0.099340
2025-10-01,16,7,108.65,0.108650
2025-10-01,17,8,101.52,0.101520
2025-10-01,18,8,101.26,0.101260
2025-10-01,19,9,82.32,0.082320
2025-10-01,20,9,78.79,0.078790
2025-10-01,21,10,73.99,0.073990
2025-10-01,22,10,76.76,0.076760
2025-10-01,23,11,78.03,0.078030
2025-10-01,24,11,78.75,0.078750
2025-10-01,25,12,78.39,0.078390
2025-10-01,26,12,73.58,0.073580
2025-10-01,27,13,68.35,0.068350
2025-10-01,28,13,67.75,0.067750
2025-10-01,29,14,71.88,0.071880
2025-10-01,30,14,68.7,0.068700
2025-10-01,31,15,79.81,0.079810
2025-10-01,32,15,77.1,0.077100
2025-10-01,33,16,81.58,0.081580
2025-10-01,34,16,80.28,0.080280
2025-10-01,35,17,101.88,0.101880
2025-10-01,36,17,111.51,0.111510
2025-10-01,37,18,115.22,0.115220
2025-10-01,38,18,118.23,0.118230
2025-10-01,39,19,113.32,0.113320
2025-10-01,40,19,108.85,0.108850
2025-10-01,41,20,95.98,0.095980
2025-10-01,42,20,79.79,0.079790
2025-10-01,43,21,81.51,0.081510
2025-10-01,44,21,80.71,0.080710
2025-10-01,45,22,75.74,0.075740
2025-10-01,46,22,75.9,0.075900
2025-10-01,47,23,70.81,0.070810
2025-10-01,48,23,67.82,0.067820
2025-10-02,1,0,66.44,0.066440
2025-10-02,2,0,65.98,0.065980
2025-10-02,3,1,68.83,0.068830
2025-10-02,4,1,72.15,0.072150
2025-10-02,5,2,68.22,0.068220
2025-10-02,6,2,70.09,0.070090
2025-10-02,7,3,67.65,0.067650
2025-10-02,8,3,63.13,0.063130
2025-10-02,9,4,70.97,0.070970
2025-10-02,10,4,70.93,0.070930
2025-10-02,11,5,77.0,0.077000
2025-10-02,12,5,74.58,0.074580
2025-10-02,13,6,94.79,0.094790
2025-10-02,14,6,103.52,0.103520
2025-10-02,15,7,100.1,0.100100
2025-10-02,16,7,107.01,0.107010
2025-10-02,17,8,95.98,0.095980
2025-10-02,18,8,95.56,0.095560
2025-10-02,19,9,95.26,0.095260
2025-10-02,20,9,86.6,0.086600
2025-10-02,21,10,78.85,0.078850
2025-10-02,22,10,83.88,0.083880
2025-10-02,23,11,84.09,0.084090
2025-10-02,24,11,85.97,0.085970
2025-10-02,25,12,82.9,0.082900
2025-10-02,26,12,76.27,0.076270
2025-10-02,27,13,68.89,0.068890
2025-10-02,28,13,64.01,0.064010
2025-10-02,29,14,62.44,0.062440
2025-10-02,30,14,58.75,0.058750
2025-10-02,31,15,69.49,0.069490
2025-10-02,32,15,71.41,0.071410
2025-10-02,33,16,74.91,0.074910
2025-10-02,34,16,80.96,0.080960
2025-10-02,35,17,100.85,0.100850
2025-10-02,36,17,103.03,0.103030
2025-10-02,37,18,107.85,0.107850
2025-10-02,38,18,108.1,0.108100
2025-10-02,39,19,96.97,0.096970
2025-10-02,40,19,86.29,0.086290
2025-10-02,41,20,70.41,0.070410
2025-10-02,42,20,70.39,0.070390
2025-10-02,43,21,74.84,0.074840
2025-10-02,44,21,52.34,0.052340
2025-10-02,45,22,44.71,0.044710
2025-10-02,46,22,28.53,0.028530
2025-10-02,47,23,25.54,0.025540
2025-10-02,48,23,21.0,0.021000
2025-10-03,1,0,19.12,0.019120
2025-10-03,2,0,18.11,0.018110
2025-10-03,3,1,12.57,0.012570
2025-10-03,4,1,14.31,0.014310
2025-10-03,5,2,13.22,0.013220
2025-10-03,6,2,12.36,0.012360
2025-10-03,7,3,7.3,0.007300
2025-10-03,8,3,9.09,0.009090
2025-10-03,9,4,10.23,0.010230
2025-10-03,10,4,13.48,0.013480
2025-10-03,11,5,28.24,0.028240
2025-10-03,12,5,53.47,0.053470
2025-10-03,13,6,73.99,0.073990
2025-10-03,14,6,91.32,0.091320
2025-10-03,15,7,100.1,0.100100
2025-10-03,16,7,107.54,0.107540
2025-10-03,17,8,107.81,0.107810
2025-10-03,18,8,109.31,0.109310
2025-10-03,19,9,109.35,0.109350
2025-10-03,20,9,107.47,0.107470
2025-10-03,21,10,103.98,0.103980
2025-10-03,22,10,100.69,0.100690
2025-10-03,23,11,89.05,0.089050
2025-10-03,24,11,79.36,0.079360
2025-10-03,25,12,72.23,0.072230
2025-10-03,26,12,69.85,0.069850
2025-10-03,27,13,65.0,0.065000
2025-10-03,28,13,57.7,0.057700
2025-10-03,29,14,52.7,0.052700
2025-10-03,30,14,47.35,0.047350
2025-10-03,31,15,28.08,0.028080
2025-10-03,32,15,23.4,0.023400
2025-10-03,33,16,34.89,0.034890
2025-10-03,34,16,43.92,0.043920
2025-10-03,35,17,48.13,0.048130
2025-10-03,36,17,59.59,0.059590
2025-10-03,37,18,68.91,0.068910
2025-10-03,38,18,73.4,0.073400
2025-10-03,39,19,74.92,0.074920
2025-10-03,40,19,73.25,0.073250
2025-10-03,41,20,70.83,0.070830
2025-10-03,42,20,64.57,0.064570
2025-10-03,43,21,61.4,0.061400
2025-10-03,44,21,49.69,0.049690
2025-10-03,45,22,58.42,0.058420
2025-10-03,46,22,38.38,0.038380
2025-10-03,47,23,35.88,0.035880
2025-10-03,48,23,26.87,0.026870
2025-10-04,1,0,26.03,0.026030
2025-10-04,2,0,22.35,0.022350
2025-10-04,3,1,13.82,0.013820
2025-10-04,4,1,8.76,0.008760
2025-10-04,5,2,5.8,0.005800
2025-10-04,6,2,3.23,0.003230
2025-10-04,7,3,8.26,0.008260
2025-10-04,8,3,4.12,0.004120
2025-10-04,12,5,0.16,0.000160
2025-10-04,13,6,1.44,0.001440
2025-10-04,14,6,3.14,0.003140
2025-10-04,15,7,18.03,0.018030
2025-10-04,16,7,19.78,0.019780
2025-10-04,17,8,9.33,0.009330
2025-10-04,18,8,8.55,0.008550
2025-10-04,19,9,8.2,0.008200
2025-10-04,20,9,3.95,0.003950
2025-10-04,21,10,3.55,0.003550
2025-10-04,22,10,3.02,0.003020
2025-10-04,23,11,4.08,0.004080
2025-10-04,24,11,4.4,0.004400
2025-10-04,25,12,4.38,0.004380
2025-10-04,26,12,11.63,0.011630
2025-10-04,27,13,12.27,0.012270
2025-10-04,28,13,9.59,0.009590
2025-10-04,29,14,10.31,0.010310
2025-10-04,30,14,7.24,0.007240
2025-10-04,31,15,8.4,0.008400
2025-10-04,32,15,7.86,0.007860
2025-10-04,33,16,7.01,0.007010
2025-10-04,34,16,7.86,0.007860
2025-10-04,35,17,14.13,0.014130
2025-10-04,36,17,23.43,0.023430
2025-10-04,37,18,23.08,0.023080
2025-10-04,38,18,22.38,0.022380
2025-10-04,39,19,20.05,0.020050
2025-10-04,40,19,21.57,0.021570
2025-10-04,41,20,20.31,0.020310
2025-10-04,42,20,8.57,0.008570
2025-10-04,43,21,11.14,0.011140
2025-10-04,44,21,4.39,0.004390
2025-10-04,45,22,14.92,0.014920
2025-10-04,46,22,8.18,0.008180
2025-10-04,47,23,2.95,0.002950
2025-10-04,48,23,0.57,0.000570
2025-10-05,1,0,3.2,0.003200
2025-10-05,2,0,3.63,0.003630
2025-10-05,3,1,3.05,0.003050
2025-10-05,4,1,2.64,0.002640
2025-10-05,5,2,4.57,0.004570
2025-10-05,6,2,2.12,0.002120
2025-10-05,7,3,2.91,0.002910
2025-10-05,8,3,1.1,0.001100
2025-10-05,9,4,3.56,0.003560
2025-10-05,10,4,4.28,0.004280
2025-10-05,11,5,3.38,0.003380
2025-10-05,12,5,5.88,0.005880
2025-10-05,13,6,8.72,0.008720
2025-10-05,14,6,8.71,0.008710
2025-10-05,15,7,13.04,0.013040
2025-10-05,16,7,16.0,0.016000
2025-10-05,17,8,6.54,0.006540
2025-10-05,18,8,8.4,0.008400
2025-10-05,19,9,12.25,0.012250
2025-10-05,20,9,11.73,0.011730
2025-10-05,21,10,6.28,0.006280
2025-10-05,22,10,4.39,0.004390
2025-10-05,23,11,5.24,0.005240
2025-10-05,24,11,5.07,0.005070
2025-10-05,25,12,7.14,0.007140
2025-10-05,26,12,7.58,0.007580
2025-10-05,27,13,1.88,0.001880
2025-10-05,28,13,1.06,0.001060
2025-10-05,29,14,4.08,0.004080
2025-10-05,30,14,4.19,0.004190
2025-10-05,31,15,18.47,0.018470
2025-10-05,32,15,33.88,0.033880
2025-10-05,33,16,36.12,0.036120
2025-10-05,34,16,75.1,0.075100
2025-10-05,35,17,86.45,0.086450
2025-10-05,36,17,96.0,0.096000
2025-10-05,37,18,100.28,0.100280
2025-10-05,38,18,100.26,0.100260
2025-10-05,39,19,103.66,0.103660
2025-10-05,40,19,103.61,0.103610
2025-10-05,41,20,101.77,0.101770
2025-10-05,42,20,96.16,0.096160
2025-10-05,43,21,82.21,0.082210
2025-10-05,44,21,74.6,0.074600
2025-10-05,45,22,75.88,0.075880
2025-10-05,46,22,49.98,0.049980
2025-10-05,47,23,43.96,0.043960
2025-10-05,48,23,32.77,0.032770
2025-10-06,1,0,32.25,0.032250
2025-10-06,2,0,35.31,0.035310
2025-10-06,3,1,31.57,0.031570
2025-10-06,4,1,33.78,0.033780
2025-10-06,5,2,28.99,0.028990
2025-10-06,6,2,35.36,0.035360
2025-10-06,7,3,45.7,0.045700
2025-10-06,8,3,55.34,0.055340
2025-10-06,9,4,56.76,0.056760
2025-10-06,10,4,60.1,0.060100
2025-10-06,11,5,74.62,0.074620
2025-10-06,12,5,77.64,0.077640
2025-10-06,13,6,72.39,0.072390
2025-10-06,14,6,83.61,0.083610
2025-10-06,15,7,92.99,0.092990
2025-10-06,16,7,96.45,0.096450
2025-10-06,17,8,94.95,0.094950
2025-10-06,18,8,95.69,0.095690
2025-10-06,19,9,90.05,0.090050
2025-10-06,20,9,81.56,0.081560
2025-10-06,21,10,81.81,0.081810
2025-10-06,22,10,76.46,0.076460
2025-10-06,23,11,81.67,0.081670
2025-10-06,24,11,81.52,0.081520
2025-10-06,25,12,77.01,0.077010
2025-10-06,26,12,70.6,0.070600
2025-10-06,27,13,77.91,0.077910
2025-10-06,28,13,82.03,0.082030
2025-10-06,29,14,83.83,0.083830
2025-10-06,30,14,83.9,0.083900
2025-10-06,31,15,88.16,0.088160
2025-10-06,32,15,90.83,0.090830
2025-10-06,33,16,87.75,0.087750
2025-10-06,34,16,90.3,0.090300
2025-10-06,35,17,101.96,0.101960
2025-10-06,36,17,114.94,0.114940
2025-10-06,37,18,129.57,0.129570
2025-10-06,38,18,131.31,0.131310
2025-10-06,39,19,123.78,0.123780
2025-10-06,40,19,117.93,0.117930
2025-10-06,41,20,107.16,0.107160
2025-10-06,42,20,100.12,0.100120
2025-10-06,43,21,86.6,0.086600
2025-10-06,44,21,87.61,0.087610
2025-10-06,45,22,72.43,0.072430
2025-10-06,46,22,83.57,0.083570
2025-10-06,47,23,89.63,0.089630
2025-10-06,48,23,86.54,0.086540
2025-10-07,1,0,82.81,0.082810
2025-10-07,2,0,64.48,0.064480
2025-10-07,3,1,76.87,0.076870
2025-10-07,4,1,74.57,0.074570
2025-10-07,5,2,70.64,0.070640
2025-10-07,6,2,69.97,0.069970
2025-10-07,7,3,66.4,0.066400
2025-10-07,8,3,63.43,0.063430
2025-10-07,9,4,65.4,0.065400
2025-10-07,10,4,64.53,0.064530
2025-10-07,11,5,74.7,0.074700
2025-10-07,12,5,72.78,0.072780
2025-10-07,13,6,78.24,0.078240
2025-10-07,14,6,77.29,0.077290
2025-10-07,15,7,84.88,0.084880
2025-10-07,16,7,105.26,0.105260
2025-10-07,17,8,102.3,0.102300
2025-10-07,18,8,101.6,0.101600
2025-10-07,19,9,94.07,0.094070
2025-10-07,20,9,94.13,0.094130
2025-10-07,21,10,94.26,0.094260
2025-10-07,22,10,93.27,0.093270
2025-10-07,23,11,85.7,0.085700
2025-10-07,24,11,81.94,0.081940
2025-10-07,25,12,80.52,0.080520
2025-10-07,26,12,79.42,0.079420
2025-10-07,27,13,81.55,0.081550
2025-10-07,28,13,78.75,0.078750
2025-10-07,29,14,80.47,0.080470
2025-10-07,30,14,79.34,0.079340
2025-10-07,31,15,92.03,0.092030
2025-10-07,32,15,91.72,0.091720
2025-10-07,33,16,91.85,0.091850
2025-10-07,34,16,94.32,0.094320
2025-10-07,35,17,113.31,0.113310
2025-10-07,36,17,123.32,0.123320
2025-10-07,37,18,132.5,0.132500
2025-10-07,38,18,137.36,0.137360
2025-10-07,39,19,120.1,0.120100
2025-10-07,40,19,112.48,0.112480
2025-10-07,41,20,110.46,0.110460
2025-10-07,42,20,102.54,0.102540
2025-10-07,43,21,91.74,0.091740
2025-10-07,44,21,87.14,0.087140
2025-10-07,45,22,84.73,0.084730
2025-10-07,46,22,84.16,0.084160
2025-10-07,47,23,78.7,0.078700
2025-10-07,48,23,77.66,0.077660
2025-10-08,1,0,79.01,0.079010
2025-10-08,2,0,77.25,0.077250
2025-10-08,3,1,77.94,0.077940
2025-10-08,4,1,74.71,0.074710
2025-10-08,5,2,71.3,0.071300
2025-10-08,6,2,80.18,0.080180
2025-10-08,7,3,75.16,0.075160
2025-10-08,8,3,76.39,0.076390
2025-10-08,9,4,73.31,0.073310
2025-10-08,10,4,77.05,0.077050
2025-10-08,11,5,77.81,0.077810
2025-10-08,12,5,77.99,0.077990
2025-10-08,13,6,83.67,0.083670
2025-10-08,14,6,99.11,0.099110
2025-10-08,15,7,114.55,0.114550
2025-10-08,16,7,119.46,0.119460
2025-10-08,17,8,113.41,0.113410
2025-10-08,18,8,112.62,0.112620
2025-10-08,19,9,98.26,0.098260
2025-10-08,20,9,95.44,0.095440
2025-10-08,21,10,92.5,0.092500
2025-10-08,22,10,90.87,0.090870
2025-10-08,23,11,85.51,0.085510
2025-10-08,24,11,82.52,0.082520
2025-10-08,25,12,82.26,0.082260
2025-10-08,26,12,79.34,0.079340
2025-10-08,27,13,76.85,0.076850
2025-10-08,28,13,78.62,0.078620
2025-10-08,29,14,78.61,0.078610
2025-10-08,30,14,77.15,0.077150
2025-10-08,31,15,75.22,0.075220
2025-10-08,32,15,75.71,0.075710
2025-10-08,33,16,76.33,0.076330
2025-10-08,34,16,79.89,0.079890
2025-10-08,35,17,91.06,0.091060
2025-10-08,36,17,106.05,0.106050
2025-10-08,37,18,117.37,0.117370
2025-10-08,38,18,122.25,0.122250
2025-10-08,39,19,119.93,0.119930
2025-10-08,40,19,114.39,0.114390
2025-10-08,41,20,100.92,0.100920
2025-10-08,42,20,91.68,0.091680
2025-10-08,43,21,95.69,0.095690
2025-10-08,44,21,86.01,0.086010
2025-10-08,45,22,83.48,0.083480
2025-10-08,46,22,86.21,0.086210
2025-10-08,47,23,86.56,0.086560
2025-10-08,48,23,89.35,0.089350
2025-10-09,1,0,88.29,0.088290
2025-10-09,2,0,88.54,0.088540
2025-10-09,3,1,87.25,0.087250
2025-10-09,4,1,84.35,0.084350
2025-10-09,5,2,87.96,0.087960
2025-10-09,6,2,85.84,0.085840
2025-10-09,7,3,87.06,0.087060
2025-10-09,8,3,85.68,0.085680
2025-10-09,9,4,83.94,0.083940
2025-10-09,10,4,84.2,0.084200
2025-10-09,11,5,87.7,0.087700
2025-10-09,12,5,89.02,0.089020
2025-10-09,13,6,93.1,0.093100
2025-10-09,14,6,106.52,0.106520
2025-10-09,15,7,119.54,0.119540
2025-10-09,16,7,123.49,0.123490
2025-10-09,17,8,120.5,0.120500
2025-10-09,18,8,116.59,0.116590
2025-10-09,19,9,103.36,0.103360
2025-10-09,20,9,99.54,0.099540
2025-10-09,21,10,86.08,0.086080
2025-10-09,22,10,90.98,0.090980
2025-10-09,23,11,80.18,0.080180
2025-10-09,24,11,78.71,0.078710
2025-10-09,25,12,80.13,0.080130
2025-10-09,26,12,78.64,0.078640
2025-10-09,27,13,78.03,0.078030
2025-10-09,28,13,77.2,0.077200
2025-10-09,29,14,70.42,0.070420
2025-10-09,30,14,77.81,0.077810
2025-10-09,31,15,84.52,0.084520
2025-10-09,32,15,84.4,0.084400
2025-10-09,33,16,95.66,0.095660
2025-10-09,34,16,92.71,0.092710
2025-10-09,35,17,115.91,0.115910
2025-10-09,36,17,125.35,0.125350
2025-10-09,37,18,122.85,0.122850
2025-10-09,38,18,124.47,0.124470
2025-10-09,39,19,115.38,0.115380
2025-10-09,40,19,113.16,0.113160
2025-10-09,41,20,102.91,0.102910
2025-10-09,42,20,92.72,0.092720
2025-10-09,43,21,85.18,0.085180
2025-10-09,44,21,87.53,0.087530
2025-10-09,45,22,87.2,0.087200
2025-10-09,46,22,82.46,0.082460
2025-10-09,47,23,82.09,0.082090
2025-10-09,48,23,80.48,0.080480
2025-10-10,1,0,78.9,0.078900
2025-10-10,2,0,77.23,0.077230
2025-10-10,3,1,76.02,0.076020
2025-10-10,4,1,79.29,0.079290
2025-10-10,5,2,81.36,0.081360
2025-10-10,6,2,82.55,0.082550
2025-10-10,7,3,83.28,0.083280
2025-10-10,8,3,78.95,0.078950
2025-10-10,9,4,78.72,0.078720
2025-10-10,10,4,81.27,0.081270
2025-10-10,11,5,84.97,0.084970
2025-10-10,12,5,81.74,0.081740
2025-10-10,13,6,87.46,0.087460
2025-10-10,14,6,97.2,0.097200
2025-10-10,15,7,102.36,0.102360
2025-10-10,16,7,104.76,0.104760
2025-10-10,17,8,96.13,0.096130
2025-10-10,18,8,95.28,0.095280
2025-10-10,19,9,92.17,0.092170
2025-10-10,20,9,87.97,0.087970
2025-10-10,21,10,86.84,0.086840
2025-10-10,22,10,86.7,0.086700
2025-10-10,23,11,83.53,0.083530
2025-10-10,24,11,81.64,0.081640
2025-10-10,25,12,82.48,0.082480
2025-10-10,26,12,83.08,0.083080
2025-10-10,27,13,82.11,0.082110
2025-10-10,28,13,82.47,0.082470
2025-10-10,29,14,83.3,0.083300
2025-10-10,30,14,83.11,0.083110
2025-10-10,31,15,85.29,0.085290
2025-10-10,32,15,86.6,0.086600
2025-10-10,33,16,84.95,0.084950
2025-10-10,34,16,82.02,0.082020
2025-10-10,35,17,95.55,0.095550
2025-10-10,36,17,101.57,0.101570
2025-10-10,37,18,96.22,0.096220
2025-10-10,38,18,101.04,0.101040
2025-10-10,39,19,104.37,0.104370
2025-10-10,40,19,101.97,0.101970
2025-10-10,41,20,100.81,0.100810
2025-10-10,42,20,95.58,0.095580
2025-10-10,43,21,89.69,0.089690
2025-10-10,44,21,83.23,0.083230
2025-10-10,45,22,78.49,0.078490
2025-10-10,46,22,79.16,0.079160
2025-10-10,47,23,83.36,0.083360
2025-10-10,48,23,87.6,0.087600
2025-10-11,1,0,85.16,0.085160
2025-10-11,2,0,83.01,0.083010
2025-10-11,3,1,79.01,0.079010
2025-10-11,4,1,78.93,0.078930
2025-10-11,5,2,76.46,0.076460
2025-10-11,6,2,74.62,0.074620
2025-10-11,7,3,71.67,0.071670
2025-10-11,8,3,71.09,0.071090
2025-10-11,9,4,70.19,0.070190
2025-10-11,10,4,70.0,0.070000
2025-10-11,11,5,73.27,0.073270
2025-10-11,12,5,72.79,0.072790
2025-10-11,13,6,73.69,0.073690
2025-10-11,14,6,77.11,0.077110
2025-10-11,15,7,78.79,0.078790
2025-10-11,16,7,85.07,0.085070
2025-10-11,17,8,88.1,0.088100
2025-10-11,18,8,89.49,0.089490
2025-10-11,19,9,85.09,0.085090
2025-10-11,20,9,87.61,0.087610
2025-10-11,21,10,88.58,0.088580
2025-10-11,22,10,90.63,0.090630
2025-10-11,23,11,93.37,0.093370
2025-10-11,24,11,95.09,0.095090
2025-10-11,25,12,93.47,0.093470
2025-10-11,26,12,93.07,0.093070
2025-10-11,27,13,92.08,0.092080
2025-10-11,28,13,87.6,0.087600
2025-10-11,29,14,87.11,0.087110
2025-10-11,30,14,84.57,0.084570
2025-10-11,31,15,92.69,0.092690
2025-10-11,32,15,91.5,0.091500
2025-10-11,33,16,105.7,0.105700
2025-10-11,34,16,110.92,0.110920
2025-10-11,35,17,109.21,0.109210
2025-10-11,36,17,117.83,0.117830
2025-10-11,37,18,120.21,0.120210
2025-10-11,38,18,124.63,0.124630
2025-10-11,39,19,126.35,0.126350
2025-10-11,40,19,124.58,0.124580
2025-10-11,41,20,118.63,0.118630
2025-10-11,42,20,104.17,0.104170
2025-10-11,43,21,90.36,0.090360
2025-10-11,44,21,87.54,0.087540
2025-10-11,45,22,87.4,0.087400
2025-10-11,46,22,86.91,0.086910
2025-10-11,47,23,81.85,0.081850
2025-10-11,48,23,87.85,0.087850
2025-10-12,1,0,89.76,0.089760
2025-10-12,2,0,87.0,0.087000
2025-10-12,3,1,91.13,0.091130
2025-10-12,4,1,92.92,0.092920
2025-10-12,5,2,92.33,0.092330
2025-10-12,6,2,90.4,0.090400
2025-10-12,7,3,87.48,0.087480
2025-10-12,8,3,85.43,0.085430
2025-10-12,9,4,84.79,0.084790
2025-10-12,10,4,82.47,0.082470
2025-10-12,11,5,78.89,0.078890
2025-10-12,12,5,77.39,0.077390
2025-10-12,13,6,81.94,0.081940
2025-10-12,14,6,80.62,0.080620
2025-10-12,15,7,84.27,0.084270
2025-10-12,16,7,88.41,0.088410
2025-10-12,17,8,90.01,0.090010
2025-10-12,18,8,92.06,0.092060
2025-10-12,19,9,96.96,0.096960
2025-10-12,20,9,103.71,0.103710
2025-10-12,21,10,102.11,0.102110
2025-10-12,22,10,102.42,0.102420
2025-10-12,23,11,107.5,0.107500
2025-10-12,24,11,109.17,0.109170
2025-10-12,25,12,110.27,0.110270
2025-10-12,26,12,110.44,0.110440
2025-10-12,27,13,107.99,0.107990
2025-10-12,28,13,100.95,0.100950
2025-10-12,29,14,96.95,0.096950
2025-10-12,30,14,93.36,0.093360
2025-10-12,31,15,105.98,0.105980
2025-10-12,32,15,94.29,0.094290
2025-10-12,33,16,96.36,0.096360
2025-10-12,34,16,109.94,0.109940
2025-10-12,35,17,108.77,0.108770
2025-10-12,36,17,115.99,0.115990
2025-10-12,37,18,118.55,0.118550
2025-10-12,38,18,119.33,0.119330
2025-10-12,39,19,121.11,0.121110
2025-10-12,40,19,110.46,0.110460
2025-10-12,41,20,116.42,0.116420
2025-10-12,42,20,103.44,0.103440
2025-10-12,43,21,99.89,0.099890
2025-10-12,44,21,92.76,0.092760
2025-10-12,45,22,92.9,0.092900
2025-10-12,46,22,87.31,0.087310
2025-10-12,47,23,78.84,0.078840
2025-10-12,48,23,76.32,0.076320
2025-10-13,1,0,81.77,0.081770
2025-10-13,2,0,79.51,0.079510
2025-10-13,3,1,77.64,0.077640
2025-10-13,4,1,77.84,0.077840
2025-10-13,5,2,79.92,0.079920
2025-10-13,6,2,78.2,0.078200
2025-10-13,7,3,83.05,0.083050
2025-10-13,8,3,79.57,0.079570
2025-10-13,9,4,78.71,0.078710
2025-10-13,10,4,81.82,0.081820
2025-10-13,11,5,81.99,0.081990
2025-10-13,12,5,80.39,0.080390
2025-10-13,13,6,82.39,0.082390
2025-10-13,14,6,89.72,0.089720
2025-10-13,15,7,110.93,0.110930
2025-10-13,16,7,115.52,0.115520
2025-10-13,17,8,110.86,0.110860
2025-10-13,18,8,118.42,0.118420
2025-10-13,19,9,107.04,0.107040
2025-10-13,20,9,109.12,0.109120
2025-10-13,21,10,106.17,0.106170
2025-10-13,22,10,104.37,0.104370
2025-10-13,23,11,101.28,0.101280
2025-10-13,24,11,109.83,0.109830
2025-10-13,25,12,105.67,0.105670
2025-10-13,26,12,123.13,0.123130
2025-10-13,27,13,122.81,0.122810
2025-10-13,28,13,123.48,0.123480
2025-10-13,29,14,122.48,0.122480
2025-10-13,30,14,120.67,0.120670
2025-10-13,31,15,163.68,0.163680
2025-10-13,32,15,174.87,0.174870
2025-10-13,33,16,205.98,0.205980
2025-10-13,34,16,223.0,0.223000
2025-10-13,35,17,287.57,0.287570
2025-10-13,36,17,286.42,0.286420
2025-10-13,37,18,271.76,0.271760
2025-10-13,38,18,273.05,0.273050
2025-10-13,39,19,203.82,0.203820
2025-10-13,40,19,173.79,0.173790
2025-10-13,41,20,137.92,0.137920
2025-10-13,42,20,127.82,0.127820
2025-10-13,43,21,109.12,0.109120
2025-10-13,44,21,102.04,0.102040
2025-10-13,45,22,100.28,0.100280
2025-10-13,46,22,97.86,0.097860
2025-10-13,47,23,90.83,0.090830
2025-10-13,48,23,93.53,0.093530
2025-10-14,1,0,87.69,0.087690
2025-10-14,2,0,84.83,0.084830
2025-10-14,3,1,82.86,0.082860
2025-10-14,4,1,85.86,0.085860
2025-10-14,5,2,79.03,0.079030
2025-10-14,6,2,81.09,0.081090
2025-10-14,7,3,79.92,0.079920
2025-10-14,8,3,75.28,0.075280
2025-10-14,9,4,76.73,0.076730
2025-10-14,10,4,76.68,0.076680
2025-10-14,11,5,76.61,0.076610
2025-10-14,12,5,76.74,0.076740
2025-10-14,13,6,75.67,0.075670
2025-10-14,14,6,83.13,0.083130
2025-10-14,15,7,102.6,0.102600
2025-10-14,16,7,108.2,0.108200
2025-10-14,17,8,110.3,0.110300
2025-10-14,18,8,110.58,0.110580
2025-10-14,19,9,100.39,0.100390
2025-10-14,20,9,100.0,0.100000
2025-10-14,21,10,98.41,0.098410
2025-10-14,22,10,97.4,0.097400
2025-10-14,23,11,88.61,0.088610
2025-10-14,24,11,87.49,0.087490
2025-10-14,25,12,88.65,0.088650
2025-10-14,26,12,88.1,0.088100
2025-10-14,27,13,84.5,0.084500
2025-10-14,28,13,83.51,0.083510
2025-10-14,29,14,91.4,0.091400
2025-10-14,30,14,93.34,0.093340
2025-10-14,31,15,119.9,0.119900
2025-10-14,32,15,116.33,0.116330
2025-10-14,33,16,125.61,0.125610
2025-10-14,34,16,139.02,0.139020
2025-10-14,35,17,166.26,0.166260
2025-10-14,36,17,166.72,0.166720
2025-10-14,37,18,159.34,0.159340
2025-10-14,38,18,159.45,0.159450
2025-10-14,39,19,130.25,0.130250
2025-10-14,40,19,111.18,0.111180
2025-10-14,41,20,114.63,0.114630
2025-10-14,42,20,108.92,0.108920
2025-10-14,43,21,98.71,0.098710
2025-10-14,44,21,93.1,0.093100
2025-10-14,45,22,90.05,0.090050
2025-10-14,46,22,88.4,0.088400
2025-10-14,47,23,79.6,0.079600
2025-10-14,48,23,79.01,0.079010
2025-10-15,1,0,79.37,0.079370
2025-10-15,2,0,74.29,0.074290
2025-10-15,3,1,72.46,0.072460
2025-10-15,4,1,76.57,0.076570
2025-10-15,5,2,75.14,0.075140
2025-10-15,6,2,73.81,0.073810
2025-10-15,7,3,72.99,0.072990
2025-10-15,8,3,73.29,0.073290
2025-10-15,9,4,71.79,0.071790
2025-10-15,10,4,71.2,0.071200
2025-10-15,11,5,72.9,0.072900
2025-10-15,12,5,72.48,0.072480
2025-10-15,13,6,72.93,0.072930
2025-10-15,14,6,80.86,0.080860
2025-10-15,15,7,110.52,0.110520
2025-10-15,16,7,116.02,0.116020
2025-10-15,17,8,110.64,0.110640
2025-10-15,18,8,108.17,0.108170
2025-10-15,19,9,97.91,0.097910
2025-10-15,20,9,97.11,0.097110
2025-10-15,21,10,96.23,0.096230
2025-10-15,22,10,94.42,0.094420
2025-10-15,23,11,87.07,0.087070
2025-10-15,24,11,92.93,0.092930
2025-10-15,25,12,90.65,0.090650
2025-10-15,26,12,102.69,0.102690
2025-10-15,27,13,99.68,0.099680
2025-10-15,28,13,99.32,0.099320
2025-10-15,29,14,97.42,0.097420
2025-10-15,30,14,96.19,0.096190
2025-10-15,31,15,106.54,0.106540
2025-10-15,32,15,112.11,0.112110
2025-10-15,33,16,115.31,0.115310
2025-10-15,34,16,139.0,0.139000
2025-10-15,35,17,138.17,0.138170
2025-10-15,36,17,137.94,0.137940
2025-10-15,37,18,137.35,0.137350
2025-10-15,38,18,140.84,0.140840
2025-10-15,39,19,114.62,0.114620
2025-10-15,40,19,106.66,0.106660
2025-10-15,41,20,109.29,0.109290
2025-10-15,42,20,96.94,0.096940
2025-10-15,43,21,90.76,0.090760
2025-10-15,44,21,84.3,0.084300
2025-10-15,45,22,85.42,0.085420
2025-10-15,46,22,83.84,0.083840
2025-10-15,47,23,78.68,0.078680
2025-10-15,48,23,80.72,0.080720
2025-10-16,1,0,79.07,0.079070
2025-10-16,2,0,78.61,0.078610
2025-10-16,3,1,76.43,0.076430
2025-10-16,4,1,74.55,0.074550
2025-10-16,5,2,73.88,0.073880
2025-10-16,6,2,75.04,0.075040
2025-10-16,7,3,71.75,0.071750
2025-10-16,8,3,72.66,0.072660
2025-10-16,9,4,71.58,0.071580
2025-10-16,10,4,71.1,0.071100
2025-10-16,11,5,74.86,0.074860
2025-10-16,12,5,72.94,0.072940
2025-10-16,13,6,80.94,0.080940
2025-10-16,14,6,91.29,0.091290
2025-10-16,15,7,96.08,0.096080
2025-10-16,16,7,101.17,0.101170
2025-10-16,17,8,96.48,0.096480
2025-10-16,18,8,98.38,0.098380
2025-10-16,19,9,91.79,0.091790
2025-10-16,20,9,90.06,0.090060
2025-10-16,21,10,83.75,0.083750
2025-10-16,22,10,83.71,0.083710
2025-10-16,23,11,76.74,0.076740
2025-10-16,24,11,75.91,0.075910
2025-10-16,25,12,76.82,0.076820
2025-10-16,26,12,74.4,0.074400
2025-10-16,27,13,76.12,0.076120
2025-10-16,28,13,77.02,0.077020
2025-10-16,29,14,75.97,0.075970
2025-10-16,30,14,75.61,0.075610
2025-10-16,31,15,80.02,0.080020
2025-10-16,32,15,80.83,0.080830
2025-10-16,33,16,85.13,0.085130
2025-10-16,34,16,90.16,0.090160
2025-10-16,35,17,109.26,0.109260
2025-10-16,36,17,114.09,0.114090
2025-10-16,37,18,123.4,0.123400
2025-10-16,38,18,128.96,0.128960
2025-10-16,39,19,117.79,0.117790
2025-10-16,40,19,110.25,0.110250
2025-10-16,41,20,101.58,0.101580
2025-10-16,42,20,92.36,0.092360
2025-10-16,43,21,88.99,0.088990
2025-10-16,44,21,89.2,0.089200
2025-10-16,45,22,86.55,0.086550
2025-10-16,46,22,85.58,0.085580
2025-10-16,47,23,87.23,0.087230
2025-10-16,48,23,80.85,0.080850
2025-10-17,1,0,81.06,0.081060
2025-10-17,2,0,81.36,0.081360
2025-10-17,3,1,78.61,0.078610
2025-10-17,4,1,80.87,0.080870
2025-10-17,5,2,77.36,0.077360
2025-10-17,6,2,76.94,0.076940
2025-10-17,7,3,75.11,0.075110
2025-10-17,8,3,74.48,0.074480
2025-10-17,9,4,75.54,0.075540
2025-10-17,10,4,74.1,0.074100
2025-10-17,11,5,78.88,0.078880
2025-10-17,12,5,79.0,0.079000
2025-10-17,13,6,95.07,0.095070
2025-10-17,14,6,100.08,0.100080
2025-10-17,15,7,113.52,0.113520
2025-10-17,16,7,117.34,0.117340
2025-10-17,17,8,95.23,0.095230
2025-10-17,18,8,102.46,0.102460
2025-10-17,19,9,102.93,0.102930
2025-10-17,20,9,98.82,0.098820
2025-10-17,21,10,95.17,0.095170
2025-10-17,22,10,92.82,0.092820
2025-10-17,23,11,80.65,0.080650
2025-10-17,24,11,85.07,0.085070
2025-10-17,25,12,81.69,0.081690
2025-10-17,26,12,82.54,0.082540
2025-10-17,27,13,80.03,0.080030
2025-10-17,28,13,78.38,0.078380
2025-10-17,29,14,75.37,0.075370
2025-10-17,30,14,74.25,0.074250
2025-10-17,31,15,78.25,0.078250
2025-10-17,32,15,78.38,0.078380
2025-10-17,33,16,89.87,0.089870
2025-10-17,34,16,100.59,0.100590
2025-10-17,35,17,105.71,0.105710
2025-10-17,36,17,107.15,0.107150
2025-10-17,37,18,117.31,0.117310
2025-10-17,38,18,120.69,0.120690
2025-10-17,39,19,112.21,0.112210
2025-10-17,40,19,107.27,0.107270
2025-10-17,41,20,101.54,0.101540
2025-10-17,42,20,91.9,0.091900
2025-10-17,43,21,89.51,0.089510
2025-10-17,44,21,83.76,0.083760
2025-10-17,45,22,86.79,0.086790
2025-10-17,46,22,80.79,0.080790
2025-10-17,47,23,79.36,0.079360
2025-10-17,48,23,84.51,0.084510
2025-10-18,1,0,84.24,0.084240
2025-10-18,2,0,79.53,0.079530
2025-10-18,3,1,84.91,0.084910
2025-10-18,4,1,85.96,0.085960
2025-10-18,5,2,83.38,0.083380
2025-10-18,6,2,78.59,0.078590
2025-10-18,7,3,78.74,0.078740
2025-10-18,8,3,75.82,0.075820
2025-10-18,9,4,75.72,0.075720
2025-10-18,10,4,73.86,0.073860
2025-10-18,11,5,74.67,0.074670
2025-10-18,12,5,73.56,0.073560
2025-10-18,13,6,80.08,0.080080
2025-10-18,14,6,86.41,0.086410
2025-10-18,15,7,84.15,0.084150
2025-10-18,16,7,92.84,0.092840
2025-10-18,17,8,86.22,0.086220
2025-10-18,18,8,88.98,0.088980
2025-10-18,19,9,87.32,0.087320
2025-10-18,20,9,92.42,0.092420
2025-10-18,21,10,95.94,0.095940
2025-10-18,22,10,93.07,0.093070
2025-10-18,23,11,86.43,0.086430
2025-10-18,24,11,82.47,0.082470
2025-10-18,25,12,83.6,0.083600
2025-10-18,26,12,85.74,0.085740
2025-10-18,27,13,87.31,0.087310
2025-10-18,28,13,86.29,0.086290
2025-10-18,29,14,83.32,0.083320
2025-10-18,30,14,82.82,0.082820
2025-10-18,31,15,85.11,0.085110
2025-10-18,32,15,81.38,0.081380
2025-10-18,33,16,93.18,0.093180
2025-10-18,34,16,99.43,0.099430
2025-10-18,35,17,105.06,0.105060
2025-10-18,36,17,105.56,0.105560
2025-10-18,37,18,109.86,0.109860
2025-10-18,38,18,108.17,0.108170
2025-10-18,39,19,90.31,0.090310
2025-10-18,40,19,76.93,0.076930
2025-10-18,41,20,72.02,0.072020
2025-10-18,42,20,70.41,0.070410
2025-10-18,43,21,75.71,0.075710
2025-10-18,44,21,79.59,0.079590
2025-10-18,45,22,80.86,0.080860
2025-10-18,46,22,78.19,0.078190
2025-10-18,47,23,81.22,0.081220
2025-10-18,48,23,71.98,0.071980
2025-10-19,1,0,69.3,0.069300
2025-10-19,2,0,68.91,0.068910
2025-10-19,3,1,63.12,0.063120
2025-10-19,4,1,61.16,0.061160
2025-10-19,5,2,61.06,0.061060
2025-10-19,6,2,60.38,0.060380
2025-10-19,7,3,57.45,0.057450
2025-10-19,8,3,56.17,0.056170
2025-10-19,9,4,60.51,0.060510
2025-10-19,10,4,59.64,0.059640
2025-10-19,11,5,61.22,0.061220
2025-10-19,12,5,66.08,0.066080
2025-10-19,13,6,66.64,0.066640
2025-10-19,14,6,70.68,0.070680
2025-10-19,15,7,71.58,0.071580
2025-10-19,16,7,76.11,0.076110
2025-10-19,17,8,66.52,0.066520
2025-10-19,18,8,70.97,0.070970
2025-10-19,19,9,60.72,0.060720
2025-10-19,20,9,59.16,0.059160
2025-10-19,21,10,47.19,0.047190
2025-10-19,22,10,46.95,0.046950
2025-10-19,23,11,52.41,0.052410
2025-10-19,24,11,55.29,0.055290
2025-10-19,25,12,55.09,0.055090
2025-10-19,26,12,56.63,0.056630
2025-10-19,27,13,57.9,0.057900
2025-10-19,28,13,59.91,0.059910
2025-10-19,29,14,59.65,0.059650
2025-10-19,30,14,55.85,0.055850
2025-10-19,31,15,74.01,0.074010
2025-10-19,32,15,81.03,0.081030
2025-10-19,33,16,90.41,0.090410
2025-10-19,34,16,92.62,0.092620
2025-10-19,35,17,93.35,0.093350
2025-10-19,36,17,94.53,0.094530
2025-10-19,37,18,90.34,0.090340
2025-10-19,38,18,92.0,0.092000
2025-10-19,39,19,80.65,0.080650
2025-10-19,40,19,75.93,0.075930
2025-10-19,41,20,79.16,0.079160
2025-10-19,42,20,69.18,0.069180
2025-10-19,43,21,60.59,0.060590
2025-10-19,44,21,51.48,0.051480
2025-10-19,45,22,52.38,0.052380
2025-10-19,46,22,48.43,0.048430
2025-10-19,47,23,42.16,0.042160
2025-10-19,48,23,44.63,0.044630
2025-10-20,1,0,46.81,0.046810
2025-10-20,2,0,48.1,0.048100
2025-10-20,3,1,46.74,0.046740
2025-10-20,4,1,50.13,0.050130
2025-10-20,5,2,54.07,0.054070
2025-10-20,6,2,60.72,0.060720
2025-10-20,7,3,68.02,0.068020
2025-10-20,8,3,65.75,0.065750
2025-10-20,9,4,68.29,0.068290
2025-10-20,10,4,68.06,0.068060
2025-10-20,11,5,71.63,0.071630
2025-10-20,12,5,70.55,0.070550
2025-10-20,13,6,75.55,0.075550
2025-10-20,14,6,68.26,0.068260
2025-10-20,15,7,69.66,0.069660
2025-10-20,16,7,74.13,0.074130
2025-10-20,17,8,75.87,0.075870
2025-10-20,18,8,80.71,0.080710
2025-10-20,19,9,83.55,0.083550
2025-10-20,20,9,90.11,0.090110
2025-10-20,21,10,82.93,0.082930
2025-10-20,22,10,83.33,0.083330
2025-10-20,23,11,76.67,0.076670
2025-10-20,24,11,76.75,0.076750
2025-10-20,25,12,68.82,0.068820
2025-10-20,26,12,72.86,0.072860
2025-10-20,27,13,70.67,0.070670
2025-10-20,28,13,68.02,0.068020
2025-10-20,29,14,72.2,0.072200
2025-10-20,30,14,72.87,0.072870
2025-10-20,31,15,74.15,0.074150
2025-10-20,32,15,78.85,0.078850
2025-10-20,33,16,81.07,0.081070
2025-10-20,34,16,92.97,0.092970
2025-10-20,35,17,97.65,0.097650
2025-10-20,36,17,99.02,0.099020
2025-10-20,37,18,98.9,0.098900
2025-10-20,38,18,101.75,0.101750
2025-10-20,39,19,102.16,0.102160
2025-10-20,40,19,100.63,0.100630
2025-10-20,41,20,98.49,0.098490
2025-10-20,42,20,95.11,0.095110
2025-10-20,43,21,90.95,0.090950
2025-10-20,44,21,89.17,0.089170
2025-10-20,45,22,88.08,0.088080
2025-10-20,46,22,85.04,0.085040
2025-10-20,47,23,98.74,0.098740
2025-10-20,48,23,94.89,0.094890
2025-10-21,1,0,93.34,0.093340
2025-10-21,2,0,86.61,0.086610
2025-10-21,3,1,84.82,0.084820
2025-10-21,4,1,81.89,0.081890
2025-10-21,5,2,78.11,0.078110
2025-10-21,6,2,74.41,0.074410
2025-10-21,7,3,69.71,0.069710
2025-10-21,8,3,66.96,0.066960
2025-10-21,9,4,61.66,0.061660
2025-10-21,10,4,59.19,0.059190
2025-10-21,11,5,62.38,0.062380
2025-10-21,12,5,66.57,0.066570
2025-10-21,13,6,64.42,0.064420
2025-10-21,14,6,64.72,0.064720
2025-10-21,15,7,80.28,0.080280
2025-10-21,16,7,91.89,0.091890
2025-10-21,17,8,99.18,0.099180
2025-10-21,18,8,99.45,0.099450
2025-10-21,19,9,88.49,0.088490
2025-10-21,20,9,83.65,0.083650
2025-10-21,21,10,84.44,0.084440
2025-10-21,22,10,84.34,0.084340
2025-10-21,23,11,80.3,0.080300
2025-10-21,24,11,81.45,0.081450
2025-10-21,25,12,86.12,0.086120
2025-10-21,26,12,85.38,0.085380
2025-10-21,27,13,82.0,0.082000
2025-10-21,28,13,78.45,0.078450
2025-10-21,29,14,79.78,0.079780
2025-10-21,30,14,81.66,0.081660
2025-10-21,31,15,84.86,0.084860
2025-10-21,32,15,86.02,0.086020
2025-10-21,33,16,82.64,0.082640
2025-10-21,34,16,87.6,0.087600
2025-10-21,35,17,94.54,0.094540
2025-10-21,36,17,100.81,0.100810
2025-10-21,37,18,103.08,0.103080
2025-10-21,38,18,103.3,0.103300
2025-10-21,39,19,90.87,0.090870
2025-10-21,40,19,85.99,0.085990
2025-10-21,41,20,75.76,0.075760
2025-10-21,42,20,72.86,0.072860
2025-10-21,43,21,75.14,0.075140
2025-10-21,44,21,67.2,0.067200
2025-10-21,45,22,68.25,0.068250
2025-10-21,46,22,64.5,0.064500
2025-10-21,47,23,55.67,0.055670
2025-10-21,48,23,51.14,0.051140
2025-10-22,1,0,53.44,0.053440
2025-10-22,2,0,55.06,0.055060
2025-10-22,3,1,56.01,0.056010
2025-10-22,4,1,59.17,0.059170
2025-10-22,5,2,61.9,0.061900
2025-10-22,6,2,62.23,0.062230
2025-10-22,7,3,59.1,0.059100
2025-10-22,8,3,59.28,0.059280
2025-10-22,9,4,59.71,0.059710
2025-10-22,10,4,55.93,0.055930
2025-10-22,11,5,57.63,0.057630
2025-10-22,12,5,57.36,0.057360
2025-10-22,13,6,70.88,0.070880
2025-10-22,14,6,62.25,0.062250
2025-10-22,15,7,71.66,0.071660
2025-10-22,16,7,77.9,0.077900
2025-10-22,17,8,85.29,0.085290
2025-10-22,18,8,90.01,0.090010
2025-10-22,19,9,85.33,0.085330
2025-10-22,20,9,84.97,0.084970
2025-10-22,21,10,81.67,0.081670
2025-10-22,22,10,79.72,0.079720
2025-10-22,23,11,74.18,0.074180
2025-10-22,24,11,72.75,0.072750
2025-10-22,25,12,70.81,0.070810
2025-10-22,26,12,71.26,0.071260
2025-10-22,27,13,72.18,0.072180
2025-10-22,28,13,75.89,0.075890
2025-10-22,29,14,86.68,0.086680
2025-10-22,30,14,90.34,0.090340
2025-10-22,31,15,121.71,0.121710
2025-10-22,32,15,134.91,0.134910
2025-10-22,33,16,138.31,0.138310
2025-10-22,34,16,164.86,0.164860
2025-10-22,35,17,246.43,0.246430
2025-10-22,36,17,255.2,0.255200
2025-10-22,37,18,252.44,0.252440
2025-10-22,38,18,249.93,0.249930
2025-10-22,39,19,132.99,0.132990
2025-10-22,40,19,121.14,0.121140
2025-10-22,41,20,104.79,0.104790
2025-10-22,42,20,99.69,0.099690
2025-10-22,43,21,89.0,0.089000
2025-10-22,44,21,85.3,0.085300
2025-10-22,45,22,84.02,0.084020
2025-10-22,46,22,81.01,0.081010
2025-10-22,47,23,82.7,0.082700
2025-10-22,48,23,86.26,0.086260
2025-10-23,1,0,82.85,0.082850
2025-10-23,2,0,83.55,0.083550
2025-10-23,3,1,83.18,0.083180
2025-10-23,4,1,80.15,0.080150
2025-10-23,5,2,80.76,0.080760
2025-10-23,6,2,79.75,0.079750
2025-10-23,7,3,82.3,0.082300
2025-10-23,8,3,79.46,0.079460
2025-10-23,9,4,75.98,0.075980
2025-10-23,10,4,70.11,0.070110
2025-10-23,11,5,64.52,0.064520
2025-10-23,12,5,66.27,0.066270
2025-10-23,13,6,70.75,0.070750
2025-10-23,14,6,73.61,0.073610
2025-10-23,15,7,87.82,0.087820
2025-10-23,16,7,94.01,0.094010
2025-10-23,17,8,93.7,0.093700
2025-10-23,18,8,91.9,0.091900
2025-10-23,19,9,87.55,0.087550
2025-10-23,20,9,82.26,0.082260
2025-10-23,21,10,83.58,0.083580
2025-10-23,22,10,84.62,0.084620
2025-10-23,23,11,78.46,0.078460
2025-10-23,24,11,67.66,0.067660
2025-10-23,25,12,72.66,0.072660
2025-10-23,26,12,71.07,0.071070
2025-10-23,27,13,71.13,0.071130
2025-10-23,28,13,67.01,0.067010
2025-10-23,29,14,63.94,0.063940
2025-10-23,30,14,66.21,0.066210
2025-10-23,31,15,67.06,0.067060
2025-10-23,32,15,72.88,0.072880
2025-10-23,33,16,68.69,0.068690
2025-10-23,34,16,86.63,0.086630
2025-10-23,35,17,79.11,0.079110
2025-10-23,36,17,82.92,0.082920
2025-10-23,37,18,83.17,0.083170
2025-10-23,38,18,85.51,0.085510
2025-10-23,39,19,83.01,0.083010
2025-10-23,40,19,79.68,0.079680
2025-10-23,41,20,81.2,0.081200
2025-10-23,42,20,73.52,0.073520
2025-10-23,43,21,62.81,0.062810
2025-10-23,44,21,33.37,0.033370
2025-10-23,45,22,29.96,0.029960
2025-10-23,46,22,23.56,0.023560
2025-10-23,47,23,4.24,0.004240
2025-10-24,1,0,0.36,0.000360
2025-10-24,9,4,4.91,0.004910
2025-10-24,10,4,6.79,0.006790
2025-10-24,11,5,14.27,0.014270
2025-10-24,12,5,28.6,0.028600
2025-10-24,13,6,58.58,0.058580
2025-10-24,14,6,77.49,0.077490
2025-10-24,15,7,95.92,0.095920
2025-10-24,16,7,102.43,0.102430
2025-10-24,17,8,100.35,0.100350
2025-10-24,18,8,98.9,0.098900
2025-10-24,19,9,95.08,0.095080
2025-10-24,20,9,90.96,0.090960
2025-10-24,21,10,80.93,0.080930
2025-10-24,22,10,68.24,0.068240
2025-10-24,23,11,38.12,0.038120
2025-10-24,24,11,22.62,0.022620
2025-10-24,25,12,24.03,0.024030
2025-10-24,26,12,20.84,0.020840
2025-10-24,27,13,17.24,0.017240
2025-10-24,28,13,14.5,0.014500
2025-10-24,29,14,16.72,0.016720
2025-10-24,30,14,17.32,0.017320
2025-10-24,31,15,30.0,0.030000
2025-10-24,32,15,45.2,0.045200
2025-10-24,33,16,52.16,0.052160
2025-10-24,34,16,59.16,0.059160
2025-10-24,35,17,72.87,0.072870
2025-10-24,36,17,74.69,0.074690
2025-10-24,37,18,82.7,0.082700
2025-10-24,38,18,86.82,0.086820
2025-10-24,39,19,77.62,0.077620
2025-10-24,40,19,57.51,0.057510
2025-10-24,41,20,57.3,0.057300
2025-10-24,42,20,32.19,0.032190
2025-10-24,43,21,30.01,0.030010
2025-10-24,44,21,16.76,0.016760
2025-10-24,45,22,34.04,0.034040
2025-10-24,46,22,10.62,0.010620
2025-10-24,47,23,5.68,0.005680
2025-10-25,2,0,0.38,0.000380
2025-10-25,3,1,6.97,0.006970
2025-10-25,4,1,7.19,0.007190
2025-10-25,5,2,4.29,0.004290
2025-10-25,6,2,3.79,0.003790
2025-10-25,7,3,5.96,0.005960
2025-10-25,8,3,1.91,0.001910
2025-10-25,9,4,2.32,0.002320
2025-10-25,10,4,1.72,0.001720
2025-10-25,11,5,4.72,0.004720
2025-10-25,12,5,4.48,0.004480
2025-10-25,13,6,6.87,0.006870
2025-10-25,14,6,9.92,0.009920
2025-10-25,15,7,3.55,0.003550
2025-10-25,16,7,10.99,0.010990
2025-10-25,17,8,8.11,0.008110
2025-10-25,18,8,10.08,0.010080
2025-10-25,19,9,9.56,0.009560
2025-10-25,20,9,12.36,0.012360
2025-10-25,21,10,13.09,0.013090
2025-10-25,22,10,6.76,0.006760
2025-10-25,23,11,6.09,0.006090
2025-10-25,24,11,4.72,0.004720
2025-10-25,25,12,5.85,0.005850
2025-10-25,26,12,5.05,0.005050
2025-10-25,27,13,10.97,0.010970
2025-10-25,28,13,11.77,0.011770
2025-10-25,29,14,10.48,0.010480
2025-10-25,30,14,10.14,0.010140
2025-10-25,31,15,14.25,0.014250
2025-10-25,32,15,17.46,0.017460
2025-10-25,33,16,13.97,0.013970
2025-10-25,34,16,43.6,0.043600
2025-10-25,35,17,68.05,0.068050
2025-10-25,36,17,82.98,0.082980
2025-10-25,37,18,85.34,0.085340
2025-10-25,38,18,88.88,0.088880
2025-10-25,39,19,86.49,0.086490
2025-10-25,40,19,79.0,0.079000
2025-10-25,41,20,73.9,0.073900
2025-10-25,42,20,48.7,0.048700
2025-10-25,43,21,52.71,0.052710
2025-10-25,44,21,40.32,0.040320
2025-10-25,45,22,52.34,0.052340
2025-10-25,46,22,26.15,0.026150
2025-10-25,47,23,31.91,0.031910
2025-10-25,48,23,25.03,0.025030
2025-10-26,1,0,24.51,0.024510
2025-10-26,2,0,21.2,0.021200
2025-10-26,3,1,25.85,0.025850
2025-10-26,4,1,35.77,0.035770
2025-10-26,5,2,19.36,0.019360
2025-10-26,6,2,15.64,0.015640
2025-10-26,7,3,8.91,0.008910
2025-10-26,8,3,5.9,0.005900
2025-10-26,9,4,1.02,0.001020
2025-10-26,10,4,0.21,0.000210
2025-10-26,11,5,2.72,0.002720
2025-10-26,12,5,4.25,0.004250
2025-10-26,13,6,5.42,0.005420
2025-10-26,14,6,9.22,0.009220
2025-10-26,15,7,8.44,0.008440
2025-10-26,16,7,19.86,0.019860
2025-10-26,17,8,20.15,0.020150
2025-10-26,18,8,23.69,0.023690
2025-10-26,19,9,23.43,0.023430
2025-10-26,20,9,35.14,0.035140
2025-10-26,21,10,37.82,0.037820
2025-10-26,22,10,41.1,0.041100
2025-10-26,23,11,31.3,0.031300
2025-10-26,24,11,31.76,0.031760
2025-10-26,25,12,28.64,0.028640
2025-10-26,26,12,26.42,0.026420
2025-10-26,27,13,28.22,0.028220
2025-10-26,28,13,38.68,0.038680
2025-10-26,29,14,52.67,0.052670
2025-10-26,30,14,54.93,0.054930
2025-10-26,31,15,54.65,0.054650
2025-10-26,32,15,54.37,0.054370
2025-10-26,33,16,63.52,0.063520
2025-10-26,34,16,61.5,0.061500
2025-10-26,35,17,53.04,0.053040
2025-10-26,36,17,54.91,0.054910
2025-10-26,37,18,69.92,0.069920
2025-10-26,38,18,70.05,0.070050
2025-10-26,39,19,65.84,0.065840
2025-10-26,40,19,59.87,0.059870
2025-10-26,41,20,22.61,0.022610
2025-10-26,42,20,17.0,0.017000
2025-10-26,43,21,14.54,0.014540
2025-10-26,44,21,3.23,0.003230
2025-10-26,45,22,3.85,0.003850
2025-10-27,12,5,16.39,0.016390
2025-10-27,13,6,25.94,0.025940
2025-10-27,14,6,67.79,0.067790
2025-10-27,15,7,60.19,0.060190
2025-10-27,16,7,84.31,0.084310
2025-10-27,17,8,78.36,0.078360
2025-10-27,18,8,80.88,0.080880
2025-10-27,19,9,81.21,0.081210
2025-10-27,20,9,73.8,0.073800
2025-10-27,21,10,73.16,0.073160
2025-10-27,22,10,74.87,0.074870
2025-10-27,23,11,53.28,0.053280
2025-10-27,24,11,52.95,0.052950
2025-10-27,25,12,58.78,0.058780
2025-10-27,26,12,65.82,0.065820
2025-10-27,27,13,64.89,0.064890
2025-10-27,28,13,67.28,0.067280
2025-10-27,29,14,71.85,0.071850
2025-10-27,30,14,79.33,0.079330
2025-10-27,31,15,89.04,0.089040
2025-10-27,32,15,93.73,0.093730
2025-10-27,33,16,98.83,0.098830
2025-10-27,34,16,111.96,0.111960
2025-10-27,35,17,111.69,0.111690
2025-10-27,36,17,108.41,0.108410
2025-10-27,37,18,103.79,0.103790
2025-10-27,38,18,102.85,0.102850
2025-10-27,39,19,93.43,0.093430
2025-10-27,40,19,84.55,0.084550
2025-10-27,41,20,81.22,0.081220
2025-10-27,42,20,78.39,0.078390
2025-10-27,43,21,79.74,0.079740
2025-10-27,44,21,71.45,0.071450
2025-10-27,45,22,76.02,0.076020
2025-10-27,46,22,60.27,0.060270
2025-10-27,47,23,37.33,0.037330
2025-10-27,48,23,20.57,0.020570
2025-10-28,1,0,21.71,0.021710
2025-10-28,2,0,10.75,0.010750
2025-10-28,3,1,7.99,0.007990
2025-10-28,4,1,0.49,0.000490
2025-10-28,5,2,1.48,0.001480
2025-10-28,6,2,0.87,0.000870
2025-10-28,7,3,6.85,0.006850
2025-10-28,8,3,2.21,0.002210
2025-10-28,9,4,5.53,0.005530
2025-10-28,10,4,2.96,0.002960
2025-10-28,11,5,22.68,0.022680
2025-10-28,12,5,37.78,0.037780
2025-10-28,13,6,29.52,0.029520
2025-10-28,14,6,68.71,0.068710
2025-10-28,15,7,68.38,0.068380
2025-10-28,16,7,74.05,0.074050
2025-10-28,17,8,54.84,0.054840
2025-10-28,18,8,57.55,0.057550
2025-10-28,19,9,51.7,0.051700
2025-10-28,20,9,41.65,0.041650
2025-10-28,21,10,39.15,0.039150
2025-10-28,22,10,35.15,0.035150
2025-10-28,23,11,35.14,0.035140
2025-10-28,24,11,34.39,0.034390
2025-10-28,25,12,28.82,0.028820
2025-10-28,26,12,30.52,0.030520
2025-10-28,27,13,40.72,0.040720
2025-10-28,28,13,44.92,0.044920
2025-10-28,29,14,45.24,0.045240
2025-10-28,30,14,49.97,0.049970
2025-10-28,31,15,72.54,0.072540
2025-10-28,32,15,67.6,0.067600
2025-10-28,33,16,73.84,0.073840
2025-10-28,34,16,93.12,0.093120
2025-10-28,35,17,104.63,0.104630
2025-10-28,36,17,103.58,0.103580
2025-10-28,37,18,96.28,0.096280
2025-10-28,38,18,98.03,0.098030
2025-10-28,39,19,90.39,0.090390
2025-10-28,40,19,81.46,0.081460
2025-10-28,41,20,83.33,0.083330
2025-10-28,42,20,87.5,0.087500
2025-10-28,43,21,76.63,0.076630
2025-10-28,44,21,58.69,0.058690
2025-10-28,45,22,70.01,0.070010
2025-10-28,46,22,54.58,0.054580
2025-10-28,47,23,50.56,0.050560
2025-10-28,48,23,43.81,0.043810
2025-10-29,1,0,47.59,0.047590
2025-10-29,2,0,49.68,0.049680
2025-10-29,3,1,42.61,0.042610
2025-10-29,4,1,33.06,0.033060
2025-10-29,5,2,27.42,0.027420
2025-10-29,6,2,20.57,0.020570
2025-10-29,7,3,29.62,0.029620
2025-10-29,8,3,31.34,0.031340
2025-10-29,9,4,26.99,0.026990
2025-10-29,10,4,20.96,0.020960
2025-10-29,11,5,29.01,0.029010
2025-10-29,12,5,39.95,0.039950
2025-10-29,13,6,56.72,0.056720
2025-10-29,14,6,67.86,0.067860
2025-10-29,15,7,55.87,0.055870
2025-10-29,16,7,72.99,0.072990
2025-10-29,17,8,66.68,0.066680
2025-10-29,18,8,70.94,0.070940
2025-10-29,19,9,68.28,0.068280
2025-10-29,20,9,74.44,0.074440
2025-10-29,21,10,71.77,0.071770
2025-10-29,22,10,74.92,0.074920
2025-10-29,23,11,76.92,0.076920
2025-10-29,24,11,80.73,0.080730
2025-10-29,25,12,83.39,0.083390
2025-10-29,26,12,83.27,0.083270
2025-10-29,27,13,87.16,0.087160
2025-10-29,28,13,80.9,0.080900
2025-10-29,29,14,91.71,0.091710
2025-10-29,30,14,88.77,0.088770
2025-10-29,31,15,86.54,0.086540
2025-10-29,32,15,92.07,0.092070
2025-10-29,33,16,99.73,0.099730
2025-10-29,34,16,107.44,0.107440
2025-10-29,35,17,109.3,0.109300
2025-10-29,36,17,109.26,0.109260
2025-10-29,37,18,101.59,0.101590
2025-10-29,38,18,99.81,0.099810
2025-10-29,39,19,78.14,0.078140
2025-10-29,40,19,82.29,0.082290
2025-10-29,41,20,81.03,0.081030
2025-10-29,42,20,78.9,0.078900
2025-10-29,43,21,79.36,0.079360
2025-10-29,44,21,80.82,0.080820
2025-10-29,45,22,79.85,0.079850
2025-10-29,46,22,77.42,0.077420
2025-10-29,47,23,77.8,0.077800
2025-10-29,48,23,73.23,0.073230
2025-10-30,1,0,76.33,0.076330
2025-10-30,2,0,78.11,0.078110
2025-10-30,3,1,78.13,0.078130
2025-10-30,4,1,76.16,0.076160
2025-10-30,5,2,74.96,0.074960
2025-10-30,6,2,74.94,0.074940
2025-10-30,7,3,73.06,0.073060
2025-10-30,8,3,72.1,0.072100
2025-10-30,9,4,70.0,0.070000
2025-10-30,10,4,68.73,0.068730
2025-10-30,11,5,71.68,0.071680
2025-10-30,12,5,65.55,0.065550
2025-10-30,13,6,74.4,0.074400
2025-10-30,14,6,73.41,0.073410
2025-10-30,15,7,83.99,0.083990
2025-10-30,16,7,92.13,0.092130
2025-10-30,17,8,91.47,0.091470
2025-10-30,18,8,89.97,0.089970
2025-10-30,19,9,90.94,0.090940
2025-10-30,20,9,86.49,0.086490
2025-10-30,21,10,87.28,0.087280
2025-10-30,22,10,84.08,0.084080
2025-10-30,23,11,79.56,0.079560
2025-10-30,24,11,78.88,0.078880
2025-10-30,25,12,78.55,0.078550
2025-10-30,26,12,79.06,0.079060
2025-10-30,27,13,84.11,0.084110
2025-10-30,28,13,79.11,0.079110
2025-10-30,29,14,76.03,0.076030
2025-10-30,30,14,74.42,0.074420
2025-10-30,31,15,85.93,0.085930
2025-10-30,32,15,78.83,0.078830
2025-10-30,33,16,82.01,0.082010
2025-10-30,34,16,81.23,0.081230
2025-10-30,35,17,85.9,0.085900
2025-10-30,36,17,82.86,0.082860
2025-10-30,37,18,83.25,0.083250
2025-10-30,38,18,84.09,0.084090
2025-10-30,39,19,71.66,0.071660
2025-10-30,40,19,72.63,0.072630
2025-10-30,41,20,71.6,0.071600
2025-10-30,42,20,65.76,0.065760
2025-10-30,43,21,59.17,0.059170
2025-10-30,44,21,42.95,0.042950
2025-10-30,45,22,42.44,0.042440
2025-10-30,46,22,25.43,0.025430
2025-10-30,47,23,9.11,0.009110
2025-10-30,48,23,2.14,0.002140
2025-10-31,1,0,3.41,0.003410
2025-10-31,2,0,4.44,0.004440
2025-10-31,3,1,2.66,0.002660
2025-10-31,4,1,2.13,0.002130
2025-10-31,5,2,7.24,0.007240
2025-10-31,6,2,16.55,0.016550
2025-10-31,7,3,20.43,0.020430
2025-10-31,8,3,26.98,0.026980
2025-10-31,9,4,32.99,0.032990
2025-10-31,10,4,29.05,0.029050
2025-10-31,11,5,42.84,0.042840
2025-10-31,12,5,50.72,0.050720
2025-10-31,13,6,45.0,0.045000
2025-10-31,14,6,59.14,0.059140
2025-10-31,15,7,68.11,0.068110
2025-10-31,16,7,80.86,0.080860
2025-10-31,17,8,77.13,0.077130
2025-10-31,18,8,84.71,0.084710
2025-10-31,19,9,75.12,0.075120
2025-10-31,20,9,74.22,0.074220
2025-10-31,21,10,78.28,0.078280
2025-10-31,22,10,77.56,0.077560
2025-10-31,23,11,75.97,0.075970
2025-10-31,24,11,75.38,0.075380
2025-10-31,25,12,81.6,0.081600
2025-10-31,26,12,82.09,0.082090
2025-10-31,27,13,82.56,0.082560
2025-10-31,28,13,81.18,0.081180
2025-10-31,29,14,81.12,0.081120
2025-10-31,30,14,80.1,0.080100
2025-10-31,31,15,80.28,0.080280
2025-10-31,32,15,81.12,0.081120
2025-10-31,33,16,87.36,0.087360
2025-10-31,34,16,98.31,0.098310
2025-10-31,35,17,94.95,0.094950
2025-10-31,36,17,94.29,0.094290
2025-10-31,37,18,88.73,0.088730
2025-10-31,38,18,80.83,0.080830
2025-10-31,39,19,67.32,0.067320
2025-10-31,40,19,67.83,0.067830
2025-10-31,41,20,68.34,0.068340
2025-10-31,42,20,70.48,0.070480
2025-10-31,43,21,76.3,0.076300
2025-10-31,44,21,60.16,0.060160
2025-10-31,45,22,57.4,0.057400
2025-10-31,46,22,36.73,0.036730
2025-10-31,47,23,35.03,0.035030
2025-10-31,48,23,27.78,0.027780
2025-11-01,1,0,25.3,0.025300
2025-11-01,2,0,30.5,0.030500
2025-11-01,3,1,39.07,0.039070
2025-11-01,4,1,27.59,0.027590
2025-11-01,5,2,24.52,0.024520
2025-11-01,6,2,20.42,0.020420
2025-11-01,7,3,15.72,0.015720
2025-11-01,8,3,16.54,0.016540
2025-11-01,9,4,23.54,0.023540
2025-11-01,10,4,20.1,0.020100
2025-11-01,11,5,25.52,0.025520
2025-11-01,12,5,31.11,0.031110
2025-11-01,13,6,24.77,0.024770
2025-11-01,14,6,39.8,0.039800
2025-11-01,15,7,42.43,0.042430
2025-11-01,16,7,46.9,0.046900
2025-11-01,17,8,28.65,0.028650
2025-11-01,18,8,21.43,0.021430
2025-11-01,19,9,16.17,0.016170
2025-11-01,20,9,5.44,0.005440
2025-11-01,21,10,13.19,0.013190
2025-11-01,22,10,11.13,0.011130
2025-11-01,23,11,18.44,0.018440
2025-11-01,24,11,18.85,0.018850
2025-11-01,25,12,19.38,0.019380
2025-11-01,26,12,26.05,0.026050
2025-11-01,27,13,31.85,0.031850
2025-11-01,28,13,39.56,0.039560
2025-11-01,29,14,37.62,0.037620
2025-11-01,30,14,50.22,0.050220
2025-11-01,31,15,58.3,0.058300
2025-11-01,32,15,76.84,0.076840
2025-11-01,33,16,83.4,0.083400
2025-11-01,34,16,95.78,0.095780
2025-11-01,35,17,102.74,0.102740
2025-11-01,36,17,103.16,0.103160
2025-11-01,37,18,103.28,0.103280
2025-11-01,38,18,101.69,0.101690
2025-11-01,39,19,85.51,0.085510
2025-11-01,40,19,74.83,0.074830
2025-11-01,41,20,74.08,0.074080
2025-11-01,42,20,66.61,0.066610
2025-11-01,43,21,69.46,0.069460
2025-11-01,44,21,59.6,0.059600
2025-11-01,45,22,61.42,0.061420
2025-11-01,46,22,58.16,0.058160
2025-11-01,47,23,62.7,0.062700
2025-11-01,48,23,55.27,0.055270
2025-11-02,1,0,55.74,0.055740
2025-11-02,2,0,62.97,0.062970
2025-11-02,3,1,66.18,0.066180
2025-11-02,4,1,65.72,0.065720
2025-11-02,5,2,69.92,0.069920
2025-11-02,6,2,73.37,0.073370
2025-11-02,7,3,75.77,0.075770
2025-11-02,8,3,74.11,0.074110
2025-11-02,9,4,79.4,0.079400
2025-11-02,10,4,76.09,0.076090
2025-11-02,11,5,75.23,0.075230
2025-11-02,12,5,77.19,0.077190
2025-11-02,13,6,77.63,0.077630
2025-11-02,14,6,80.97,0.080970
2025-11-02,15,7,81.67,0.081670
2025-11-02,16,7,80.77,0.080770
2025-11-02,17,8,76.16,0.076160
2025-11-02,18,8,71.12,0.071120
2025-11-02,19,9,75.12,0.075120
2025-11-02,20,9,73.75,0.073750
2025-11-02,21,10,69.53,0.069530
2025-11-02,22,10,63.33,0.063330
2025-11-02,23,11,66.01,0.066010
2025-11-02,24,11,61.52,0.061520
2025-11-02,25,12,54.43,0.054430
2025-11-02,26,12,50.74,0.050740
2025-11-02,27,13,70.19,0.070190
2025-11-02,28,13,73.59,0.073590
2025-11-02,29,14,71.22,0.071220
2025-11-02,30,14,70.33,0.070330
2025-11-02,31,15,78.38,0.078380
2025-11-02,32,15,79.47,0.079470
2025-11-02,33,16,83.9,0.083900
2025-11-02,34,16,97.6,0.097600
2025-11-02,35,17,97.41,0.097410
2025-11-02,36,17,97.09,0.097090
2025-11-02,37,18,96.39,0.096390
2025-11-02,38,18,93.08,0.093080
2025-11-02,39,19,91.13,0.091130
2025-11-02,40,19,85.54,0.085540
2025-11-02,41,20,83.48,0.083480
2025-11-02,42,20,76.47,0.076470
2025-11-02,43,21,85.12,0.085120
2025-11-02,44,21,74.54,0.074540
2025-11-02,45,22,83.32,0.083320
2025-11-02,46,22,72.0,0.072000
2025-11-02,47,23,60.45,0.060450
2025-11-02,48,23,40.2,0.040200
2025-11-03,1,0,41.3,0.041300
2025-11-03,2,0,39.47,0.039470
2025-11-03,3,1,30.61,0.030610
2025-11-03,4,1,23.93,0.023930
2025-11-03,5,2,36.22,0.036220
2025-11-03,6,2,31.05,0.031050
2025-11-03,7,3,34.87,0.034870
2025-11-03,8,3,32.32,0.032320
2025-11-03,9,4,25.29,0.025290
2025-11-03,10,4,24.16,0.024160
2025-11-03,11,5,27.16,0.027160
2025-11-03,12,5,40.78,0.040780
2025-11-03,13,6,38.63,0.038630
2025-11-03,14,6,65.79,0.065790
2025-11-03,15,7,73.35,0.073350
2025-11-03,16,7,82.6,0.082600
2025-11-03,17,8,67.06,0.067060
2025-11-03,18,8,69.86,0.069860
2025-11-03,19,9,56.27,0.056270
2025-11-03,20,9,50.94,0.050940
2025-11-03,21,10,49.23,0.049230
2025-11-03,22,10,48.32,0.048320
2025-11-03,23,11,45.34,0.045340
2025-11-03,24,11,46.32,0.046320
2025-11-03,25,12,47.92,0.047920
2025-11-03,26,12,49.7,0.049700
2025-11-03,27,13,55.03,0.055030
2025-11-03,28,13,61.83,0.061830
2025-11-03,29,14,64.0,0.064000
2025-11-03,30,14,60.58,0.060580
2025-11-03,31,15,59.42,0.059420
2025-11-03,32,15,58.83,0.058830
2025-11-03,33,16,62.09,0.062090
2025-11-03,34,16,72.83,0.072830
2025-11-03,35,17,73.78,0.073780
2025-11-03,36,17,78.61,0.078610
2025-11-03,37,18,76.37,0.076370
2025-11-03,38,18,68.2,0.068200
2025-11-03,39,19,60.25,0.060250
2025-11-03,40,19,41.17,0.041170
2025-11-03,41,20,50.33,0.050330
2025-11-03,42,20,32.08,0.032080
2025-11-03,43,21,40.13,0.040130
2025-11-03,44,21,26.64,0.026640
2025-11-03,45,22,23.56,0.023560
2025-11-03,46,22,16.97,0.016970
2025-11-03,47,23,10.0,0.010000
2025-11-03,48,23,4.81,0.004810
2025-11-04,1,0,4.4,0.004400
2025-11-04,2,0,5.24,0.005240
2025-11-04,3,1,3.8,0.003800
2025-11-04,4,1,4.6,0.004600
2025-11-04,5,2,5.6,0.005600
2025-11-04,6,2,5.08,0.005080
2025-11-04,7,3,4.36,0.004360
2025-11-04,8,3,4.19,0.004190
2025-11-04,9,4,16.49,0.016490
2025-11-04,10,4,24.58,0.024580
2025-11-04,11,5,35.15,0.035150
2025-11-04,12,5,52.43,0.052430
2025-11-04,13,6,51.49,0.051490
2025-11-04,14,6,72.75,0.072750
2025-11-04,15,7,80.0,0.080000
2025-11-04,16,7,85.85,0.085850
2025-11-04,17,8,86.53,0.086530
2025-11-04,18,8,80.7,0.080700
2025-11-04,19,9,68.53,0.068530
2025-11-04,20,9,75.39,0.075390
2025-11-04,21,10,79.31,0.079310
2025-11-04,22,10,74.42,0.074420
2025-11-04,23,11,77.23,0.077230
2025-11-04,24,11,73.55,0.073550
2025-11-04,25,12,74.91,0.074910
2025-11-04,26,12,73.0,0.073000
2025-11-04,27,13,73.03,0.073030
2025-11-04,28,13,75.07,0.075070
2025-11-04,29,14,76.51,0.076510
2025-11-04,30,14,75.16,0.075160
2025-11-04,31,15,96.3,0.096300
2025-11-04,32,15,98.86,0.098860
2025-11-04,33,16,100.64,0.100640
2025-11-04,34,16,104.44,0.104440
2025-11-04,35,17,100.05,0.100050
2025-11-04,36,17,99.71,0.099710
2025-11-04,37,18,99.03,0.099030
2025-11-04,38,18,98.28,0.098280
2025-11-04,39,19,93.96,0.093960
2025-11-04,40,19,86.74,0.086740
2025-11-04,41,20,79.76,0.079760
2025-11-04,42,20,80.85,0.080850
2025-11-04,43,21,84.24,0.084240
2025-11-04,44,21,78.14,0.078140
2025-11-04,45,22,77.12,0.077120
2025-11-04,46,22,70.56,0.070560
2025-11-04,47,23,62.46,0.062460
2025-11-04,48,23,51.0,0.051000
2025-11-05,1,0,58.94,0.058940
2025-11-05,2,0,57.38,0.057380
2025-11-05,3,1,59.55,0.059550
2025-11-05,4,1,54.33,0.054330
2025-11-05,5,2,51.33,0.051330
2025-11-05,6,2,46.15,0.046150
2025-11-05,7,3,41.47,0.041470
2025-11-05,8,3,34.92,0.034920
2025-11-05,9,4,39.73,0.039730
2025-11-05,10,4,41.54,0.041540
2025-11-05,11,5,46.93,0.046930
2025-11-05,12,5,46.06,0.046060
2025-11-05,13,6,70.91,0.070910
2025-11-05,14,6,77.5,0.077500
2025-11-05,15,7,79.96,0.079960
2025-11-05,16,7,84.3,0.084300
2025-11-05,17,8,82.16,0.082160
2025-11-05,18,8,81.67,0.081670
2025-11-05,19,9,76.63,0.076630
2025-11-05,20,9,75.32,0.075320
2025-11-05,21,10,86.4,0.086400
2025-11-05,22,10,90.37,0.090370
2025-11-05,23,11,82.34,0.082340
2025-11-05,24,11,83.7,0.083700
2025-11-05,25,12,80.1,0.080100
2025-11-05,26,12,82.18,0.082180
2025-11-05,27,13,88.84,0.088840
2025-11-05,28,13,86.99,0.086990
2025-11-05,29,14,94.05,0.094050
2025-11-05,30,14,94.49,0.094490
2025-11-05,31,15,94.83,0.094830
2025-11-05,32,15,94.04,0.094040
2025-11-05,33,16,88.77,0.088770
2025-11-05,34,16,89.88,0.089880
2025-11-05,35,17,84.6,0.084600
2025-11-05,36,17,85.9,0.085900
2025-11-05,37,18,82.44,0.082440
2025-11-05,38,18,82.58,0.082580
2025-11-05,39,19,79.98,0.079980
2025-11-05,40,19,82.12,0.082120
2025-11-05,41,20,81.16,0.081160
2025-11-05,42,20,81.21,0.081210
2025-11-05,43,21,97.07,0.097070
2025-11-05,44,21,85.05,0.085050
2025-11-05,45,22,82.28,0.082280
2025-11-05,46,22,77.11,0.077110
2025-11-05,47,23,76.63,0.076630
2025-11-05,48,23,74.25,0.074250
2025-11-06,1,0,74.04,0.074040
2025-11-06,2,0,75.58,0.075580
2025-11-06,3,1,78.07,0.078070
2025-11-06,4,1,79.34,0.079340
2025-11-06,5,2,76.53,0.076530
2025-11-06,6,2,78.28,0.078280
2025-11-06,7,3,79.82,0.079820
2025-11-06,8,3,81.1,0.081100
2025-11-06,9,4,86.72,0.086720
2025-11-06,10,4,85.05,0.085050
2025-11-06,11,5,87.62,0.087620
2025-11-06,12,5,77.83,0.077830
2025-11-06,13,6,80.82,0.080820
2025-11-06,14,6,85.78,0.085780
2025-11-06,15,7,91.67,0.091670
2025-11-06,16,7,108.42,0.108420
2025-11-06,17,8,102.21,0.102210
2025-11-06,18,8,95.7,0.095700
2025-11-06,19,9,84.5,0.084500
2025-11-06,20,9,79.34,0.079340
2025-11-06,21,10,75.1,0.075100
2025-11-06,22,10,77.92,0.077920
2025-11-06,23,11,74.59,0.074590
2025-11-06,24,11,73.9,0.073900
2025-11-06,25,12,77.04,0.077040
2025-11-06,26,12,76.64,0.076640
2025-11-06,27,13,89.35,0.089350
2025-11-06,28,13,89.55,0.089550
2025-11-06,29,14,98.71,0.098710
2025-11-06,30,14,95.11,0.095110
2025-11-06,31,15,103.77,0.103770
2025-11-06,32,15,114.96,0.114960
2025-11-06,33,16,107.29,0.107290
2025-11-06,34,16,110.73,0.110730
2025-11-06,35,17,107.35,0.107350
2025-11-06,36,17,104.37,0.104370
2025-11-06,37,18,100.51,0.100510
2025-11-06,38,18,98.61,0.098610
2025-11-06,39,19,89.59,0.089590
2025-11-06,40,19,85.79,0.085790
2025-11-06,41,20,88.94,0.088940
2025-11-06,42,20,84.61,0.084610
2025-11-06,43,21,83.86,0.083860
2025-11-06,44,21,83.55,0.083550
2025-11-06,45,22,82.65,0.082650
2025-11-06,46,22,75.97,0.075970
2025-11-06,47,23,70.06,0.070060
2025-11-06,48,23,68.59,0.068590
2025-11-07,1,0,73.95,0.073950
2025-11-07,2,0,71.26,0.071260
2025-11-07,3,1,70.89,0.070890
2025-11-07,4,1,69.92,0.069920
2025-11-07,5,2,68.19,0.068190
2025-11-07,6,2,66.99,0.066990
2025-11-07,7,3,65.64,0.065640
2025-11-07,8,3,64.44,0.064440
2025-11-07,9,4,64.67,0.064670
2025-11-07,10,4,64.68,0.064680
2025-11-07,11,5,69.37,0.069370
2025-11-07,12,5,66.67,0.066670
2025-11-07,13,6,68.28,0.068280
2025-11-07,14,6,72.02,0.072020
2025-11-07,15,7,83.11,0.083110
2025-11-07,16,7,97.06,0.097060
2025-11-07,17,8,96.05,0.096050
2025-11-07,18,8,92.84,0.092840
2025-11-07,19,9,88.96,0.088960
2025-11-07,20,9,91.64,0.091640
2025-11-07,21,10,81.71,0.081710
2025-11-07,22,10,80.07,0.080070
2025-11-07,23,11,85.36,0.085360
2025-11-07,24,11,82.84,0.082840
2025-11-07,25,12,85.86,0.085860
2025-11-07,26,12,84.05,0.084050
2025-11-07,27,13,87.55,0.087550
2025-11-07,28,13,86.36,0.086360
2025-11-07,29,14,88.83,0.088830
2025-11-07,30,14,86.05,0.086050
2025-11-07,31,15,88.8,0.088800
2025-11-07,32,15,90.52,0.090520
2025-11-07,33,16,95.14,0.095140
2025-11-07,34,16,104.3,0.104300
2025-11-07,35,17,106.99,0.106990
2025-11-07,36,17,105.23,0.105230
2025-11-07,37,18,105.06,0.105060
2025-11-07,38,18,99.73,0.099730
2025-11-07,39,19,91.01,0.091010
2025-11-07,40,19,84.21,0.084210
2025-11-07,41,20,82.26,0.082260
2025-11-07,42,20,83.55,0.083550
2025-11-07,43,21,82.3,0.082300
2025-11-07,44,21,80.48,0.080480
2025-11-07,45,22,78.75,0.078750
2025-11-07,46,22,78.16,0.078160
2025-11-07,47,23,72.66,0.072660
2025-11-07,48,23,71.31,0.071310
2025-11-08,1,0,71.39,0.071390
2025-11-08,2,0,71.88,0.071880
2025-11-08,3,1,73.03,0.073030
2025-11-08,4,1,69.85,0.069850
2025-11-08,5,2,67.89,0.067890
2025-11-08,6,2,65.01,0.065010
2025-11-08,7,3,64.79,0.064790
2025-11-08,8,3,64.56,0.064560
2025-11-08,9,4,64.4,0.064400
2025-11-08,10,4,65.15,0.065150
2025-11-08,11,5,67.92,0.067920
2025-11-08,12,5,67.85,0.067850
2025-11-08,13,6,68.32,0.068320
2025-11-08,14,6,70.07,0.070070
2025-11-08,15,7,73.03,0.073030
2025-11-08,16,7,75.75,0.075750
2025-11-08,17,8,70.18,0.070180
2025-11-08,18,8,72.28,0.072280
2025-11-08,19,9,70.42,0.070420
2025-11-08,20,9,69.5,0.069500
2025-11-08,21,10,67.09,0.067090
2025-11-08,22,10,67.29,0.067290
2025-11-08,23,11,68.14,0.068140
2025-11-08,24,11,67.06,0.067060
2025-11-08,25,12,68.04,0.068040
2025-11-08,26,12,68.69,0.068690
2025-11-08,27,13,75.52,0.075520
2025-11-08,28,13,74.72,0.074720
2025-11-08,29,14,76.31,0.076310
2025-11-08,30,14,74.96,0.074960
2025-11-08,31,15,86.37,0.086370
2025-11-08,32,15,98.23,0.098230
2025-11-08,33,16,96.7,0.096700
2025-11-08,34,16,101.9,0.101900
2025-11-08,35,17,103.36,0.103360
2025-11-08,36,17,101.36,0.101360
2025-11-08,37,18,99.78,0.099780
2025-11-08,38,18,94.99,0.094990
2025-11-08,39,19,85.56,0.085560
2025-11-08,40,19,77.74,0.077740
2025-11-08,41,20,77.65,0.077650
2025-11-08,42,20,81.88,0.081880
2025-11-08,43,21,79.81,0.079810
2025-11-08,44,21,79.22,0.079220
2025-11-08,45,22,78.29,0.078290
2025-11-08,46,22,78.44,0.078440
2025-11-08,47,23,75.35,0.075350
2025-11-08,48,23,76.59,0.076590
2025-11-09,1,0,79.23,0.079230
2025-11-09,2,0,79.21,0.079210
2025-11-09,3,1,80.1,0.080100
2025-11-09,4,1,78.61,0.078610
2025-11-09,5,2,78.24,0.078240
2025-11-09,6,2,76.67,0.076670
2025-11-09,7,3,76.88,0.076880
2025-11-09,8,3,75.47,0.075470
2025-11-09,9,4,73.74,0.073740
2025-11-09,10,4,71.18,0.071180
2025-11-09,11,5,71.81,0.071810
2025-11-09,12,5,70.63,0.070630
2025-11-09,13,6,71.32,0.071320
2025-11-09,14,6,71.83,0.071830
2025-11-09,15,7,72.8,0.072800
2025-11-09,16,7,73.1,0.073100
2025-11-09,17,8,73.48,0.073480
2025-11-09,18,8,76.79,0.076790
2025-11-09,19,9,73.41,0.073410
2025-11-09,20,9,76.08,0.076080
2025-11-09,21,10,76.92,0.076920
2025-11-09,22,10,80.01,0.080010
2025-11-09,23,11,79.18,0.079180
2025-11-09,24,11,79.54,0.079540
2025-11-09,25,12,76.91,0.076910
2025-11-09,26,12,74.68,0.074680
2025-11-09,27,13,76.6,0.076600
2025-11-09,28,13,74.0,0.074000
2025-11-09,29,14,80.49,0.080490
2025-11-09,30,14,82.73,0.082730
2025-11-09,31,15,86.29,0.086290
2025-11-09,32,15,93.31,0.093310
2025-11-09,33,16,94.29,0.094290
2025-11-09,34,16,98.49,0.098490
2025-11-09,35,17,100.71,0.100710
2025-11-09,36,17,100.06,0.100060
2025-11-09,37,18,99.2,0.099200
2025-11-09,38,18,93.87,0.093870
2025-11-09,39,19,81.97,0.081970
2025-11-09,40,19,79.6,0.079600
2025-11-09,41,20,79.76,0.079760
2025-11-09,42,20,76.78,0.076780
2025-11-09,43,21,74.06,0.074060
2025-11-09,44,21,74.91,0.074910
2025-11-09,45,22,73.28,0.073280
2025-11-09,46,22,74.87,0.074870
2025-11-09,47,23,68.98,0.068980
2025-11-09,48,23,68.93,0.068930
2025-11-10,1,0,68.12,0.068120
2025-11-10,2,0,66.69,0.066690
2025-11-10,3,1,64.99,0.064990
2025-11-10,4,1,65.44,0.065440
2025-11-10,5,2,65.91,0.065910
2025-11-10,6,2,62.78,0.062780
2025-11-10,7,3,61.91,0.061910
2025-11-10,8,3,56.41,0.056410
2025-11-10,9,4,44.82,0.044820
2025-11-10,10,4,38.48,0.038480
2025-11-10,11,5,59.95,0.059950
2025-11-10,12,5,58.87,0.058870
2025-11-10,13,6,62.13,0.062130
2025-11-10,14,6,64.65,0.064650
2025-11-10,15,7,69.09,0.069090
2025-11-10,16,7,72.11,0.072110
2025-11-10,17,8,68.57,0.068570
2025-11-10,18,8,67.15,0.067150
2025-11-10,19,9,69.15,0.069150
2025-11-10,20,9,71.6,0.071600
2025-11-10,21,10,71.73,0.071730
2025-11-10,22,10,70.94,0.070940
2025-11-10,23,11,68.99,0.068990
2025-11-10,24,11,68.98,0.068980
2025-11-10,25,12,69.77,0.069770
2025-11-10,26,12,73.38,0.073380
2025-11-10,27,13,76.52,0.076520
2025-11-10,28,13,76.04,0.076040
2025-11-10,29,14,80.53,0.080530
2025-11-10,30,14,72.51,0.072510
2025-11-10,31,15,75.07,0.075070
2025-11-10,32,15,84.21,0.084210
2025-11-10,33,16,85.34,0.085340
2025-11-10,34,16,90.01,0.090010
2025-11-10,35,17,92.89,0.092890
2025-11-10,36,17,94.5,0.094500
2025-11-10,37,18,91.78,0.091780
2025-11-10,38,18,88.76,0.088760
2025-11-10,39,19,79.72,0.079720
2025-11-10,40,19,76.1,0.076100
2025-11-10,41,20,79.14,0.079140
2025-11-10,42,20,73.68,0.073680
2025-11-10,43,21,75.18,0.075180
2025-11-10,44,21,76.21,0.076210
2025-11-10,45,22,74.93,0.074930
2025-11-10,46,22,73.4,0.073400
2025-11-10,47,23,65.32,0.065320
2025-11-10,48,23,67.06,0.067060
2025-11-11,1,0,64.71,0.064710
2025-11-11,2,0,63.84,0.063840
2025-11-11,3,1,64.0,0.064000
2025-11-11,4,1,60.47,0.060470
2025-11-11,5,2,61.09,0.061090
2025-11-11,6,2,59.96,0.059960
2025-11-11,7,3,59.99,0.059990
2025-11-11,8,3,57.55,0.057550
2025-11-11,9,4,54.87,0.054870
2025-11-11,10,4,54.54,0.054540
2025-11-11,11,5,62.94,0.062940
2025-11-11,12,5,65.67,0.065670
2025-11-11,13,6,72.77,0.072770
2025-11-11,14,6,74.42,0.074420
2025-11-11,15,7,83.81,0.083810
2025-11-11,16,7,90.07,0.090070
2025-11-11,17,8,89.07,0.089070
2025-11-11,18,8,86.57,0.086570
2025-11-11,19,9,78.91,0.078910
2025-11-11,20,9,74.81,0.074810
2025-11-11,21,10,76.69,0.076690
2025-11-11,22,10,76.04,0.076040
2025-11-11,23,11,75.97,0.075970
2025-11-11,24,11,76.93,0.076930
2025-11-11,25,12,80.04,0.080040
2025-11-11,26,12,75.79,0.075790
2025-11-11,27,13,79.77,0.079770
2025-11-11,28,13,77.66,0.077660
2025-11-11,29,14,79.26,0.079260
2025-11-11,30,14,76.38,0.076380
2025-11-11,31,15,67.55,0.067550
2025-11-11,32,15,68.52,0.068520
2025-11-11,33,16,72.88,0.072880
2025-11-11,34,16,82.29,0.082290
2025-11-11,35,17,83.11,0.083110
2025-11-11,36,17,80.47,0.080470
2025-11-11,37,18,77.08,0.077080
2025-11-11,38,18,70.62,0.070620
2025-11-11,39,19,66.95,0.066950
2025-11-11,40,19,72.49,0.072490
2025-11-11,41,20,74.38,0.074380
2025-11-11,42,20,71.79,0.071790
2025-11-11,43,21,65.9,0.065900
2025-11-11,44,21,61.2,0.061200
2025-11-11,45,22,66.28,0.066280
2025-11-11,46,22,57.82,0.057820
2025-11-11,47,23,49.39,0.049390
2025-11-11,48,23,40.05,0.040050
2025-11-12,1,0,39.01,0.039010
2025-11-12,2,0,38.59,0.038590
2025-11-12,3,1,30.4,0.030400
2025-11-12,4,1,26.36,0.026360
2025-11-12,5,2,24.81,0.024810
2025-11-12,6,2,18.59,0.018590
2025-11-12,7,3,7.37,0.007370
2025-11-12,8,3,5.16,0.005160
2025-11-12,9,4,11.7,0.011700
2025-11-12,10,4,13.7,0.013700
2025-11-12,11,5,19.89,0.019890
2025-11-12,12,5,25.65,0.025650
2025-11-12,13,6,23.98,0.023980
2025-11-12,14,6,48.68,0.048680
2025-11-12,15,7,62.71,0.062710
2025-11-12,16,7,69.83,0.069830
2025-11-12,17,8,55.82,0.055820
2025-11-12,18,8,57.95,0.057950
2025-11-12,19,9,58.65,0.058650
2025-11-12,20,9,62.04,0.062040
2025-11-12,21,10,62.19,0.062190
2025-11-12,22,10,58.06,0.058060
2025-11-12,23,11,56.37,0.056370
2025-11-12,24,11,63.84,0.063840
2025-11-12,25,12,59.09,0.059090
2025-11-12,26,12,62.11,0.062110
2025-11-12,27,13,65.76,0.065760
2025-11-12,28,13,68.61,0.068610
2025-11-12,29,14,75.07,0.075070
2025-11-12,30,14,73.27,0.073270
2025-11-12,31,15,80.81,0.080810
2025-11-12,32,15,92.07,0.092070
2025-11-12,33,16,89.31,0.089310
2025-11-12,34,16,94.15,0.094150
2025-11-12,35,17,93.6,0.093600
2025-11-12,36,17,93.96,0.093960
2025-11-12,37,18,87.35,0.087350
2025-11-12,38,18,77.43,0.077430
2025-11-12,39,19,66.93,0.066930
2025-11-12,40,19,66.73,0.066730
2025-11-12,41,20,71.64,0.071640
2025-11-12,42,20,69.46,0.069460
2025-11-12,43,21,61.42,0.061420
2025-11-12,44,21,43.7,0.043700
2025-11-12,45,22,37.95,0.037950
2025-11-12,46,22,31.81,0.031810
2025-11-12,47,23,11.1,0.011100
2025-11-12,48,23,6.57,0.006570
2025-11-13,1,0,13.09,0.013090
2025-11-13,2,0,18.34,0.018340
2025-11-13,3,1,30.2,0.030200
2025-11-13,4,1,23.24,0.023240
2025-11-13,5,2,15.13,0.015130
2025-11-13,6,2,13.88,0.013880
2025-11-13,7,3,11.45,0.011450
2025-11-13,8,3,8.39,0.008390
2025-11-13,9,4,7.28,0.007280
2025-11-13,10,4,7.43,0.007430
2025-11-13,11,5,22.95,0.022950
2025-11-13,12,5,29.33,0.029330
2025-11-13,13,6,26.85,0.026850
2025-11-13,14,6,32.25,0.032250
2025-11-13,15,7,36.14,0.036140
2025-11-13,16,7,52.49,0.052490
2025-11-13,17,8,62.88,0.062880
2025-11-13,18,8,66.61,0.066610
2025-11-13,19,9,60.42,0.060420
2025-11-13,20,9,53.46,0.053460
2025-11-13,21,10,61.29,0.061290
2025-11-13,22,10,58.14,0.058140
2025-11-13,23,11,60.24,0.060240
2025-11-13,24,11,62.2,0.062200
2025-11-13,25,12,63.51,0.063510
2025-11-13,26,12,66.83,0.066830
2025-11-13,27,13,67.79,0.067790
2025-11-13,28,13,70.11,0.070110
2025-11-13,29,14,73.71,0.073710
2025-11-13,30,14,75.23,0.075230
2025-11-13,31,15,81.26,0.081260
2025-11-13,32,15,83.19,0.083190
2025-11-13,33,16,88.9,0.088900
2025-11-13,34,16,93.01,0.093010
2025-11-13,35,17,94.81,0.094810
2025-11-13,36,17,97.29,0.097290
2025-11-13,37,18,99.29,0.099290
2025-11-13,38,18,96.2,0.096200
2025-11-13,39,19,81.44,0.081440
2025-11-13,40,19,75.06,0.075060
2025-11-13,41,20,81.99,0.081990
2025-11-13,42,20,77.04,0.077040
2025-11-13,43,21,72.98,0.072980
2025-11-13,44,21,75.04,0.075040
2025-11-13,45,22,72.67,0.072670
2025-11-13,46,22,72.37,0.072370
2025-11-13,47,23,72.88,0.072880
2025-11-13,48,23,71.98,0.071980
2025-11-14,1,0,75.13,0.075130
2025-11-14,2,0,73.89,0.073890
2025-11-14,3,1,73.82,0.073820
2025-11-14,4,1,65.49,0.065490
2025-11-14,5,2,64.45,0.064450
2025-11-14,6,2,51.65,0.051650
2025-11-14,7,3,47.33,0.047330
2025-11-14,8,3,44.99,0.044990
2025-11-14,9,4,47.91,0.047910
2025-11-14,10,4,48.4,0.048400
2025-11-14,11,5,45.79,0.045790
2025-11-14,12,5,41.71,0.041710
2025-11-14,13,6,52.44,0.052440
2025-11-14,14,6,68.81,0.068810
2025-11-14,15,7,74.53,0.074530
2025-11-14,16,7,76.05,0.076050
2025-11-14,17,8,74.46,0.074460
2025-11-14,18,8,80.25,0.080250
2025-11-14,19,9,77.79,0.077790
2025-11-14,20,9,75.31,0.075310
2025-11-14,21,10,81.8,0.081800
2025-11-14,22,10,83.27,0.083270
2025-11-14,23,11,86.04,0.086040
2025-11-14,24,11,87.52,0.087520
2025-11-14,25,12,87.22,0.087220
2025-11-14,26,12,86.29,0.086290
2025-11-14,27,13,82.19,0.082190
2025-11-14,28,13,82.99,0.082990
2025-11-14,29,14,85.13,0.085130
2025-11-14,30,14,80.2,0.080200
2025-11-14,31,15,78.72,0.078720
2025-11-14,32,15,77.46,0.077460
2025-11-14,33,16,74.29,0.074290
2025-11-14,34,16,83.48,0.083480
2025-11-14,35,17,87.25,0.087250
2025-11-14,36,17,89.54,0.089540
2025-11-14,37,18,87.39,0.087390
2025-11-14,38,18,83.42,0.083420
2025-11-14,39,19,83.78,0.083780
2025-11-14,40,19,79.93,0.079930
2025-11-14,41,20,81.94,0.081940
2025-11-14,42,20,78.1,0.078100
2025-11-14,43,21,77.58,0.077580
2025-11-14,44,21,61.89,0.061890
2025-11-14,45,22,68.53,0.068530
2025-11-14,46,22,60.53,0.060530
2025-11-14,47,23,61.6,0.061600
2025-11-14,48,23,55.38,0.055380
2025-11-15,1,0,59.81,0.059810
2025-11-15,2,0,62.77,0.062770
2025-11-15,3,1,64.12,0.064120
2025-11-15,4,1,61.94,0.061940
2025-11-15,5,2,65.62,0.065620
2025-11-15,6,2,60.24,0.060240
2025-11-15,7,3,64.23,0.064230
2025-11-15,8,3,62.96,0.062960
2025-11-15,9,4,58.24,0.058240
2025-11-15,10,4,61.84,0.061840
2025-11-15,11,5,57.34,0.057340
2025-11-15,12,5,55.01,0.055010
2025-11-15,13,6,59.99,0.059990
2025-11-15,14,6,61.79,0.061790
2025-11-15,15,7,57.27,0.057270
2025-11-15,16,7,66.02,0.066020
2025-11-15,17,8,57.17,0.057170
2025-11-15,18,8,70.63,0.070630
2025-11-15,19,9,70.98,0.070980
2025-11-15,20,9,77.81,0.077810
2025-11-15,21,10,74.94,0.074940
2025-11-15,22,10,77.43,0.077430
2025-11-15,23,11,74.16,0.074160
2025-11-15,24,11,73.71,0.073710
2025-11-15,25,12,74.81,0.074810
2025-11-15,26,12,76.94,0.076940
2025-11-15,27,13,78.54,0.078540
2025-11-15,28,13,75.14,0.075140
2025-11-15,29,14,76.13,0.076130
2025-11-15,30,14,75.78,0.075780
2025-11-15,31,15,89.62,0.089620
2025-11-15,32,15,88.96,0.088960
2025-11-15,33,16,94.62,0.094620
2025-11-15,34,16,98.56,0.098560
2025-11-15,35,17,103.11,0.103110
2025-11-15,36,17,105.08,0.105080
2025-11-15,37,18,98.9,0.098900
2025-11-15,38,18,96.24,0.096240
2025-11-15,39,19,88.98,0.088980
2025-11-15,40,19,80.93,0.080930
2025-11-15,41,20,84.97,0.084970
2025-11-15,42,20,77.72,0.077720
2025-11-15,43,21,75.31,0.075310
2025-11-15,44,21,80.43,0.080430
2025-11-15,45,22,81.06,0.081060
2025-11-15,46,22,78.27,0.078270
2025-11-15,47,23,78.06,0.078060
2025-11-15,48,23,78.49,0.078490
2025-11-16,1,0,75.85,0.075850
2025-11-16,2,0,76.86,0.076860
2025-11-16,3,1,76.25,0.076250
2025-11-16,4,1,73.54,0.073540
2025-11-16,5,2,80.34,0.080340
2025-11-16,6,2,78.56,0.078560
2025-11-16,7,3,76.56,0.076560
2025-11-16,8,3,72.27,0.072270
2025-11-16,9,4,70.87,0.070870
2025-11-16,10,4,71.04,0.071040
2025-11-16,11,5,76.19,0.076190
2025-11-16,12,5,75.6,0.075600
2025-11-16,13,6,72.63,0.072630
2025-11-16,14,6,72.63,0.072630
2025-11-16,15,7,76.82,0.076820
2025-11-16,16,7,75.73,0.075730
2025-11-16,17,8,76.88,0.076880
2025-11-16,18,8,81.81,0.081810
2025-11-16,19,9,75.67,0.075670
2025-11-16,20,9,83.09,0.083090
2025-11-16,21,10,85.92,0.085920
2025-11-16,22,10,86.45,0.086450
2025-11-16,23,11,90.31,0.090310
2025-11-16,24,11,90.75,0.090750
2025-11-16,25,12,91.25,0.091250
2025-11-16,26,12,89.18,0.089180
2025-11-16,27,13,92.45,0.092450
2025-11-16,28,13,91.78,0.091780
2025-11-16,29,14,98.92,0.098920
2025-11-16,30,14,97.77,0.097770
2025-11-16,31,15,100.69,0.100690
2025-11-16,32,15,103.05,0.103050
2025-11-16,33,16,106.05,0.106050
2025-11-16,34,16,109.51,0.109510
2025-11-16,35,17,109.68,0.109680
2025-11-16,36,17,109.29,0.109290
2025-11-16,37,18,107.54,0.107540
2025-11-16,38,18,100.46,0.100460
2025-11-16,39,19,80.69,0.080690
2025-11-16,40,19,78.66,0.078660
2025-11-16,41,20,80.66,0.080660
2025-11-16,42,20,79.18,0.079180
2025-11-16,43,21,75.79,0.075790
2025-11-16,44,21,74.04,0.074040
2025-11-16,45,22,76.76,0.076760
2025-11-16,46,22,72.96,0.072960
2025-11-16,47,23,79.66,0.079660
2025-11-16,48,23,79.57,0.079570
2025-11-17,1,0,73.79,0.073790
2025-11-17,2,0,75.64,0.075640
2025-11-17,3,1,69.8,0.069800
2025-11-17,4,1,69.94,0.069940
2025-11-17,5,2,71.54,0.071540
2025-11-17,6,2,73.23,0.073230
2025-11-17,7,3,72.22,0.072220
2025-11-17,8,3,67.68,0.067680
2025-11-17,9,4,68.68,0.068680
2025-11-17,10,4,67.02,0.067020
2025-11-17,11,5,71.18,0.071180
2025-11-17,12,5,71.7,0.071700
2025-11-17,13,6,68.87,0.068870
2025-11-17,14,6,72.62,0.072620
2025-11-17,15,7,78.66,0.078660
2025-11-17,16,7,90.57,0.090570
2025-11-17,17,8,89.65,0.089650
2025-11-17,18,8,86.99,0.086990
2025-11-17,19,9,79.38,0.079380
2025-11-17,20,9,74.03,0.074030
2025-11-17,21,10,71.81,0.071810
2025-11-17,22,10,72.14,0.072140
2025-11-17,23,11,66.96,0.066960
2025-11-17,24,11,66.66,0.066660
2025-11-17,25,12,67.83,0.067830
2025-11-17,26,12,66.89,0.066890
2025-11-17,27,13,68.75,0.068750
2025-11-17,28,13,70.21,0.070210
2025-11-17,29,14,80.81,0.080810
2025-11-17,30,14,84.57,0.084570
2025-11-17,31,15,102.12,0.102120
2025-11-17,32,15,109.51,0.109510
2025-11-17,33,16,119.17,0.119170
2025-11-17,34,16,129.05,0.129050
2025-11-17,35,17,118.24,0.118240
2025-11-17,36,17,113.62,0.113620
2025-11-17,37,18,114.57,0.114570
2025-11-17,38,18,113.16,0.113160
2025-11-17,39,19,119.63,0.119630
2025-11-17,40,19,105.41,0.105410
2025-11-17,41,20,97.31,0.097310
2025-11-17,42,20,108.31,0.108310
2025-11-17,43,21,97.34,0.097340
2025-11-17,44,21,91.21,0.091210
2025-11-17,45,22,89.52,0.089520
2025-11-17,46,22,87.99,0.087990
2025-11-17,47,23,79.99,0.079990
2025-11-17,48,23,74.24,0.074240
2025-11-18,1,0,75.26,0.075260
2025-11-18,2,0,74.0,0.074000
2025-11-18,3,1,70.98,0.070980
2025-11-18,4,1,75.1,0.075100
2025-11-18,5,2,73.78,0.073780
2025-11-18,6,2,71.19,0.071190
2025-11-18,7,3,72.19,0.072190
2025-11-18,8,3,69.67,0.069670
2025-11-18,9,4,70.93,0.070930
2025-11-18,10,4,68.87,0.068870
2025-11-18,11,5,73.33,0.073330
2025-11-18,12,5,69.48,0.069480
2025-11-18,13,6,75.1,0.075100
2025-11-18,14,6,76.84,0.076840
2025-11-18,15,7,76.62,0.076620
2025-11-18,16,7,94.43,0.094430
2025-11-18,17,8,83.53,0.083530
2025-11-18,18,8,87.33,0.087330
2025-11-18,19,9,86.68,0.086680
2025-11-18,20,9,85.46,0.085460
2025-11-18,21,10,80.11,0.080110
2025-11-18,22,10,76.82,0.076820
2025-11-18,23,11,83.23,0.083230
2025-11-18,24,11,80.6,0.080600
2025-11-18,25,12,75.1,0.075100
2025-11-18,26,12,70.83,0.070830
2025-11-18,27,13,72.2,0.072200
2025-11-18,28,13,75.32,0.075320
2025-11-18,29,14,76.95,0.076950
2025-11-18,30,14,76.78,0.076780
2025-11-18,31,15,93.58,0.093580
2025-11-18,32,15,103.86,0.103860
2025-11-18,33,16,101.84,0.101840
2025-11-18,34,16,98.32,0.098320
2025-11-18,35,17,104.24,0.104240
2025-11-18,36,17,98.88,0.098880
2025-11-18,37,18,102.11,0.102110
2025-11-18,38,18,103.86,0.103860
2025-11-18,39,19,86.48,0.086480
2025-11-18,40,19,86.39,0.086390
2025-11-18,41,20,83.26,0.083260
2025-11-18,42,20,83.44,0.083440
2025-11-18,43,21,79.54,0.079540
2025-11-18,44,21,81.94,0.081940
2025-11-18,45,22,80.42,0.080420
2025-11-18,46,22,80.44,0.080440
2025-11-18,47,23,89.17,0.089170
2025-11-18,48,23,88.65,0.088650
2025-11-19,1,0,92.0,0.092000
2025-11-19,2,0,89.98,0.089980
2025-11-19,3,1,88.33,0.088330
2025-11-19,4,1,78.82,0.078820
2025-11-19,5,2,75.29,0.075290
2025-11-19,6,2,75.42,0.075420
2025-11-19,7,3,77.68,0.077680
2025-11-19,8,3,79.16,0.079160
2025-11-19,9,4,80.7,0.080700
2025-11-19,10,4,81.68,0.081680
2025-11-19,11,5,90.29,0.090290
2025-11-19,12,5,87.69,0.087690
2025-11-19,13,6,95.71,0.095710
2025-11-19,14,6,92.2,0.092200
2025-11-19,15,7,90.75,0.090750
2025-11-19,16,7,95.47,0.095470
2025-11-19,17,8,98.24,0.098240
2025-11-19,18,8,101.0,0.101000
2025-11-19,19,9,99.82,0.099820
2025-11-19,20,9,97.91,0.097910
2025-11-19,21,10,94.19,0.094190
2025-11-19,22,10,89.54,0.089540
2025-11-19,23,11,83.34,0.083340
2025-11-19,24,11,85.25,0.085250
2025-11-19,25,12,83.24,0.083240
2025-11-19,26,12,84.22,0.084220
2025-11-19,27,13,86.04,0.086040
2025-11-19,28,13,83.03,0.083030
2025-11-19,29,14,87.15,0.087150
2025-11-19,30,14,87.14,0.087140
2025-11-19,31,15,94.33,0.094330
2025-11-19,32,15,102.97,0.102970
2025-11-19,33,16,91.95,0.091950
2025-11-19,34,16,97.82,0.097820
2025-11-19,35,17,96.72,0.096720
2025-11-19,36,17,100.69,0.100690
2025-11-19,37,18,99.74,0.099740
2025-11-19,38,18,100.65,0.100650
2025-11-19,39,19,91.45,0.091450
2025-11-19,40,19,90.93,0.090930
2025-11-19,41,20,86.44,0.086440
2025-11-19,42,20,84.27,0.084270
2025-11-19,43,21,80.82,0.080820
2025-11-19,44,21,84.4,0.084400
2025-11-19,45,22,84.67,0.084670
2025-11-19,46,22,79.74,0.079740
2025-11-19,47,23,74.09,0.074090
2025-11-19,48,23,74.76,0.074760
2025-11-20,1,0,69.37,0.069370
2025-11-20,2,0,74.86,0.074860
2025-11-20,3,1,77.86,0.077860
2025-11-20,4,1,74.61,0.074610
2025-11-20,5,2,76.56,0.076560
2025-11-20,6,2,77.15,0.077150
2025-11-20,7,3,77.11,0.077110
2025-11-20,8,3,76.97,0.076970
2025-11-20,9,4,80.71,0.080710
2025-11-20,10,4,79.64,0.079640
2025-11-20,11,5,90.16,0.090160
2025-11-20,12,5,80.82,0.080820
2025-11-20,13,6,80.74,0.080740
2025-11-20,14,6,81.17,0.081170
2025-11-20,15,7,93.38,0.093380
2025-11-20,16,7,105.92,0.105920
2025-11-20,17,8,109.83,0.109830
2025-11-20,18,8,111.92,0.111920
2025-11-20,19,9,111.05,0.111050
2025-11-20,20,9,110.0,0.110000
2025-11-20,21,10,108.96,0.108960
2025-11-20,22,10,106.84,0.106840
2025-11-20,23,11,107.93,0.107930
2025-11-20,24,11,103.0,0.103000
2025-11-20,25,12,101.15,0.101150
2025-11-20,26,12,92.66,0.092660
2025-11-20,27,13,89.49,0.089490
2025-11-20,28,13,90.14,0.090140
2025-11-20,29,14,99.95,0.099950
2025-11-20,30,14,104.82,0.104820
2025-11-20,31,15,136.44,0.136440
2025-11-20,32,15,147.54,0.147540
2025-11-20,33,16,145.28,0.145280
2025-11-20,34,16,141.57,0.141570
2025-11-20,35,17,145.85,0.145850
2025-11-20,36,17,143.4,0.143400
2025-11-20,37,18,138.7,0.138700
2025-11-20,38,18,140.89,0.140890
2025-11-20,39,19,121.62,0.121620
2025-11-20,40,19,120.23,0.120230
2025-11-20,41,20,107.71,0.107710
2025-11-20,42,20,104.15,0.104150
2025-11-20,43,21,101.17,0.101170
2025-11-20,44,21,97.02,0.097020
2025-11-20,45,22,94.06,0.094060
2025-11-20,46,22,90.01,0.090010
2025-11-20,47,23,93.74,0.093740
2025-11-20,48,23,92.89,0.092890
2025-11-21,1,0,85.72,0.085720
2025-11-21,2,0,90.32,0.090320
2025-11-21,3,1,86.71,0.086710
2025-11-21,4,1,90.67,0.090670
2025-11-21,5,2,86.57,0.086570
2025-11-21,6,2,87.78,0.087780
2025-11-21,7,3,101.98,0.101980
2025-11-21,8,3,101.2,0.101200
2025-11-21,9,4,99.06,0.099060
2025-11-21,10,4,97.09,0.097090
2025-11-21,11,5,109.62,0.109620
2025-11-21,12,5,117.35,0.117350
2025-11-21,13,6,135.01,0.135010
2025-11-21,14,6,155.03,0.155030
2025-11-21,15,7,188.08,0.188080
2025-11-21,16,7,216.25,0.216250
2025-11-21,17,8,158.83,0.158830
2025-11-21,18,8,166.1,0.166100
2025-11-21,19,9,143.43,0.143430
2025-11-21,20,9,136.57,0.136570
2025-11-21,21,10,131.19,0.131190
2025-11-21,22,10,121.64,0.121640
2025-11-21,23,11,119.94,0.119940
2025-11-21,24,11,112.68,0.112680
2025-11-21,25,12,123.21,0.123210
2025-11-21,26,12,118.6,0.118600
2025-11-21,27,13,113.4,0.113400
2025-11-21,28,13,109.53,0.109530
2025-11-21,29,14,102.71,0.102710
2025-11-21,30,14,104.65,0.104650
2025-11-21,31,15,103.74,0.103740
2025-11-21,32,15,116.93,0.116930
2025-11-21,33,16,122.8,0.122800
2025-11-21,34,16,123.59,0.123590
2025-11-21,35,17,126.72,0.126720
2025-11-21,36,17,125.8,0.125800
2025-11-21,37,18,117.32,0.117320
2025-11-21,38,18,111.05,0.111050
2025-11-21,39,19,89.92,0.089920
2025-11-21,40,19,83.83,0.083830
2025-11-21,41,20,85.75,0.085750
2025-11-21,42,20,83.92,0.083920
2025-11-21,43,21,78.15,0.078150
2025-11-21,44,21,80.87,0.080870
2025-11-21,45,22,74.26,0.074260
2025-11-21,46,22,72.6,0.072600
2025-11-21,47,23,65.43,0.065430
2025-11-21,48,23,67.57,0.067570
2025-11-22,1,0,65.44,0.065440
2025-11-22,2,0,71.43,0.071430
2025-11-22,3,1,75.21,0.075210
2025-11-22,4,1,74.1,0.074100
2025-11-22,5,2,72.14,0.072140
2025-11-22,6,2,71.81,0.071810
2025-11-22,7,3,69.18,0.069180
2025-11-22,8,3,67.73,0.067730
2025-11-22,9,4,68.07,0.068070
2025-11-22,10,4,67.07,0.067070
2025-11-22,11,5,69.22,0.069220
2025-11-22,12,5,69.76,0.069760
2025-11-22,13,6,72.13,0.072130
2025-11-22,14,6,73.56,0.073560
2025-11-22,15,7,75.83,0.075830
2025-11-22,16,7,81.4,0.081400
2025-11-22,17,8,74.13,0.074130
2025-11-22,18,8,81.02,0.081020
2025-11-22,19,9,71.23,0.071230
2025-11-22,20,9,74.03,0.074030
2025-11-22,21,10,74.49,0.074490
2025-11-22,22,10,75.01,0.075010
2025-11-22,23,11,74.78,0.074780
2025-11-22,24,11,76.61,0.076610
2025-11-22,25,12,76.39,0.076390
2025-11-22,26,12,77.22,0.077220
2025-11-22,27,13,81.46,0.081460
2025-11-22,28,13,80.17,0.080170
2025-11-22,29,14,82.97,0.082970
2025-11-22,30,14,79.71,0.079710
2025-11-22,31,15,82.41,0.082410
2025-11-22,32,15,85.0,0.085000
2025-11-22,33,16,85.58,0.085580
2025-11-22,34,16,87.54,0.087540
2025-11-22,35,17,89.3,0.089300
2025-11-22,36,17,90.04,0.090040
2025-11-22,37,18,90.04,0.090040
2025-11-22,38,18,89.56,0.089560
2025-11-22,39,19,86.47,0.086470
2025-11-22,40,19,83.15,0.083150
2025-11-22,41,20,80.81,0.080810
2025-11-22,42,20,83.48,0.083480
2025-11-22,43,21,84.63,0.084630
2025-11-22,44,21,80.76,0.080760
2025-11-22,45,22,78.64,0.078640
2025-11-22,46,22,79.69,0.079690
2025-11-22,47,23,82.76,0.082760
2025-11-22,48,23,84.08,0.084080
2025-11-23,1,0,85.78,0.085780
2025-11-23,2,0,88.09,0.088090
2025-11-23,3,1,81.98,0.081980
2025-11-23,4,1,75.96,0.075960
2025-11-23,5,2,74.26,0.074260
2025-11-23,6,2,66.69,0.066690
2025-11-23,7,3,58.63,0.058630
2025-11-23,8,3,57.62,0.057620
2025-11-23,9,4,59.22,0.059220
2025-11-23,10,4,57.66,0.057660
2025-11-23,11,5,58.45,0.058450
2025-11-23,12,5,57.53,0.057530
2025-11-23,13,6,59.79,0.059790
2025-11-23,14,6,58.63,0.058630
2025-11-23,15,7,61.37,0.061370
2025-11-23,16,7,61.72,0.061720
2025-11-23,17,8,57.63,0.057630
2025-11-23,18,8,66.56,0.066560
2025-11-23,19,9,65.74,0.065740
2025-11-23,20,9,67.8,0.067800
2025-11-23,21,10,63.2,0.063200
2025-11-23,22,10,65.18,0.065180
2025-11-23,23,11,58.68,0.058680
2025-11-23,24,11,57.29,0.057290
2025-11-23,25,12,55.04,0.055040
2025-11-23,26,12,57.93,0.057930
2025-11-23,27,13,53.96,0.053960
2025-11-23,28,13,63.92,0.063920
2025-11-23,29,14,69.85,0.069850
2025-11-23,30,14,75.22,0.075220
2025-11-23,31,15,85.75,0.085750
2025-11-23,32,15,94.92,0.094920
2025-11-23,33,16,97.55,0.097550
2025-11-23,34,16,105.54,0.105540
2025-11-23,35,17,107.69,0.107690
2025-11-23,36,17,108.31,0.108310
2025-11-23,37,18,110.79,0.110790
2025-11-23,38,18,105.71,0.105710
2025-11-23,39,19,94.27,0.094270
2025-11-23,40,19,88.42,0.088420
2025-11-23,41,20,83.56,0.083560
2025-11-23,42,20,83.33,0.083330
2025-11-23,43,21,84.31,0.084310
2025-11-23,44,21,80.87,0.080870
2025-11-23,45,22,81.65,0.081650
2025-11-23,46,22,74.88,0.074880
2025-11-23,47,23,70.01,0.070010
2025-11-23,48,23,69.04,0.069040
2025-11-24,1,0,68.91,0.068910
2025-11-24,2,0,69.64,0.069640
2025-11-24,3,1,69.88,0.069880
2025-11-24,4,1,68.92,0.068920
2025-11-24,5,2,69.99,0.069990
2025-11-24,6,2,68.54,0.068540
2025-11-24,7,3,69.16,0.069160
2025-11-24,8,3,69.24,0.069240
2025-11-24,9,4,71.02,0.071020
2025-11-24,10,4,71.87,0.071870
2025-11-24,11,5,77.82,0.077820
2025-11-24,12,5,74.87,0.074870
2025-11-24,13,6,82.29,0.082290
2025-11-24,14,6,76.84,0.076840
2025-11-24,15,7,87.77,0.087770
2025-11-24,16,7,102.13,0.102130
2025-11-24,17,8,100.59,0.100590
2025-11-24,18,8,100.66,0.100660
2025-11-24,19,9,99.54,0.099540
2025-11-24,20,9,97.69,0.097690
2025-11-24,21,10,93.9,0.093900
2025-11-24,22,10,93.81,0.093810
2025-11-24,23,11,96.89,0.096890
2025-11-24,24,11,96.35,0.096350
2025-11-24,25,12,97.42,0.097420
2025-11-24,26,12,96.98,0.096980
2025-11-24,27,13,99.72,0.099720
2025-11-24,28,13,98.38,0.098380
2025-11-24,29,14,104.46,0.104460
2025-11-24,30,14,94.88,0.094880
2025-11-24,31,15,87.34,0.087340
2025-11-24,32,15,87.37,0.087370
2025-11-24,33,16,88.25,0.088250
2025-11-24,34,16,94.76,0.094760
2025-11-24,35,17,92.95,0.092950
2025-11-24,36,17,92.38,0.092380
2025-11-24,37,18,92.76,0.092760
2025-11-24,38,18,95.15,0.095150
2025-11-24,39,19,88.16,0.088160
2025-11-24,40,19,83.71,0.083710
2025-11-24,41,20,89.35,0.089350
2025-11-24,42,20,87.13,0.087130
2025-11-24,43,21,81.62,0.081620
2025-11-24,44,21,82.22,0.082220
2025-11-24,45,22,79.08,0.079080
2025-11-24,46,22,72.42,0.072420
2025-11-24,47,23,68.89,0.068890
2025-11-24,48,23,69.49,0.069490
2025-11-25,1,0,67.39,0.067390
2025-11-25,2,0,66.65,0.066650
2025-11-25,3,1,69.85,0.069850
2025-11-25,4,1,68.77,0.068770
2025-11-25,5,2,67.37,0.067370
2025-11-25,6,2,68.33,0.068330
2025-11-25,7,3,68.22,0.068220
2025-11-25,8,3,67.63,0.067630
2025-11-25,9,4,68.64,0.068640
2025-11-25,10,4,67.56,0.067560
2025-11-25,11,5,65.12,0.065120
2025-11-25,12,5,64.48,0.064480
2025-11-25,13,6,71.09,0.071090
2025-11-25,14,6,68.5,0.068500
2025-11-25,15,7,76.49,0.076490
2025-11-25,16,7,77.6,0.077600
2025-11-25,17,8,77.84,0.077840
2025-11-25,18,8,82.01,0.082010
2025-11-25,19,9,81.5,0.081500
2025-11-25,20,9,79.09,0.079090
2025-11-25,21,10,77.0,0.077000
2025-11-25,22,10,76.84,0.076840
2025-11-25,23,11,74.57,0.074570
2025-11-25,24,11,74.43,0.074430
2025-11-25,25,12,74.5,0.074500
2025-11-25,26,12,78.95,0.078950
2025-11-25,27,13,93.75,0.093750
2025-11-25,28,13,92.75,0.092750
2025-11-25,29,14,96.27,0.096270
2025-11-25,30,14,106.94,0.106940
2025-11-25,31,15,134.18,0.134180
2025-11-25,32,15,146.72,0.146720
2025-11-25,33,16,147.34,0.147340
2025-11-25,34,16,155.32,0.155320
2025-11-25,35,17,158.8,0.158800
2025-11-25,36,17,159.36,0.159360
2025-11-25,37,18,152.0,0.152000
2025-11-25,38,18,143.68,0.143680
2025-11-25,39,19,116.6,0.116600
2025-11-25,40,19,116.56,0.116560
2025-11-25,41,20,108.82,0.108820
2025-11-25,42,20,103.13,0.103130
2025-11-25,43,21,90.97,0.090970
2025-11-25,44,21,88.55,0.088550
2025-11-25,45,22,87.56,0.087560
2025-11-25,46,22,83.03,0.083030
2025-11-25,47,23,76.0,0.076000
2025-11-25,48,23,74.58,0.074580
2025-11-26,1,0,74.6,0.074600
2025-11-26,2,0,76.24,0.076240
2025-11-26,3,1,79.14,0.079140
2025-11-26,4,1,77.75,0.077750
2025-11-26,5,2,73.45,0.073450
2025-11-26,6,2,76.34,0.076340
2025-11-26,7,3,77.98,0.077980
2025-11-26,8,3,74.87,0.074870
2025-11-26,9,4,72.76,0.072760
2025-11-26,10,4,73.21,0.073210
2025-11-26,11,5,85.71,0.085710
2025-11-26,12,5,84.31,0.084310
2025-11-26,13,6,84.95,0.084950
2025-11-26,14,6,80.58,0.080580
2025-11-26,15,7,95.22,0.095220
2025-11-26,16,7,106.94,0.106940
2025-11-26,17,8,119.37,0.119370
2025-11-26,18,8,122.45,0.122450
2025-11-26,19,9,108.91,0.108910
2025-11-26,20,9,98.3,0.098300
2025-11-26,21,10,98.35,0.098350
2025-11-26,22,10,88.21,0.088210
2025-11-26,23,11,75.44,0.075440
2025-11-26,24,11,75.49,0.075490
2025-11-26,25,12,79.05,0.079050
2025-11-26,26,12,78.41,0.078410
2025-11-26,27,13,81.57,0.081570
2025-11-26,28,13,76.36,0.076360
2025-11-26,29,14,77.69,0.077690
2025-11-26,30,14,78.95,0.078950
2025-11-26,31,15,85.34,0.085340
2025-11-26,32,15,92.93,0.092930
2025-11-26,33,16,101.1,0.101100
2025-11-26,34,16,105.68,0.105680
2025-11-26,35,17,116.86,0.116860
2025-11-26,36,17,114.09,0.114090
2025-11-26,37,18,108.73,0.108730
2025-11-26,38,18,106.53,0.106530
2025-11-26,39,19,86.29,0.086290
2025-11-26,40,19,85.02,0.085020
2025-11-26,41,20,76.1,0.076100
2025-11-26,42,20,77.66,0.077660
2025-11-26,43,21,77.98,0.077980
2025-11-26,44,21,75.9,0.075900
2025-11-26,45,22,75.27,0.075270
2025-11-26,46,22,72.49,0.072490
2025-11-26,47,23,64.95,0.064950
2025-11-26,48,23,59.27,0.059270
2025-11-27,1,0,61.71,0.061710
2025-11-27,2,0,62.84,0.062840
2025-11-27,3,1,56.91,0.056910
2025-11-27,4,1,56.13,0.056130
2025-11-27,5,2,58.42,0.058420
2025-11-27,6,2,55.17,0.055170
2025-11-27,7,3,47.51,0.047510
2025-11-27,8,3,47.27,0.047270
2025-11-27,9,4,62.4,0.062400
2025-11-27,10,4,63.22,0.063220
2025-11-27,11,5,64.41,0.064410
2025-11-27,12,5,71.3,0.071300
2025-11-27,13,6,72.47,0.072470
2025-11-27,14,6,79.7,0.079700
2025-11-27,15,7,81.22,0.081220
2025-11-27,16,7,91.08,0.091080
2025-11-27,17,8,87.33,0.087330
2025-11-27,18,8,87.72,0.087720
2025-11-27,19,9,84.39,0.084390
2025-11-27,20,9,79.42,0.079420
2025-11-27,21,10,79.71,0.079710
2025-11-27,22,10,72.44,0.072440
2025-11-27,23,11,61.43,0.061430
2025-11-27,24,11,59.0,0.059000
2025-11-27,25,12,61.67,0.061670
2025-11-27,26,12,60.81,0.060810
2025-11-27,27,13,57.34,0.057340
2025-11-27,28,13,48.19,0.048190
2025-11-27,29,14,52.16,0.052160
2025-11-27,30,14,55.95,0.055950
2025-11-27,31,15,67.08,0.067080
2025-11-27,32,15,67.27,0.067270
2025-11-27,33,16,74.16,0.074160
2025-11-27,34,16,78.17,0.078170
2025-11-27,35,17,76.61,0.076610
2025-11-27,36,17,77.81,0.077810
2025-11-27,37,18,77.91,0.077910
2025-11-27,38,18,74.71,0.074710
2025-11-27,39,19,74.3,0.074300
2025-11-27,40,19,70.07,0.070070
2025-11-27,41,20,64.12,0.064120
2025-11-27,42,20,60.57,0.060570
2025-11-27,43,21,71.66,0.071660
2025-11-27,44,21,64.92,0.064920
2025-11-27,45,22,67.84,0.067840
2025-11-27,46,22,50.61,0.050610
2025-11-27,47,23,45.34,0.045340
2025-11-27,48,23,44.4,0.044400
2025-11-28,1,0,49.56,0.049560
2025-11-28,2,0,60.7,0.060700
2025-11-28,3,1,58.04,0.058040
2025-11-28,4,1,54.86,0.054860
2025-11-28,5,2,58.6,0.058600
2025-11-28,6,2,56.71,0.056710
2025-11-28,7,3,58.91,0.058910
2025-11-28,8,3,57.5,0.057500
2025-11-28,9,4,61.14,0.061140
2025-11-28,10,4,64.47,0.064470
2025-11-28,11,5,64.29,0.064290
2025-11-28,12,5,70.77,0.070770
2025-11-28,13,6,68.12,0.068120
2025-11-28,14,6,87.06,0.087060
2025-11-28,15,7,80.06,0.080060
2025-11-28,16,7,89.73,0.089730
2025-11-28,17,8,80.99,0.080990
2025-11-28,18,8,85.43,0.085430
2025-11-28,19,9,89.1,0.089100
2025-11-28,20,9,86.22,0.086220
2025-11-28,21,10,86.7,0.086700
2025-11-28,22,10,78.01,0.078010
2025-11-28,23,11,83.09,0.083090
2025-11-28,24,11,72.2,0.072200
2025-11-28,25,12,73.88,0.073880
2025-11-28,26,12,78.45,0.078450
2025-11-28,27,13,76.01,0.076010
2025-11-28,28,13,74.42,0.074420
2025-11-28,29,14,78.39,0.078390
2025-11-28,30,14,79.32,0.079320
2025-11-28,31,15,81.21,0.081210
2025-11-28,32,15,86.59,0.086590
2025-11-28,33,16,88.54,0.088540
2025-11-28,34,16,90.14,0.090140
2025-11-28,35,17,94.15,0.094150
2025-11-28,36,17,95.18,0.095180
2025-11-28,37,18,95.76,0.095760
2025-11-28,38,18,94.23,0.094230
2025-11-28,39,19,90.02,0.090020
2025-11-28,40,19,84.69,0.084690
2025-11-28,41,20,88.53,0.088530
2025-11-28,42,20,87.25,0.087250
2025-11-28,43,21,84.22,0.084220
2025-11-28,44,21,80.2,0.080200
2025-11-28,45,22,79.8,0.079800
2025-11-28,46,22,75.21,0.075210
2025-11-28,47,23,63.38,0.063380
2025-11-28,48,23,67.53,0.067530
2025-11-29,1,0,72.0,0.072000
2025-11-29,2,0,76.52,0.076520
2025-11-29,3,1,73.3,0.073300
2025-11-29,4,1,73.53,0.073530
2025-11-29,5,2,72.74,0.072740
2025-11-29,6,2,73.31,0.073310
2025-11-29,7,3,66.37,0.066370
2025-11-29,8,3,38.67,0.038670
2025-11-29,9,4,36.48,0.036480
2025-11-29,10,4,33.2,0.033200
2025-11-29,11,5,42.47,0.042470
2025-11-29,12,5,39.39,0.039390
2025-11-29,13,6,44.35,0.044350
2025-11-29,14,6,40.75,0.040750
2025-11-29,15,7,59.48,0.059480
2025-11-29,16,7,60.3,0.060300
2025-11-29,17,8,64.62,0.064620
2025-11-29,18,8,66.04,0.066040
2025-11-29,19,9,61.85,0.061850
2025-11-29,20,9,60.39,0.060390
2025-11-29,21,10,63.34,0.063340
2025-11-29,22,10,62.57,0.062570
2025-11-29,23,11,66.5,0.066500
2025-11-29,24,11,67.93,0.067930
2025-11-29,25,12,67.99,0.067990
2025-11-29,26,12,67.44,0.067440
2025-11-29,27,13,66.69,0.066690
2025-11-29,28,13,63.99,0.063990
2025-11-29,29,14,63.9,0.063900
2025-11-29,30,14,63.51,0.063510
2025-11-29,31,15,67.82,0.067820
2025-11-29,32,15,68.59,0.068590
2025-11-29,33,16,78.72,0.078720
2025-11-29,34,16,78.2,0.078200
2025-11-29,35,17,75.67,0.075670
2025-11-29,36,17,74.69,0.074690
2025-11-29,37,18,72.22,0.072220
2025-11-29,38,18,73.93,0.073930
2025-11-29,39,19,78.64,0.078640
2025-11-29,40,19,77.62,0.077620
2025-11-29,41,20,72.35,0.072350
2025-11-29,42,20,68.59,0.068590
2025-11-29,43,21,74.41,0.074410
2025-11-29,44,21,69.65,0.069650
2025-11-29,45,22,72.01,0.072010
2025-11-29,46,22,64.78,0.064780
2025-11-29,47,23,64.93,0.064930
2025-11-29,48,23,60.84,0.060840
2025-11-30,1,0,66.42,0.066420
2025-11-30,2,0,69.46,0.069460
2025-11-30,3,1,67.49,0.067490
2025-11-30,4,1,69.37,0.069370
2025-11-30,5,2,65.14,0.065140
2025-11-30,6,2,63.85,0.063850
2025-11-30,7,3,63.5,0.063500
2025-11-30,8,3,60.59,0.060590
2025-11-30,9,4,60.31,0.060310
2025-11-30,10,4,57.39,0.057390
2025-11-30,11,5,43.19,0.043190
2025-11-30,12,5,40.45,0.040450
2025-11-30,13,6,41.95,0.041950
2025-11-30,14,6,53.36,0.053360
2025-11-30,15,7,56.55,0.056550
2025-11-30,16,7,66.89,0.066890
2025-11-30,17,8,67.35,0.067350
2025-11-30,18,8,71.18,0.071180
2025-11-30,19,9,68.1,0.068100
2025-11-30,20,9,69.75,0.069750
2025-11-30,21,10,67.17,0.067170
2025-11-30,22,10,61.82,0.061820
2025-11-30,23,11,63.22,0.063220
2025-11-30,24,11,60.62,0.060620
2025-11-30,25,12,61.69,0.061690
2025-11-30,26,12,61.83,0.061830
2025-11-30,27,13,66.74,0.066740
2025-11-30,28,13,66.03,0.066030
2025-11-30,29,14,75.72,0.075720
2025-11-30,30,14,76.79,0.076790
2025-11-30,31,15,81.41,0.081410
2025-11-30,32,15,90.79,0.090790
2025-11-30,33,16,95.87,0.095870
2025-11-30,34,16,97.94,0.097940
2025-11-30,35,17,101.53,0.101530
2025-11-30,36,17,102.05,0.102050
2025-11-30,37,18,96.16,0.096160
2025-11-30,38,18,87.96,0.087960
2025-11-30,39,19,83.54,0.083540
2025-11-30,40,19,77.0,0.077000
2025-11-30,41,20,75.01,0.075010
2025-11-30,42,20,71.99,0.071990
2025-11-30,43,21,69.07,0.069070
2025-11-30,44,21,69.36,0.069360
2025-11-30,45,22,62.77,0.062770
2025-11-30,46,22,42.8,0.042800
2025-11-30,47,23,32.76,0.032760
2025-11-30,48,23,22.77,0.022770
2025-12-01,1,0,41.55,0.041550
2025-12-01,2,0,47.45,0.047450
2025-12-01,3,1,52.4,0.052400
2025-12-01,4,1,48.53,0.048530
2025-12-01,5,2,49.3,0.049300
2025-12-01,6,2,47.09,0.047090
2025-12-01,7,3,51.65,0.051650
2025-12-01,8,3,51.68,0.051680
2025-12-01,9,4,50.64,0.050640
2025-12-01,10,4,51.63,0.051630
2025-12-01,11,5,56.6,0.056600
2025-12-01,12,5,68.66,0.068660
2025-12-01,13,6,71.5,0.071500
2025-12-01,14,6,74.93,0.074930
2025-12-01,15,7,81.71,0.081710
2025-12-01,16,7,88.46,0.088460
2025-12-01,17,8,81.49,0.081490
2025-12-01,18,8,86.73,0.086730
2025-12-01,19,9,81.59,0.081590
2025-12-01,20,9,84.1,0.084100
2025-12-01,21,10,78.12,0.078120
2025-12-01,22,10,78.51,0.078510
2025-12-01,23,11,79.38,0.079380
2025-12-01,24,11,76.15,0.076150
2025-12-01,25,12,80.48,0.080480
2025-12-01,26,12,80.0,0.080000
2025-12-01,27,13,77.71,0.077710
2025-12-01,28,13,77.94,0.077940
2025-12-01,29,14,82.05,0.082050
2025-12-01,30,14,83.19,0.083190
2025-12-01,31,15,85.16,0.085160
2025-12-01,32,15,87.03,0.087030
2025-12-01,33,16,87.14,0.087140
2025-12-01,34,16,87.89,0.087890
2025-12-01,35,17,88.55,0.088550
2025-12-01,36,17,87.09,0.087090
2025-12-01,37,18,82.19,0.082190
2025-12-01,38,18,83.58,0.083580
2025-12-01,39,19,83.71,0.083710
2025-12-01,40,19,80.64,0.080640
2025-12-01,41,20,81.18,0.081180
2025-12-01,42,20,78.1,0.078100
2025-12-01,43,21,77.67,0.077670
2025-12-01,44,21,79.05,0.079050
2025-12-01,45,22,82.32,0.082320
2025-12-01,46,22,71.76,0.071760
2025-12-01,47,23,74.06,0.074060
2025-12-01,48,23,68.13,0.068130
2025-12-02,1,0,68.23,0.068230
2025-12-02,2,0,65.77,0.065770
2025-12-02,3,1,63.65,0.063650
2025-12-02,4,1,61.89,0.061890
2025-12-02,5,2,64.2,0.064200
2025-12-02,6,2,63.88,0.063880
2025-12-02,7,3,64.25,0.064250
2025-12-02,8,3,60.63,0.060630
2025-12-02,9,4,60.35,0.060350
2025-12-02,10,4,55.22,0.055220
2025-12-02,11,5,62.69,0.062690
2025-12-02,12,5,66.24,0.066240
2025-12-02,13,6,72.65,0.072650
2025-12-02,14,6,70.29,0.070290
2025-12-02,15,7,80.48,0.080480
2025-12-02,16,7,86.46,0.086460
2025-12-02,17,8,84.8,0.084800
2025-12-02,18,8,85.37,0.085370
2025-12-02,19,9,84.22,0.084220
2025-12-02,20,9,76.08,0.076080
2025-12-02,21,10,78.39,0.078390
2025-12-02,22,10,73.66,0.073660
2025-12-02,23,11,73.71,0.073710
2025-12-02,24,11,73.14,0.073140
2025-12-02,25,12,76.82,0.076820
2025-12-02,26,12,80.38,0.080380
2025-12-02,27,13,84.2,0.084200
2025-12-02,28,13,84.73,0.084730
2025-12-02,29,14,87.67,0.087670
2025-12-02,30,14,87.41,0.087410
2025-12-02,31,15,106.87,0.106870
2025-12-02,32,15,112.85,0.112850
2025-12-02,33,16,122.77,0.122770
2025-12-02,34,16,122.39,0.122390
2025-12-02,35,17,121.99,0.121990
2025-12-02,36,17,121.22,0.121220
2025-12-02,37,18,121.51,0.121510
2025-12-02,38,18,121.6,0.121600
2025-12-02,39,19,106.33,0.106330
2025-12-02,40,19,104.41,0.104410
2025-12-02,41,20,97.35,0.097350
2025-12-02,42,20,92.65,0.092650
2025-12-02,43,21,90.02,0.090020
2025-12-02,44,21,84.25,0.084250
2025-12-02,45,22,83.24,0.083240
2025-12-02,46,22,81.69,0.081690
2025-12-02,47,23,72.56,0.072560
2025-12-02,48,23,75.55,0.075550
2025-12-03,1,0,74.88,0.074880
2025-12-03,2,0,79.81,0.079810
2025-12-03,3,1,78.66,0.078660
2025-12-03,4,1,80.15,0.080150
2025-12-03,5,2,81.62,0.081620
2025-12-03,6,2,81.86,0.081860
2025-12-03,7,3,82.17,0.082170
2025-12-03,8,3,79.61,0.079610
2025-12-03,9,4,75.6,0.075600
2025-12-03,10,4,77.87,0.077870
2025-12-03,11,5,83.16,0.083160
2025-12-03,12,5,76.73,0.076730
2025-12-03,13,6,90.38,0.090380
2025-12-03,14,6,91.6,0.091600
2025-12-03,15,7,102.33,0.102330
2025-12-03,16,7,105.2,0.105200
2025-12-03,17,8,106.99,0.106990
2025-12-03,18,8,105.15,0.105150
2025-12-03,19,9,98.01,0.098010
2025-12-03,20,9,92.11,0.092110
2025-12-03,21,10,90.97,0.090970
2025-12-03,22,10,86.41,0.086410
2025-12-03,23,11,82.45,0.082450
2025-12-03,24,11,83.83,0.083830
2025-12-03,25,12,74.51,0.074510
2025-12-03,26,12,76.03,0.076030
2025-12-03,27,13,76.47,0.076470
2025-12-03,28,13,79.5,0.079500
2025-12-03,29,14,83.45,0.083450
2025-12-03,30,14,89.5,0.089500
2025-12-03,31,15,101.5,0.101500
2025-12-03,32,15,106.59,0.106590
2025-12-03,33,16,106.49,0.106490
2025-12-03,34,16,115.59,0.115590
2025-12-03,35,17,115.6,0.115600
2025-12-03,36,17,114.2,0.114200
2025-12-03,37,18,115.16,0.115160
2025-12-03,38,18,110.28,0.110280
2025-12-03,39,19,93.02,0.093020
2025-12-03,40,19,87.13,0.087130
2025-12-03,41,20,85.36,0.085360
2025-12-03,42,20,85.13,0.085130
2025-12-03,43,21,78.84,0.078840
2025-12-03,44,21,80.12,0.080120
2025-12-03,45,22,79.15,0.079150
2025-12-03,46,22,76.76,0.076760
2025-12-03,47,23,82.16,0.082160
2025-12-03,48,23,83.94,0.083940
2025-12-04,1,0,79.77,0.079770
2025-12-04,2,0,83.9,0.083900
2025-12-04,3,1,83.32,0.083320
2025-12-04,4,1,79.89,0.079890
2025-12-04,5,2,81.61,0.081610
2025-12-04,6,2,79.64,0.079640
2025-12-04,7,3,78.25,0.078250
2025-12-04,8,3,75.72,0.075720
2025-12-04,9,4,73.66,0.073660
2025-12-04,10,4,70.49,0.070490
2025-12-04,11,5,68.07,0.068070
2025-12-04,12,5,67.91,0.067910
2025-12-04,13,6,75.6,0.075600
2025-12-04,14,6,74.0,0.074000
2025-12-04,15,7,70.37,0.070370
2025-12-04,16,7,71.38,0.071380
2025-12-04,17,8,71.49,0.071490
2025-12-04,18,8,73.54,0.073540
2025-12-04,19,9,72.84,0.072840
2025-12-04,20,9,74.85,0.074850
2025-12-04,21,10,73.08,0.073080
2025-12-04,22,10,73.87,0.073870
2025-12-04,23,11,74.87,0.074870
2025-12-04,24,11,75.48,0.075480
2025-12-04,25,12,74.18,0.074180
2025-12-04,26,12,71.66,0.071660
2025-12-04,27,13,72.49,0.072490
2025-12-04,28,13,72.4,0.072400
2025-12-04,29,14,76.52,0.076520
2025-12-04,30,14,77.73,0.077730
2025-12-04,31,15,84.71,0.084710
2025-12-04,32,15,86.65,0.086650
2025-12-04,33,16,80.49,0.080490
2025-12-04,34,16,84.53,0.084530
2025-12-04,35,17,85.85,0.085850
2025-12-04,36,17,88.11,0.088110
2025-12-04,37,18,88.06,0.088060
2025-12-04,38,18,91.69,0.091690
2025-12-04,39,19,89.91,0.089910
2025-12-04,40,19,87.2,0.087200
2025-12-04,41,20,89.26,0.089260
2025-12-04,42,20,87.41,0.087410
2025-12-04,43,21,88.16,0.088160
2025-12-04,44,21,79.3,0.079300
2025-12-04,45,22,78.29,0.078290
2025-12-04,46,22,75.71,0.075710
2025-12-04,47,23,75.1,0.075100
2025-12-04,48,23,69.62,0.069620
2025-12-05,1,0,70.75,0.070750
2025-12-05,2,0,73.77,0.073770
2025-12-05,3,1,72.46,0.072460
2025-12-05,4,1,70.84,0.070840
2025-12-05,5,2,69.25,0.069250
2025-12-05,6,2,68.42,0.068420
2025-12-05,7,3,67.37,0.067370
2025-12-05,8,3,66.5,0.066500
2025-12-05,9,4,66.12,0.066120
2025-12-05,10,4,65.18,0.065180
2025-12-05,11,5,66.29,0.066290
2025-12-05,12,5,57.53,0.057530
2025-12-05,13,6,74.5,0.074500
2025-12-05,14,6,83.04,0.083040
2025-12-05,15,7,102.32,0.102320
2025-12-05,16,7,111.08,0.111080
2025-12-05,17,8,109.21,0.109210
2025-12-05,18,8,107.36,0.107360
2025-12-05,19,9,91.81,0.091810
2025-12-05,20,9,80.97,0.080970
2025-12-05,21,10,77.32,0.077320
2025-12-05,22,10,70.2,0.070200
2025-12-05,23,11,73.49,0.073490
2025-12-05,24,11,70.44,0.070440
2025-12-05,25,12,71.16,0.071160
2025-12-05,26,12,75.84,0.075840
2025-12-05,27,13,73.32,0.073320
2025-12-05,28,13,72.5,0.072500
2025-12-05,29,14,66.85,0.066850
2025-12-05,30,14,64.77,0.064770
2025-12-05,31,15,69.4,0.069400
2025-12-05,32,15,70.94,0.070940
2025-12-05,33,16,73.22,0.073220
2025-12-05,34,16,76.21,0.076210
2025-12-05,35,17,76.52,0.076520
2025-12-05,36,17,77.3,0.077300
2025-12-05,37,18,75.24,0.075240
2025-12-05,38,18,74.65,0.074650
2025-12-05,39,19,76.73,0.076730
2025-12-05,40,19,77.81,0.077810
2025-12-05,41,20,76.33,0.076330
2025-12-05,42,20,75.32,0.075320
2025-12-05,43,21,78.42,0.078420
2025-12-05,44,21,72.32,0.072320
2025-12-05,45,22,73.19,0.073190
2025-12-05,46,22,66.47,0.066470
2025-12-05,47,23,60.7,0.060700
2025-12-05,48,23,62.07,0.062070
2025-12-06,1,0,60.18,0.060180
2025-12-06,2,0,65.74,0.065740
2025-12-06,3,1,68.35,0.068350
2025-12-06,4,1,67.02,0.067020
2025-12-06,5,2,64.15,0.064150
2025-12-06,6,2,66.18,0.066180
2025-12-06,7,3,66.63,0.066630
2025-12-06,8,3,64.68,0.064680
2025-12-06,9,4,65.68,0.065680
2025-12-06,10,4,63.34,0.063340
2025-12-06,11,5,61.9,0.061900
2025-12-06,12,5,62.43,0.062430
2025-12-06,13,6,59.89,0.059890
2025-12-06,14,6,62.78,0.062780
2025-12-06,15,7,69.15,0.069150
2025-12-06,16,7,71.91,0.071910
2025-12-06,17,8,65.76,0.065760
2025-12-06,18,8,70.48,0.070480
2025-12-06,19,9,69.0,0.069000
2025-12-06,20,9,73.78,0.073780
2025-12-06,21,10,76.26,0.076260
2025-12-06,22,10,75.06,0.075060
2025-12-06,23,11,71.73,0.071730
2025-12-06,24,11,70.37,0.070370
2025-12-06,25,12,73.57,0.073570
2025-12-06,26,12,74.08,0.074080
2025-12-06,27,13,74.44,0.074440
2025-12-06,28,13,73.15,0.073150
2025-12-06,29,14,75.0,0.075000
2025-12-06,30,14,76.93,0.076930
2025-12-06,31,15,83.45,0.083450
2025-12-06,32,15,86.3,0.086300
2025-12-06,33,16,80.01,0.080010
2025-12-06,34,16,83.58,0.083580
2025-12-06,35,17,87.48,0.087480
2025-12-06,36,17,86.03,0.086030
2025-12-06,37,18,87.07,0.087070
2025-12-06,38,18,87.13,0.087130
2025-12-06,39,19,81.11,0.081110
2025-12-06,40,19,75.68,0.075680
2025-12-06,41,20,76.32,0.076320
2025-12-06,42,20,74.2,0.074200
2025-12-06,43,21,71.44,0.071440
2025-12-06,44,21,71.98,0.071980
2025-12-06,45,22,74.08,0.074080
2025-12-06,46,22,66.34,0.066340
2025-12-06,47,23,62.21,0.062210
2025-12-06,48,23,62.41,0.062410
2025-12-07,1,0,65.04,0.065040
2025-12-07,2,0,66.77,0.066770
2025-12-07,3,1,67.38,0.067380
2025-12-07,4,1,63.22,0.063220
2025-12-07,5,2,63.78,0.063780
2025-12-07,6,2,63.19,0.063190
2025-12-07,7,3,68.46,0.068460
2025-12-07,8,3,69.41,0.069410
2025-12-07,9,4,69.28,0.069280
2025-12-07,10,4,69.6,0.069600
2025-12-07,11,5,69.9,0.069900
2025-12-07,12,5,70.94,0.070940
2025-12-07,13,6,71.77,0.071770
2025-12-07,14,6,72.02,0.072020
2025-12-07,15,7,78.16,0.078160
2025-12-07,16,7,73.41,0.073410
2025-12-07,17,8,81.11,0.081110
2025-12-07,18,8,92.12,0.092120
2025-12-07,19,9,83.54,0.083540
2025-12-07,20,9,89.18,0.089180
2025-12-07,21,10,87.4,0.087400
2025-12-07,22,10,87.84,0.087840
2025-12-07,23,11,87.26,0.087260
2025-12-07,24,11,88.42,0.088420
2025-12-07,25,12,88.08,0.088080
2025-12-07,26,12,84.56,0.084560
2025-12-07,27,13,83.02,0.083020
2025-12-07,28,13,79.86,0.079860
2025-12-07,29,14,80.65,0.080650
2025-12-07,30,14,76.34,0.076340
2025-12-07,31,15,73.72,0.073720
2025-12-07,32,15,74.48,0.074480
2025-12-07,33,16,79.22,0.079220
2025-12-07,34,16,82.68,0.082680
2025-12-07,35,17,81.68,0.081680
2025-12-07,36,17,80.19,0.080190
2025-12-07,37,18,75.69,0.075690
2025-12-07,38,18,77.2,0.077200
2025-12-07,39,19,71.13,0.071130
2025-12-07,40,19,64.33,0.064330
2025-12-07,41,20,63.35,0.063350
2025-12-07,42,20,56.76,0.056760
2025-12-07,43,21,38.56,0.038560
2025-12-07,44,21,28.44,0.028440
2025-12-07,45,22,25.23,0.025230
2025-12-07,46,22,18.09,0.018090
2025-12-07,47,23,19.72,0.019720
2025-12-07,48,23,13.09,0.013090
2025-12-08,1,0,17.21,0.017210
2025-12-08,2,0,22.14,0.022140
2025-12-08,3,1,25.36,0.025360
2025-12-08,4,1,24.36,0.024360
2025-12-08,5,2,27.68,0.027680
2025-12-08,6,2,30.13,0.030130
2025-12-08,7,3,30.62,0.030620
2025-12-08,8,3,30.58,0.030580
2025-12-08,9,4,30.64,0.030640
2025-12-08,10,4,26.23,0.026230
2025-12-08,11,5,39.12,0.039120
2025-12-08,12,5,45.08,0.045080
2025-12-08,13,6,56.33,0.056330
2025-12-08,14,6,72.28,0.072280
2025-12-08,15,7,83.69,0.083690
2025-12-08,16,7,88.72,0.088720
2025-12-08,17,8,89.75,0.089750
2025-12-08,18,8,89.59,0.089590
2025-12-08,19,9,89.47,0.089470
2025-12-08,20,9,86.97,0.086970
2025-12-08,21,10,82.74,0.082740
2025-12-08,22,10,74.55,0.074550
2025-12-08,23,11,70.63,0.070630
2025-12-08,24,11,72.92,0.072920
2025-12-08,25,12,72.39,0.072390
2025-12-08,26,12,73.93,0.073930
2025-12-08,27,13,76.39,0.076390
2025-12-08,28,13,73.26,0.073260
2025-12-08,29,14,76.36,0.076360
2025-12-08,30,14,78.28,0.078280
2025-12-08,31,15,79.32,0.079320
2025-12-08,32,15,87.4,0.087400
2025-12-08,33,16,84.9,0.084900
2025-12-08,34,16,86.64,0.086640
2025-12-08,35,17,90.73,0.090730
2025-12-08,36,17,85.63,0.085630
2025-12-08,37,18,83.86,0.083860
2025-12-08,38,18,81.68,0.081680
2025-12-08,39,19,76.76,0.076760
2025-12-08,40,19,87.48,0.087480
2025-12-08,41,20,82.96,0.082960
2025-12-08,42,20,78.41,0.078410
2025-12-08,43,21,72.7,0.072700
2025-12-08,44,21,72.12,0.072120
2025-12-08,45,22,77.2,0.077200
2025-12-08,46,22,70.63,0.070630
2025-12-08,47,23,71.57,0.071570
2025-12-08,48,23,63.29,0.063290
2025-12-09,1,0,63.64,0.063640
2025-12-09,2,0,61.26,0.061260
2025-12-09,3,1,59.75,0.059750
2025-12-09,4,1,52.51,0.052510
2025-12-09,5,2,53.92,0.053920
2025-12-09,6,2,51.22,0.051220
2025-12-09,7,3,54.61,0.054610
2025-12-09,8,3,49.67,0.049670
2025-12-09,9,4,53.32,0.053320
2025-12-09,10,4,46.8,0.046800
2025-12-09,11,5,40.32,0.040320
2025-12-09,12,5,45.3,0.045300
2025-12-09,13,6,51.74,0.051740
2025-12-09,14,6,59.07,0.059070
2025-12-09,15,7,75.18,0.075180
2025-12-09,16,7,82.32,0.082320
2025-12-09,17,8,85.12,0.085120
2025-12-09,18,8,86.96,0.086960
2025-12-09,19,9,87.84,0.087840
2025-12-09,20,9,88.25,0.088250
2025-12-09,21,10,85.96,0.085960
2025-12-09,22,10,85.87,0.085870
2025-12-09,23,11,83.74,0.083740
2025-12-09,24,11,82.09,0.082090
2025-12-09,25,12,82.85,0.082850
2025-12-09,26,12,83.17,0.083170
2025-12-09,27,13,84.13,0.084130
2025-12-09,28,13,83.32,0.083320
2025-12-09,29,14,86.14,0.086140
2025-12-09,30,14,86.15,0.086150
2025-12-09,31,15,87.89,0.087890
2025-12-09,32,15,91.56,0.091560
2025-12-09,33,16,89.81,0.089810
2025-12-09,34,16,93.83,0.093830
2025-12-09,35,17,88.89,0.088890
2025-12-09,36,17,88.65,0.088650
2025-12-09,37,18,88.73,0.088730
2025-12-09,38,18,86.95,0.086950
2025-12-09,39,19,79.68,0.079680
2025-12-09,40,19,77.03,0.077030
2025-12-09,41,20,73.94,0.073940
2025-12-09,42,20,62.72,0.062720
2025-12-09,43,21,60.97,0.060970
2025-12-09,44,21,31.71,0.031710
2025-12-09,45,22,35.8,0.035800
2025-12-09,46,22,24.87,0.024870
2025-12-09,47,23,15.77,0.015770
2025-12-09,48,23,12.87,0.012870
2025-12-10,1,0,10.88,0.010880
2025-12-10,2,0,10.99,0.010990
2025-12-10,3,1,10.46,0.010460
2025-12-10,4,1,8.42,0.008420
2025-12-10,5,2,9.35,0.009350
2025-12-10,6,2,8.35,0.008350
2025-12-10,7,3,9.59,0.009590
2025-12-10,8,3,8.32,0.008320
2025-12-10,9,4,14.77,0.014770
2025-12-10,10,4,19.07,0.019070
2025-12-10,11,5,26.29,0.026290
2025-12-10,12,5,44.2,0.044200
2025-12-10,13,6,59.36,0.059360
2025-12-10,14,6,73.34,0.073340
2025-12-10,15,7,77.55,0.077550
2025-12-10,16,7,83.49,0.083490
2025-12-10,17,8,80.33,0.080330
2025-12-10,18,8,80.65,0.080650
2025-12-10,19,9,78.47,0.078470
2025-12-10,20,9,72.56,0.072560
2025-12-10,21,10,74.19,0.074190
2025-12-10,22,10,69.21,0.069210
2025-12-10,23,11,62.17,0.062170
2025-12-10,24,11,58.97,0.058970
2025-12-10,25,12,65.81,0.065810
2025-12-10,26,12,60.41,0.060410
2025-12-10,27,13,56.19,0.056190
2025-12-10,28,13,62.18,0.062180
2025-12-10,29,14,64.07,0.064070
2025-12-10,30,14,67.98,0.067980
2025-12-10,31,15,59.38,0.059380
2025-12-10,32,15,73.11,0.073110
2025-12-10,33,16,77.87,0.077870
2025-12-10,34,16,84.85,0.084850
2025-12-10,35,17,88.46,0.088460
2025-12-10,36,17,89.55,0.089550
2025-12-10,37,18,82.33,0.082330
2025-12-10,38,18,76.9,0.076900
2025-12-10,39,19,75.87,0.075870
2025-12-10,40,19,72.95,0.072950
2025-12-10,41,20,75.84,0.075840
2025-12-10,42,20,68.79,0.068790
2025-12-10,43,21,71.67,0.071670
2025-12-10,44,21,61.28,0.061280
2025-12-10,45,22,68.62,0.068620
2025-12-10,46,22,56.62,0.056620
2025-12-10,47,23,57.52,0.057520
2025-12-10,48,23,43.06,0.043060
2025-12-11,1,0,43.34,0.043340
2025-12-11,2,0,49.71,0.049710
2025-12-11,3,1,49.0,0.049000
2025-12-11,4,1,48.5,0.048500
2025-12-11,5,2,48.14,0.048140
2025-12-11,6,2,46.83,0.046830
2025-12-11,7,3,42.86,0.042860
2025-12-11,8,3,41.03,0.041030
2025-12-11,9,4,47.34,0.047340
2025-12-11,10,4,43.52,0.043520
2025-12-11,11,5,46.14,0.046140
2025-12-11,12,5,41.36,0.041360
2025-12-11,13,6,49.47,0.049470
2025-12-11,14,6,63.3,0.063300
2025-12-11,15,7,66.02,0.066020
2025-12-11,16,7,74.28,0.074280
2025-12-11,17,8,74.68,0.074680
2025-12-11,18,8,77.5,0.077500
2025-12-11,19,9,69.34,0.069340
2025-12-11,20,9,70.65,0.070650
2025-12-11,21,10,72.04,0.072040
2025-12-11,22,10,72.5,0.072500
2025-12-11,23,11,75.24,0.075240
2025-12-11,24,11,76.59,0.076590
2025-12-11,25,12,72.47,0.072470
2025-12-11,26,12,72.33,0.072330
2025-12-11,27,13,71.99,0.071990
2025-12-11,28,13,73.74,0.073740
2025-12-11,29,14,73.81,0.073810
2025-12-11,30,14,72.43,0.072430
2025-12-11,31,15,82.3,0.082300
2025-12-11,32,15,85.36,0.085360
2025-12-11,33,16,82.97,0.082970
2025-12-11,34,16,84.67,0.084670
2025-12-11,35,17,85.87,0.085870
2025-12-11,36,17,86.35,0.086350
2025-12-11,37,18,85.21,0.085210
2025-12-11,38,18,81.86,0.081860
2025-12-11,39,19,74.36,0.074360
2025-12-11,40,19,69.37,0.069370
2025-12-11,41,20,72.36,0.072360
2025-12-11,42,20,73.32,0.073320
2025-12-11,43,21,70.43,0.070430
2025-12-11,44,21,67.17,0.067170
2025-12-11,45,22,68.65,0.068650
2025-12-11,46,22,64.39,0.064390
2025-12-11,47,23,63.84,0.063840
2025-12-11,48,23,67.7,0.067700
2025-12-12,1,0,63.79,0.063790
2025-12-12,2,0,69.39,0.069390
2025-12-12,3,1,70.3,0.070300
2025-12-12,4,1,69.97,0.069970
2025-12-12,5,2,68.0,0.068000
2025-12-12,6,2,68.03,0.068030
2025-12-12,7,3,65.62,0.065620
2025-12-12,8,3,68.31,0.068310
2025-12-12,9,4,66.12,0.066120
2025-12-12,10,4,63.7,0.063700
2025-12-12,11,5,70.32,0.070320
2025-12-12,12,5,60.98,0.060980
2025-12-12,13,6,80.81,0.080810
2025-12-12,14,6,83.19,0.083190
2025-12-12,15,7,96.44,0.096440
2025-12-12,16,7,101.52,0.101520
2025-12-12,17,8,96.79,0.096790
2025-12-12,18,8,98.95,0.098950
2025-12-12,19,9,97.33,0.097330
2025-12-12,20,9,96.07,0.096070
2025-12-12,21,10,88.21,0.088210
2025-12-12,22,10,81.97,0.081970
2025-12-12,23,11,77.43,0.077430
2025-12-12,24,11,81.79,0.081790
2025-12-12,25,12,80.31,0.080310
2025-12-12,26,12,80.53,0.080530
2025-12-12,27,13,83.79,0.083790
2025-12-12,28,13,87.65,0.087650
2025-12-12,29,14,82.71,0.082710
2025-12-12,30,14,83.55,0.083550
2025-12-12,31,15,91.41,0.091410
2025-12-12,32,15,97.03,0.097030
2025-12-12,33,16,85.68,0.085680
2025-12-12,34,16,95.54,0.095540
2025-12-12,35,17,96.06,0.096060
2025-12-12,36,17,91.96,0.091960
2025-12-12,37,18,91.26,0.091260
2025-12-12,38,18,88.63,0.088630
2025-12-12,39,19,80.39,0.080390
2025-12-12,40,19,79.33,0.079330
2025-12-12,41,20,76.0,0.076000
2025-12-12,42,20,74.86,0.074860
2025-12-12,43,21,78.95,0.078950
2025-12-12,44,21,76.09,0.076090
2025-12-12,45,22,76.57,0.076570
2025-12-12,46,22,74.62,0.074620
2025-12-12,47,23,70.61,0.070610
2025-12-12,48,23,74.66,0.074660
2025-12-13,1,0,78.8,0.078800
2025-12-13,2,0,79.13,0.079130
2025-12-13,3,1,78.58,0.078580
2025-12-13,4,1,74.52,0.074520
2025-12-13,5,2,72.08,0.072080
2025-12-13,6,2,68.65,0.068650
2025-12-13,7,3,72.89,0.072890
2025-12-13,8,3,70.9,0.070900
2025-12-13,9,4,62.21,0.062210
2025-12-13,10,4,66.11,0.066110
2025-12-13,11,5,70.06,0.070060
2025-12-13,12,5,70.01,0.070010
2025-12-13,13,6,70.3,0.070300
2025-12-13,14,6,70.74,0.070740
2025-12-13,15,7,76.44,0.076440
2025-12-13,16,7,86.13,0.086130
2025-12-13,17,8,87.31,0.087310
2025-12-13,18,8,89.18,0.089180
2025-12-13,19,9,89.73,0.089730
2025-12-13,20,9,86.43,0.086430
2025-12-13,21,10,87.94,0.087940
2025-12-13,22,10,80.99,0.080990
2025-12-13,23,11,77.73,0.077730
2025-12-13,24,11,76.31,0.076310
2025-12-13,25,12,76.43,0.076430
2025-12-13,26,12,72.09,0.072090
2025-12-13,27,13,70.75,0.070750
2025-12-13,28,13,72.06,0.072060
2025-12-13,29,14,75.6,0.075600
2025-12-13,30,14,77.42,0.077420
2025-12-13,31,15,82.58,0.082580
2025-12-13,32,15,85.59,0.085590
2025-12-13,33,16,85.69,0.085690
2025-12-13,34,16,86.18,0.086180
2025-12-13,35,17,85.62,0.085620
2025-12-13,36,17,85.17,0.085170
2025-12-13,37,18,85.18,0.085180
2025-12-13,38,18,83.42,0.083420
2025-12-13,39,19,78.66,0.078660
2025-12-13,40,19,75.53,0.075530
2025-12-13,41,20,75.05,0.075050
2025-12-13,42,20,73.81,0.073810
2025-12-13,43,21,75.14,0.075140
2025-12-13,44,21,73.59,0.073590
2025-12-13,45,22,72.53,0.072530
2025-12-13,46,22,73.57,0.073570
2025-12-13,47,23,26.7,0.026700
2025-12-13,48,23,20.29,0.020290
2025-12-14,1,0,18.58,0.018580
2025-12-14,2,0,19.85,0.019850
2025-12-14,3,1,20.73,0.020730
2025-12-14,4,1,22.0,0.022000
2025-12-14,5,2,29.67,0.029670
2025-12-14,6,2,30.74,0.030740
2025-12-14,7,3,16.48,0.016480
2025-12-14,8,3,10.87,0.010870
2025-12-14,9,4,14.26,0.014260
2025-12-14,10,4,11.5,0.011500
2025-12-14,11,5,14.56,0.014560
2025-12-14,12,5,18.81,0.018810
2025-12-14,13,6,22.15,0.022150
2025-12-14,14,6,30.33,0.030330
2025-12-14,15,7,41.53,0.041530
2025-12-14,16,7,52.51,0.052510
2025-12-14,17,8,51.4,0.051400
2025-12-14,18,8,66.89,0.066890
2025-12-14,19,9,62.27,0.062270
2025-12-14,20,9,69.77,0.069770
2025-12-14,21,10,59.67,0.059670
2025-12-14,22,10,51.05,0.051050
2025-12-14,23,11,44.23,0.044230
2025-12-14,24,11,40.97,0.040970
2025-12-14,25,12,51.28,0.051280
2025-12-14,26,12,50.25,0.050250
2025-12-14,27,13,53.99,0.053990
2025-12-14,28,13,52.95,0.052950
2025-12-14,29,14,56.04,0.056040
2025-12-14,30,14,56.85,0.056850
2025-12-14,31,15,62.08,0.062080
2025-12-14,32,15,69.22,0.069220
2025-12-14,33,16,71.5,0.071500
2025-12-14,34,16,77.52,0.077520
2025-12-14,35,17,79.72,0.079720
2025-12-14,36,17,81.5,0.081500
2025-12-14,37,18,81.51,0.081510
2025-12-14,38,18,76.39,0.076390
2025-12-14,39,19,74.46,0.074460
2025-12-14,40,19,68.4,0.068400
2025-12-14,41,20,67.64,0.067640
2025-12-14,42,20,57.38,0.057380
2025-12-14,43,21,67.64,0.067640
2025-12-14,44,21,56.44,0.056440
2025-12-14,45,22,61.22,0.061220
2025-12-14,46,22,64.24,0.064240
2025-12-14,47,23,66.32,0.066320
2025-12-14,48,23,65.33,0.065330
2025-12-15,1,0,66.46,0.066460
2025-12-15,2,0,70.72,0.070720
2025-12-15,3,1,64.06,0.064060
2025-12-15,4,1,64.41,0.064410
2025-12-15,5,2,60.72,0.060720
2025-12-15,6,2,59.74,0.059740
2025-12-15,7,3,57.78,0.057780
2025-12-15,8,3,54.83,0.054830
2025-12-15,9,4,61.83,0.061830
2025-12-15,10,4,59.57,0.059570
2025-12-15,11,5,71.82,0.071820
2025-12-15,12,5,66.81,0.066810
2025-12-15,13,6,76.43,0.076430
2025-12-15,14,6,71.79,0.071790
2025-12-15,15,7,85.15,0.085150
2025-12-15,16,7,89.44,0.089440
2025-12-15,17,8,84.77,0.084770
2025-12-15,18,8,87.46,0.087460
2025-12-15,19,9,79.11,0.079110
2025-12-15,20,9,80.57,0.080570
2025-12-15,21,10,82.06,0.082060
2025-12-15,22,10,78.73,0.078730
2025-12-15,23,11,77.89,0.077890
2025-12-15,24,11,77.45,0.077450
2025-12-15,25,12,79.28,0.079280
2025-12-15,26,12,80.84,0.080840
2025-12-15,27,13,81.13,0.081130
2025-12-15,28,13,82.99,0.082990
2025-12-15,29,14,88.97,0.088970
2025-12-15,30,14,91.0,0.091000
2025-12-15,31,15,98.72,0.098720
2025-12-15,32,15,100.71,0.100710
2025-12-15,33,16,97.1,0.097100
2025-12-15,34,16,102.75,0.102750
2025-12-15,35,17,104.36,0.104360
2025-12-15,36,17,107.12,0.107120
2025-12-15,37,18,107.04,0.107040
2025-12-15,38,18,103.16,0.103160
2025-12-15,39,19,84.15,0.084150
2025-12-15,40,19,79.86,0.079860
2025-12-15,41,20,80.98,0.080980
2025-12-15,42,20,77.96,0.077960
2025-12-15,43,21,78.16,0.078160
2025-12-15,44,21,77.42,0.077420
2025-12-15,45,22,75.44,0.075440
2025-12-15,46,22,75.12,0.075120
2025-12-15,47,23,80.43,0.080430
2025-12-15,48,23,82.82,0.082820
2025-12-16,1,0,79.78,0.079780
2025-12-16,2,0,85.29,0.085290
2025-12-16,3,1,86.2,0.086200
2025-12-16,4,1,83.77,0.083770
2025-12-16,5,2,82.13,0.082130
2025-12-16,6,2,87.05,0.087050
2025-12-16,7,3,86.48,0.086480
2025-12-16,8,3,81.41,0.081410
2025-12-16,9,4,81.08,0.081080
2025-12-16,10,4,81.1,0.081100
2025-12-16,11,5,84.17,0.084170
2025-12-16,12,5,79.54,0.079540
2025-12-16,13,6,85.34,0.085340
2025-12-16,14,6,84.09,0.084090
2025-12-16,15,7,91.42,0.091420
2025-12-16,16,7,99.66,0.099660
2025-12-16,17,8,91.69,0.091690
2025-12-16,18,8,96.42,0.096420
2025-12-16,19,9,95.85,0.095850
2025-12-16,20,9,90.0,0.090000
2025-12-16,21,10,89.52,0.089520
2025-12-16,22,10,82.3,0.082300
2025-12-16,23,11,78.36,0.078360
2025-12-16,24,11,76.95,0.076950
2025-12-16,25,12,78.04,0.078040
2025-12-16,26,12,77.77,0.077770
2025-12-16,27,13,78.09,0.078090
2025-12-16,28,13,78.02,0.078020
2025-12-16,29,14,79.5,0.079500
2025-12-16,30,14,81.89,0.081890
2025-12-16,31,15,88.71,0.088710
2025-12-16,32,15,95.0,0.095000
2025-12-16,33,16,93.32,0.093320
2025-12-16,34,16,99.63,0.099630
2025-12-16,35,17,105.96,0.105960
2025-12-16,36,17,109.74,0.109740
2025-12-16,37,18,105.76,0.105760
2025-12-16,38,18,107.14,0.107140
2025-12-16,39,19,106.51,0.106510
2025-12-16,40,19,98.45,0.098450
2025-12-16,41,20,95.64,0.095640
2025-12-16,42,20,91.91,0.091910
2025-12-16,43,21,90.73,0.090730
2025-12-16,44,21,82.74,0.082740
2025-12-16,45,22,78.48,0.078480
2025-12-16,46,22,78.59,0.078590
2025-12-16,47,23,72.81,0.072810
2025-12-16,48,23,75.93,0.075930
2025-12-17,1,0,77.25,0.077250
2025-12-17,2,0,77.78,0.077780
2025-12-17,3,1,74.63,0.074630
2025-12-17,4,1,69.15,0.069150
2025-12-17,5,2,68.06,0.068060
2025-12-17,6,2,67.83,0.067830
2025-12-17,7,3,69.66,0.069660
2025-12-17,8,3,65.84,0.065840
2025-12-17,9,4,64.01,0.064010
2025-12-17,10,4,65.85,0.065850
2025-12-17,11,5,67.2,0.067200
2025-12-17,12,5,64.07,0.064070
2025-12-17,13,6,71.76,0.071760
2025-12-17,14,6,74.61,0.074610
2025-12-17,15,7,89.8,0.089800
2025-12-17,16,7,86.48,0.086480
2025-12-17,17,8,91.75,0.091750
2025-12-17,18,8,92.9,0.092900
2025-12-17,19,9,87.71,0.087710
2025-12-17,20,9,87.04,0.087040
2025-12-17,21,10,84.82,0.084820
2025-12-17,22,10,84.06,0.084060
2025-12-17,23,11,80.95,0.080950
2025-12-17,24,11,82.01,0.082010
2025-12-17,25,12,73.05,0.073050
2025-12-17,26,12,77.33,0.077330
2025-12-17,27,13,76.91,0.076910
2025-12-17,28,13,75.51,0.075510
2025-12-17,29,14,74.37,0.074370
2025-12-17,30,14,73.55,0.073550
2025-12-17,31,15,72.37,0.072370
2025-12-17,32,15,73.92,0.073920
2025-12-17,33,16,81.1,0.081100
2025-12-17,34,16,85.46,0.085460
2025-12-17,35,17,87.15,0.087150
2025-12-17,36,17,92.41,0.092410
2025-12-17,37,18,83.69,0.083690
2025-12-17,38,18,80.86,0.080860
2025-12-17,39,19,77.88,0.077880
2025-12-17,40,19,82.57,0.082570
2025-12-17,41,20,81.4,0.081400
2025-12-17,42,20,80.39,0.080390
2025-12-17,43,21,79.4,0.079400
2025-12-17,44,21,76.57,0.076570
2025-12-17,45,22,76.55,0.076550
2025-12-17,46,22,72.22,0.072220
2025-12-17,47,23,64.69,0.064690
2025-12-17,48,23,59.53,0.059530
2025-12-18,1,0,55.2,0.055200
2025-12-18,2,0,52.47,0.052470
2025-12-18,3,1,40.9,0.040900
2025-12-18,4,1,29.4,0.029400
2025-12-18,5,2,34.08,0.034080
2025-12-18,6,2,29.99,0.029990
2025-12-18,7,3,28.21,0.028210
2025-12-18,8,3,31.66,0.031660
2025-12-18,9,4,34.71,0.034710
2025-12-18,10,4,39.11,0.039110
2025-12-18,11,5,53.04,0.053040
2025-12-18,12,5,63.55,0.063550
2025-12-18,13,6,72.7,0.072700
2025-12-18,14,6,79.28,0.079280
2025-12-18,15,7,76.19,0.076190
2025-12-18,16,7,83.84,0.083840
2025-12-18,17,8,81.64,0.081640
2025-12-18,18,8,84.72,0.084720
2025-12-18,19,9,86.48,0.086480
2025-12-18,20,9,86.08,0.086080
2025-12-18,21,10,84.99,0.084990
2025-12-18,22,10,81.65,0.081650
2025-12-18,23,11,77.91,0.077910
2025-12-18,24,11,74.99,0.074990
2025-12-18,25,12,75.21,0.075210
2025-12-18,26,12,74.39,0.074390
2025-12-18,27,13,75.84,0.075840
2025-12-18,28,13,77.6,0.077600
2025-12-18,29,14,79.62,0.079620
2025-12-18,30,14,78.47,0.078470
2025-12-18,31,15,76.3,0.076300
2025-12-18,32,15,78.27,0.078270
2025-12-18,33,16,76.55,0.076550
2025-12-18,34,16,74.41,0.074410
2025-12-18,35,17,72.67,0.072670
2025-12-18,36,17,73.77,0.073770
2025-12-18,37,18,67.79,0.067790
2025-12-18,38,18,67.17,0.067170
2025-12-18,39,19,76.71,0.076710
2025-12-18,40,19,76.13,0.076130
2025-12-18,41,20,80.86,0.080860
2025-12-18,42,20,79.42,0.079420
2025-12-18,43,21,63.15,0.063150
2025-12-18,44,21,45.23,0.045230
2025-12-18,45,22,25.23,0.025230
2025-12-18,46,22,9.66,0.009660
2025-12-18,47,23,4.47,0.004470
2025-12-19,1,0,1.63,0.001630
2025-12-19,2,0,2.74,0.002740
2025-12-19,3,1,4.25,0.004250
2025-12-19,4,1,4.25,0.004250
2025-12-19,5,2,6.41,0.006410
2025-12-19,6,2,5.07,0.005070
2025-12-19,7,3,6.38,0.006380
2025-12-19,8,3,3.24,0.003240
2025-12-19,9,4,6.78,0.006780
2025-12-19,10,4,4.77,0.004770
2025-12-19,11,5,19.63,0.019630
2025-12-19,12,5,32.72,0.032720
2025-12-19,13,6,53.53,0.053530
2025-12-19,14,6,63.8,0.063800
2025-12-19,15,7,82.16,0.082160
2025-12-19,16,7,87.07,0.087070
2025-12-19,17,8,84.33,0.084330
2025-12-19,18,8,85.02,0.085020
2025-12-19,19,9,86.14,0.086140
2025-12-19,20,9,79.81,0.079810
2025-12-19,21,10,80.28,0.080280
2025-12-19,22,10,72.82,0.072820
2025-12-19,23,11,74.14,0.074140
2025-12-19,24,11,70.35,0.070350
2025-12-19,25,12,69.86,0.069860
2025-12-19,26,12,75.22,0.075220
2025-12-19,27,13,67.91,0.067910
2025-12-19,28,13,70.41,0.070410
2025-12-19,29,14,71.51,0.071510
2025-12-19,30,14,76.25,0.076250
2025-12-19,31,15,76.46,0.076460
2025-12-19,32,15,85.86,0.085860
2025-12-19,33,16,88.41,0.088410
2025-12-19,34,16,91.89,0.091890
2025-12-19,35,17,92.15,0.092150
2025-12-19,36,17,92.4,0.092400
2025-12-19,37,18,88.72,0.088720
2025-12-19,38,18,87.85,0.087850
2025-12-19,39,19,78.28,0.078280
2025-12-19,40,19,77.97,0.077970
2025-12-19,41,20,81.7,0.081700
2025-12-19,42,20,78.5,0.078500
2025-12-19,43,21,79.17,0.079170
2025-12-19,44,21,76.97,0.076970
2025-12-19,45,22,74.48,0.074480
2025-12-19,46,22,69.78,0.069780
2025-12-19,47,23,63.99,0.063990
2025-12-19,48,23,64.24,0.064240
2025-12-20,1,0,73.5,0.073500
2025-12-20,2,0,80.41,0.080410
2025-12-20,3,1,78.04,0.078040
2025-12-20,4,1,74.13,0.074130
2025-12-20,5,2,74.34,0.074340
2025-12-20,6,2,79.01,0.079010
2025-12-20,7,3,77.57,0.077570
2025-12-20,8,3,78.27,0.078270
2025-12-20,9,4,80.38,0.080380
2025-12-20,10,4,79.47,0.079470
2025-12-20,11,5,82.52,0.082520
2025-12-20,12,5,84.71,0.084710
2025-12-20,13,6,87.23,0.087230
2025-12-20,14,6,80.41,0.080410
2025-12-20,15,7,89.63,0.089630
2025-12-20,16,7,92.52,0.092520
2025-12-20,17,8,96.06,0.096060
2025-12-20,18,8,97.26,0.097260
2025-12-20,19,9,97.49,0.097490
2025-12-20,20,9,97.49,0.097490
2025-12-20,21,10,96.49,0.096490
2025-12-20,22,10,95.32,0.095320
2025-12-20,23,11,94.0,0.094000
2025-12-20,24,11,93.25,0.093250
2025-12-20,25,12,92.73,0.092730
2025-12-20,26,12,92.82,0.092820
2025-12-20,27,13,94.12,0.094120
2025-12-20,28,13,89.34,0.089340
2025-12-20,29,14,93.31,0.093310
2025-12-20,30,14,94.03,0.094030
2025-12-20,31,15,98.92,0.098920
2025-12-20,32,15,101.29,0.101290
2025-12-20,33,16,101.46,0.101460
2025-12-20,34,16,102.65,0.102650
2025-12-20,35,17,101.08,0.101080
2025-12-20,36,17,101.75,0.101750
2025-12-20,37,18,101.71,0.101710
2025-12-20,38,18,94.99,0.094990
2025-12-20,39,19,80.96,0.080960
2025-12-20,40,19,83.56,0.083560
2025-12-20,41,20,81.09,0.081090
2025-12-20,42,20,78.87,0.078870
2025-12-20,43,21,79.29,0.079290
2025-12-20,44,21,77.42,0.077420
2025-12-20,45,22,75.68,0.075680
2025-12-20,46,22,74.61,0.074610
2025-12-20,47,23,75.19,0.075190
2025-12-20,48,23,71.14,0.071140
2025-12-21,1,0,70.43,0.070430
2025-12-21,2,0,73.62,0.073620
2025-12-21,3,1,74.34,0.074340
2025-12-21,4,1,73.71,0.073710
2025-12-21,5,2,74.07,0.074070
2025-12-21,6,2,75.78,0.075780
2025-12-21,7,3,76.5,0.076500
2025-12-21,8,3,77.12,0.077120
2025-12-21,9,4,76.97,0.076970
2025-12-21,10,4,77.37,0.077370
2025-12-21,11,5,77.78,0.077780
2025-12-21,12,5,78.63,0.078630
2025-12-21,13,6,81.1,0.081100
2025-12-21,14,6,82.13,0.082130
2025-12-21,15,7,84.46,0.084460
2025-12-21,16,7,87.75,0.087750
2025-12-21,17,8,86.33,0.086330
2025-12-21,18,8,82.53,0.082530
2025-12-21,19,9,77.27,0.077270
2025-12-21,20,9,78.09,0.078090
2025-12-21,21,10,79.92,0.079920
2025-12-21,22,10,76.58,0.076580
2025-12-21,23,11,73.51,0.073510
2025-12-21,24,11,74.81,0.074810
2025-12-21,25,12,75.16,0.075160
2025-12-21,26,12,73.71,0.073710
2025-12-21,27,13,74.7,0.074700
2025-12-21,28,13,74.53,0.074530
2025-12-21,29,14,77.43,0.077430
2025-12-21,30,14,78.34,0.078340
2025-12-21,31,15,79.22,0.079220
2025-12-21,32,15,80.48,0.080480
2025-12-21,33,16,83.51,0.083510
2025-12-21,34,16,85.87,0.085870
2025-12-21,35,17,83.51,0.083510
2025-12-21,36,17,83.95,0.083950
2025-12-21,37,18,83.56,0.083560
2025-12-21,38,18,84.66,0.084660
2025-12-21,39,19,85.77,0.085770
2025-12-21,40,19,83.97,0.083970
2025-12-21,41,20,85.27,0.085270
2025-12-21,42,20,80.42,0.080420
2025-12-21,43,21,80.79,0.080790
2025-12-21,44,21,80.2,0.080200
2025-12-21,45,22,78.47,0.078470
2025-12-21,46,22,76.04,0.076040
2025-12-21,47,23,77.73,0.077730
2025-12-21,48,23,70.81,0.070810
2025-12-22,1,0,63.6,0.063600
2025-12-22,2,0,58.42,0.058420
2025-12-22,3,1,52.78,0.052780
2025-12-22,4,1,45.58,0.045580
2025-12-22,5,2,42.82,0.042820
2025-12-22,6,2,40.7,0.040700
2025-12-22,7,3,39.22,0.039220
2025-12-22,8,3,38.72,0.038720
2025-12-22,9,4,36.56,0.036560
2025-12-22,10,4,31.37,0.031370
2025-12-22,11,5,58.14,0.058140
2025-12-22,12,5,72.46,0.072460
2025-12-22,13,6,74.0,0.074000
2025-12-22,14,6,72.33,0.072330
2025-12-22,15,7,80.86,0.080860
2025-12-22,16,7,84.78,0.084780
2025-12-22,17,8,84.28,0.084280
2025-12-22,18,8,83.24,0.083240
2025-12-22,19,9,81.7,0.081700
2025-12-22,20,9,82.83,0.082830
2025-12-22,21,10,81.94,0.081940
2025-12-22,22,10,84.51,0.084510
2025-12-22,23,11,86.0,0.086000
2025-12-22,24,11,82.85,0.082850
2025-12-22,25,12,72.01,0.072010
2025-12-22,26,12,56.91,0.056910
2025-12-22,27,13,78.11,0.078110
2025-12-22,28,13,79.52,0.079520
2025-12-22,29,14,80.46,0.080460
2025-12-22,30,14,85.36,0.085360
2025-12-22,31,15,85.1,0.085100
2025-12-22,32,15,90.36,0.090360
2025-12-22,33,16,90.73,0.090730
2025-12-22,34,16,95.33,0.095330
2025-12-22,35,17,88.51,0.088510
2025-12-22,36,17,93.23,0.093230
2025-12-22,37,18,94.81,0.094810
2025-12-22,38,18,88.7,0.088700
2025-12-22,39,19,85.23,0.085230
2025-12-22,40,19,78.38,0.078380
2025-12-22,41,20,74.1,0.074100
2025-12-22,42,20,75.63,0.075630
2025-12-22,43,21,78.27,0.078270
2025-12-22,44,21,76.42,0.076420
2025-12-22,45,22,75.64,0.075640
2025-12-22,46,22,76.52,0.076520
2025-12-22,47,23,74.94,0.074940
2025-12-22,48,23,69.88,0.069880
2025-12-23,1,0,68.17,0.068170
2025-12-23,2,0,71.65,0.071650
2025-12-23,3,1,69.16,0.069160
2025-12-23,4,1,69.93,0.069930
2025-12-23,5,2,67.18,0.067180
2025-12-23,6,2,65.43,0.065430
2025-12-23,7,3,66.28,0.066280
2025-12-23,8,3,65.23,0.065230
2025-12-23,9,4,64.56,0.064560
2025-12-23,10,4,63.86,0.063860
2025-12-23,11,5,63.42,0.063420
2025-12-23,12,5,63.21,0.063210
2025-12-23,13,6,69.02,0.069020
2025-12-23,14,6,66.8,0.066800
2025-12-23,15,7,69.91,0.069910
2025-12-23,16,7,71.53,0.071530
2025-12-23,17,8,69.57,0.069570
2025-12-23,18,8,72.44,0.072440
2025-12-23,19,9,78.93,0.078930
2025-12-23,20,9,81.24,0.081240
2025-12-23,21,10,83.07,0.083070
2025-12-23,22,10,84.05,0.084050
2025-12-23,23,11,86.42,0.086420
2025-12-23,24,11,86.61,0.086610
2025-12-23,25,12,87.15,0.087150
2025-12-23,26,12,88.82,0.088820
2025-12-23,27,13,82.37,0.082370
2025-12-23,28,13,82.16,0.082160
2025-12-23,29,14,85.16,0.085160
2025-12-23,30,14,83.66,0.083660
2025-12-23,31,15,77.35,0.077350
2025-12-23,32,15,79.82,0.079820
2025-12-23,33,16,82.7,0.082700
2025-12-23,34,16,80.81,0.080810
2025-12-23,35,17,79.17,0.079170
2025-12-23,36,17,80.17,0.080170
2025-12-23,37,18,79.17,0.079170
2025-12-23,38,18,77.29,0.077290
2025-12-23,39,19,82.03,0.082030
2025-12-23,40,19,78.31,0.078310
2025-12-23,41,20,75.13,0.075130
2025-12-23,42,20,75.52,0.075520
2025-12-23,43,21,72.69,0.072690
2025-12-23,44,21,72.6,0.072600
2025-12-23,45,22,72.97,0.072970
2025-12-23,46,22,69.46,0.069460
2025-12-23,47,23,61.72,0.061720
2025-12-23,48,23,54.0,0.054000
2025-12-24,1,0,54.92,0.054920
2025-12-24,2,0,54.4,0.054400
2025-12-24,3,1,50.5,0.050500
2025-12-24,4,1,45.55,0.045550
2025-12-24,5,2,42.24,0.042240
2025-12-24,6,2,48.61,0.048610
2025-12-24,7,3,47.65,0.047650
2025-12-24,8,3,45.27,0.045270
2025-12-24,9,4,48.04,0.048040
2025-12-24,10,4,46.65,0.046650
2025-12-24,11,5,48.66,0.048660
2025-12-24,12,5,51.72,0.051720
2025-12-24,13,6,54.93,0.054930
2025-12-24,14,6,56.73,0.056730
2025-12-24,15,7,61.68,0.061680
2025-12-24,16,7,67.71,0.067710
2025-12-24,17,8,70.93,0.070930
2025-12-24,18,8,76.91,0.076910
2025-12-24,19,9,81.94,0.081940
2025-12-24,20,9,81.63,0.081630
2025-12-24,21,10,81.99,0.081990
2025-12-24,22,10,79.22,0.079220
2025-12-24,23,11,74.42,0.074420
2025-12-24,24,11,75.58,0.075580
2025-12-24,25,12,75.06,0.075060
2025-12-24,26,12,72.63,0.072630
2025-12-24,27,13,71.86,0.071860
2025-12-24,28,13,75.96,0.075960
2025-12-24,29,14,81.63,0.081630
2025-12-24,30,14,84.0,0.084000
2025-12-24,31,15,87.43,0.087430
2025-12-24,32,15,88.49,0.088490
2025-12-24,33,16,85.07,0.085070
2025-12-24,34,16,88.14,0.088140
2025-12-24,35,17,88.93,0.088930
2025-12-24,36,17,88.53,0.088530
2025-12-24,37,18,88.72,0.088720
2025-12-24,38,18,88.13,0.088130
2025-12-24,39,19,86.28,0.086280
2025-12-24,40,19,79.83,0.079830
2025-12-24,41,20,76.59,0.076590
2025-12-24,42,20,79.67,0.079670
2025-12-24,43,21,81.86,0.081860
2025-12-24,44,21,79.92,0.079920
2025-12-24,45,22,86.95,0.086950
2025-12-24,46,22,85.06,0.085060
2025-12-24,47,23,82.19,0.082190
2025-12-24,48,23,79.7,0.079700
2025-12-25,1,0,80.66,0.080660
2025-12-25,2,0,76.1,0.076100
2025-12-25,3,1,76.61,0.076610
2025-12-25,4,1,70.53,0.070530
2025-12-25,5,2,66.2,0.066200
2025-12-25,6,2,55.47,0.055470
2025-12-25,7,3,52.47,0.052470
2025-12-25,8,3,51.51,0.051510
2025-12-25,9,4,54.49,0.054490
2025-12-25,10,4,55.78,0.055780
2025-12-25,11,5,58.43,0.058430
2025-12-25,12,5,56.68,0.056680
2025-12-25,13,6,56.22,0.056220
2025-12-25,14,6,58.68,0.058680
2025-12-25,15,7,68.97,0.068970
2025-12-25,16,7,74.55,0.074550
2025-12-25,17,8,74.98,0.074980
2025-12-25,18,8,81.68,0.081680
2025-12-25,19,9,88.46,0.088460
2025-12-25,20,9,88.21,0.088210
2025-12-25,21,10,91.75,0.091750
2025-12-25,22,10,87.87,0.087870
2025-12-25,23,11,84.67,0.084670
2025-12-25,24,11,85.39,0.085390
2025-12-25,25,12,86.42,0.086420
2025-12-25,26,12,90.19,0.090190
2025-12-25,27,13,88.39,0.088390
2025-12-25,28,13,89.12,0.089120
2025-12-25,29,14,91.38,0.091380
2025-12-25,30,14,90.8,0.090800
2025-12-25,31,15,94.83,0.094830
2025-12-25,32,15,97.12,0.097120
2025-12-25,33,16,100.83,0.100830
2025-12-25,34,16,99.65,0.099650
2025-12-25,35,17,95.47,0.095470
2025-12-25,36,17,91.48,0.091480
2025-12-25,37,18,91.26,0.091260
2025-12-25,38,18,88.56,0.088560
2025-12-25,39,19,84.35,0.084350
2025-12-25,40,19,82.9,0.082900
2025-12-25,41,20,86.29,0.086290
2025-12-25,42,20,86.82,0.086820
2025-12-25,43,21,86.66,0.086660
2025-12-25,44,21,85.72,0.085720
2025-12-25,45,22,84.22,0.084220
2025-12-25,46,22,83.49,0.083490
2025-12-25,47,23,80.75,0.080750
2025-12-25,48,23,81.97,0.081970
2025-12-26,1,0,72.93,0.072930
2025-12-26,2,0,79.68,0.079680
2025-12-26,3,1,74.45,0.074450
2025-12-26,4,1,70.82,0.070820
2025-12-26,5,2,73.42,0.073420
2025-12-26,6,2,69.98,0.069980
2025-12-26,7,3,70.21,0.070210
2025-12-26,8,3,68.64,0.068640
2025-12-26,9,4,70.09,0.070090
2025-12-26,10,4,68.57,0.068570
2025-12-26,11,5,68.35,0.068350
2025-12-26,12,5,69.54,0.069540
2025-12-26,13,6,79.05,0.079050
2025-12-26,14,6,72.09,0.072090
2025-12-26,15,7,82.36,0.082360
2025-12-26,16,7,84.18,0.084180
2025-12-26,17,8,87.84,0.087840
2025-12-26,18,8,87.14,0.087140
2025-12-26,19,9,80.94,0.080940
2025-12-26,20,9,85.94,0.085940
2025-12-26,21,10,74.41,0.074410
2025-12-26,22,10,73.27,0.073270
2025-12-26,23,11,72.96,0.072960
2025-12-26,24,11,70.43,0.070430
2025-12-26,25,12,73.9,0.073900
2025-12-26,26,12,73.3,0.073300
2025-12-26,27,13,78.72,0.078720
2025-12-26,28,13,76.63,0.076630
2025-12-26,29,14,91.01,0.091010
2025-12-26,30,14,91.96,0.091960
2025-12-26,31,15,94.32,0.094320
2025-12-26,32,15,99.46,0.099460
2025-12-26,33,16,97.3,0.097300
2025-12-26,34,16,97.55,0.097550
2025-12-26,35,17,98.0,0.098000
2025-12-26,36,17,96.54,0.096540
2025-12-26,37,18,97.97,0.097970
2025-12-26,38,18,96.63,0.096630
2025-12-26,39,19,100.23,0.100230
2025-12-26,40,19,95.04,0.095040
2025-12-26,41,20,94.62,0.094620
2025-12-26,42,20,92.46,0.092460
2025-12-26,43,21,88.84,0.088840
2025-12-26,44,21,85.53,0.085530
2025-12-26,45,22,84.78,0.084780
2025-12-26,46,22,80.74,0.080740
2025-12-26,47,23,75.38,0.075380
2025-12-26,48,23,79.36,0.079360
2025-12-27,1,0,74.03,0.074030
2025-12-27,2,0,75.56,0.075560
2025-12-27,3,1,69.76,0.069760
2025-12-27,4,1,70.56,0.070560
2025-12-27,5,2,69.31,0.069310
2025-12-27,6,2,67.78,0.067780
2025-12-27,7,3,66.46,0.066460
2025-12-27,8,3,66.82,0.066820
2025-12-27,9,4,67.06,0.067060
2025-12-27,10,4,65.29,0.065290
2025-12-27,11,5,64.46,0.064460
2025-12-27,12,5,63.23,0.063230
2025-12-27,13,6,66.4,0.066400
2025-12-27,14,6,65.89,0.065890
2025-12-27,15,7,67.58,0.067580
2025-12-27,16,7,68.92,0.068920
2025-12-27,17,8,66.15,0.066150
2025-12-27,18,8,71.03,0.071030
2025-12-27,19,9,67.12,0.067120
2025-12-27,20,9,66.2,0.066200
2025-12-27,21,10,66.14,0.066140
2025-12-27,22,10,67.83,0.067830
2025-12-27,23,11,69.77,0.069770
2025-12-27,24,11,68.77,0.068770
2025-12-27,25,12,69.92,0.069920
2025-12-27,26,12,70.64,0.070640
2025-12-27,27,13,69.34,0.069340
2025-12-27,28,13,68.11,0.068110
2025-12-27,29,14,69.01,0.069010
2025-12-27,30,14,68.41,0.068410
2025-12-27,31,15,73.72,0.073720
2025-12-27,32,15,74.03,0.074030
2025-12-27,33,16,79.08,0.079080
2025-12-27,34,16,83.82,0.083820
2025-12-27,35,17,85.91,0.085910
2025-12-27,36,17,85.56,0.085560
2025-12-27,37,18,86.57,0.086570
2025-12-27,38,18,80.77,0.080770
2025-12-27,39,19,79.43,0.079430
2025-12-27,40,19,73.17,0.073170
2025-12-27,41,20,74.02,0.074020
2025-12-27,42,20,71.94,0.071940
2025-12-27,43,21,77.28,0.077280
2025-12-27,44,21,77.45,0.077450
2025-12-27,45,22,73.23,0.073230
2025-12-27,46,22,70.28,0.070280
2025-12-27,47,23,64.74,0.064740
2025-12-27,48,23,70.17,0.070170
2025-12-28,1,0,71.14,0.071140
2025-12-28,2,0,72.27,0.072270
2025-12-28,3,1,68.86,0.068860
2025-12-28,4,1,66.41,0.066410
2025-12-28,5,2,65.8,0.065800
2025-12-28,6,2,65.61,0.065610
2025-12-28,7,3,67.08,0.067080
2025-12-28,8,3,65.84,0.065840
2025-12-28,9,4,66.22,0.066220
2025-12-28,10,4,67.09,0.067090
2025-12-28,11,5,75.67,0.075670
2025-12-28,12,5,77.28,0.077280
2025-12-28,13,6,80.03,0.080030
2025-12-28,14,6,80.92,0.080920
2025-12-28,15,7,87.75,0.087750
2025-12-28,16,7,86.28,0.086280
2025-12-28,17,8,82.65,0.082650
2025-12-28,18,8,90.76,0.090760
2025-12-28,19,9,81.67,0.081670
2025-12-28,20,9,83.86,0.083860
2025-12-28,21,10,80.64,0.080640
2025-12-28,22,10,89.34,0.089340
2025-12-28,23,11,86.05,0.086050
2025-12-28,24,11,88.54,0.088540
2025-12-28,25,12,89.57,0.089570
2025-12-28,26,12,84.69,0.084690
2025-12-28,27,13,83.74,0.083740
2025-12-28,28,13,85.39,0.085390
2025-12-28,29,14,89.33,0.089330
2025-12-28,30,14,86.35,0.086350
2025-12-28,31,15,89.15,0.089150
2025-12-28,32,15,92.61,0.092610
2025-12-28,33,16,92.68,0.092680
2025-12-28,34,16,92.84,0.092840
2025-12-28,35,17,98.77,0.098770
2025-12-28,36,17,94.34,0.094340
2025-12-28,37,18,97.02,0.097020
2025-12-28,38,18,93.14,0.093140
2025-12-28,39,19,87.38,0.087380
2025-12-28,40,19,89.97,0.089970
2025-12-28,41,20,83.73,0.083730
2025-12-28,42,20,83.65,0.083650
2025-12-28,43,21,85.05,0.085050
2025-12-28,44,21,81.3,0.081300
2025-12-28,45,22,82.17,0.082170
2025-12-28,46,22,84.09,0.084090
2025-12-28,47,23,76.81,0.076810
2025-12-28,48,23,74.71,0.074710
2025-12-29,1,0,74.92,0.074920
2025-12-29,2,0,77.38,0.077380
2025-12-29,3,1,73.47,0.073470
2025-12-29,4,1,73.32,0.073320
2025-12-29,5,2,71.24,0.071240
2025-12-29,6,2,71.14,0.071140
2025-12-29,7,3,68.89,0.068890
2025-12-29,8,3,70.38,0.070380
2025-12-29,9,4,71.95,0.071950
2025-12-29,10,4,68.94,0.068940
2025-12-29,11,5,79.64,0.079640
2025-12-29,12,5,74.56,0.074560
2025-12-29,13,6,79.15,0.079150
2025-12-29,14,6,80.45,0.080450
2025-12-29,15,7,84.48,0.084480
2025-12-29,16,7,88.16,0.088160
2025-12-29,17,8,81.42,0.081420
2025-12-29,18,8,88.28,0.088280
2025-12-29,19,9,82.14,0.082140
2025-12-29,20,9,83.92,0.083920
2025-12-29,21,10,83.83,0.083830
2025-12-29,22,10,87.8,0.087800
2025-12-29,23,11,91.23,0.091230
2025-12-29,24,11,94.5,0.094500
2025-12-29,25,12,94.99,0.094990
2025-12-29,26,12,86.06,0.086060
2025-12-29,27,13,93.57,0.093570
2025-12-29,28,13,90.98,0.090980
2025-12-29,29,14,93.56,0.093560
2025-12-29,30,14,90.08,0.090080
2025-12-29,31,15,88.45,0.088450
2025-12-29,32,15,90.53,0.090530
2025-12-29,33,16,93.3,0.093300
2025-12-29,34,16,91.04,0.091040
2025-12-29,35,17,98.33,0.098330
2025-12-29,36,17,101.68,0.101680
2025-12-29,37,18,99.7,0.099700
2025-12-29,38,18,96.02,0.096020
2025-12-29,39,19,94.05,0.094050
2025-12-29,40,19,88.63,0.088630
2025-12-29,41,20,84.52,0.084520
2025-12-29,42,20,85.66,0.085660
2025-12-29,43,21,82.18,0.082180
2025-12-29,44,21,83.2,0.083200
2025-12-29,45,22,81.14,0.081140
2025-12-29,46,22,83.08,0.083080
2025-12-29,47,23,79.87,0.079870
2025-12-29,48,23,81.94,0.081940
2025-12-30,1,0,77.96,0.077960
2025-12-30,2,0,81.02,0.081020
2025-12-30,3,1,81.09,0.081090
2025-12-30,4,1,76.57,0.076570
2025-12-30,5,2,77.96,0.077960
2025-12-30,6,2,75.3,0.075300
2025-12-30,7,3,75.39,0.075390
2025-12-30,8,3,73.34,0.073340
2025-12-30,9,4,75.66,0.075660
2025-12-30,10,4,78.24,0.078240
2025-12-30,11,5,82.27,0.082270
2025-12-30,12,5,81.8,0.081800
2025-12-30,13,6,87.35,0.087350
2025-12-30,14,6,78.43,0.078430
2025-12-30,15,7,78.71,0.078710
2025-12-30,16,7,82.71,0.082710
2025-12-30,17,8,81.69,0.081690
2025-12-30,18,8,90.89,0.090890
2025-12-30,19,9,82.49,0.082490
2025-12-30,20,9,83.87,0.083870
2025-12-30,21,10,83.63,0.083630
2025-12-30,22,10,85.82,0.085820
2025-12-30,23,11,89.33,0.089330
2025-12-30,24,11,85.39,0.085390
2025-12-30,25,12,90.73,0.090730
2025-12-30,26,12,83.65,0.083650
2025-12-30,27,13,81.72,0.081720
2025-12-30,28,13,79.5,0.079500
2025-12-30,29,14,91.19,0.091190
2025-12-30,30,14,94.42,0.094420
2025-12-30,31,15,96.74,0.096740
2025-12-30,32,15,100.24,0.100240
2025-12-30,33,16,98.24,0.098240
2025-12-30,34,16,99.53,0.099530
2025-12-30,35,17,104.82,0.104820
2025-12-30,36,17,106.78,0.106780
2025-12-30,37,18,107.74,0.107740
2025-12-30,38,18,108.64,0.108640
2025-12-30,39,19,103.25,0.103250
2025-12-30,40,19,95.41,0.095410
2025-12-30,41,20,97.81,0.097810
2025-12-30,42,20,93.24,0.093240
2025-12-30,43,21,90.16,0.090160
2025-12-30,44,21,88.97,0.088970
2025-12-30,45,22,83.65,0.083650
2025-12-30,46,22,83.3,0.083300
2025-12-30,47,23,74.52,0.074520
2025-12-30,48,23,77.16,0.077160
2025-12-31,1,0,76.58,0.076580
2025-12-31,2,0,81.52,0.081520
2025-12-31,3,1,80.43,0.080430
2025-12-31,4,1,68.71,0.068710
2025-12-31,5,2,65.68,0.065680
2025-12-31,6,2,64.72,0.064720
2025-12-31,7,3,65.54,0.065540
2025-12-31,8,3,63.84,0.063840
2025-12-31,9,4,63.28,0.063280
2025-12-31,10,4,57.1,0.057100
2025-12-31,11,5,59.89,0.059890
2025-12-31,12,5,57.25,0.057250
2025-12-31,13,6,57.1,0.057100
2025-12-31,14,6,69.19,0.069190
2025-12-31,15,7,69.08,0.069080
2025-12-31,16,7,75.83,0.075830
2025-12-31,17,8,81.21,0.081210
2025-12-31,18,8,82.39,0.082390
2025-12-31,19,9,79.66,0.079660
2025-12-31,20,9,81.1,0.081100
2025-12-31,21,10,77.91,0.077910
2025-12-31,22,10,70.59,0.070590
2025-12-31,23,11,75.71,0.075710
2025-12-31,24,11,71.73,0.071730
2025-12-31,25,12,72.79,0.072790
2025-12-31,26,12,70.11,0.070110
2025-12-31,27,13,72.93,0.072930
2025-12-31,28,13,71.1,0.071100
2025-12-31,29,14,73.59,0.073590
2025-12-31,30,14,74.28,0.074280
2025-12-31,31,15,84.11,0.084110
2025-12-31,32,15,86.75,0.086750
2025-12-31,33,16,91.42,0.091420
2025-12-31,34,16,94.19,0.094190
2025-12-31,35,17,97.52,0.097520
2025-12-31,36,17,97.72,0.097720
2025-12-31,37,18,95.38,0.095380
2025-12-31,38,18,90.76,0.090760
2025-12-31,39,19,79.31,0.079310
2025-12-31,40,19,80.38,0.080380
2025-12-31,41,20,69.36,0.069360
2025-12-31,42,20,64.85,0.064850
2025-12-31,43,21,62.11,0.062110
2025-12-31,44,21,54.75,0.054750
2025-12-31,45,22,54.06,0.054060
2025-12-31,46,22,49.09,0.049090
2025-12-31,47,23,53.58,0.053580
2025-12-31,48,23,50.47,0.050470
2026-01-01,1,0,46.67,0.046670
2026-01-01,2,0,54.01,0.054010
2026-01-01,3,1,61.73,0.061730
2026-01-01,4,1,59.47,0.059470
2026-01-01,5,2,58.48,0.058480
2026-01-01,6,2,49.97,0.049970
2026-01-01,7,3,47.06,0.047060
2026-01-01,8,3,40.42,0.040420
2026-01-01,9,4,41.51,0.041510
2026-01-01,10,4,37.64,0.037640
2026-01-01,11,5,38.0,0.038000
2026-01-01,12,5,34.98,0.034980
2026-01-01,13,6,36.95,0.036950
2026-01-01,14,6,41.12,0.041120
2026-01-01,15,7,35.26,0.035260
2026-01-01,16,7,41.19,0.041190
2026-01-01,17,8,35.14,0.035140
2026-01-01,18,8,35.89,0.035890
2026-01-01,19,9,38.07,0.038070
2026-01-01,20,9,34.58,0.034580
2026-01-01,21,10,33.87,0.033870
2026-01-01,22,10,34.15,0.034150
2026-01-01,23,11,35.44,0.035440
2026-01-01,24,11,37.02,0.037020
2026-01-01,25,12,31.3,0.031300
2026-01-01,26,12,32.03,0.032030
2026-01-01,27,13,35.31,0.035310
2026-01-01,28,13,38.74,0.038740
2026-01-01,29,14,49.31,0.049310
2026-01-01,30,14,57.69,0.057690
2026-01-01,31,15,61.27,0.061270
2026-01-01,32,15,75.08,0.075080
2026-01-01,33,16,81.65,0.081650
2026-01-01,34,16,87.71,0.087710
2026-01-01,35,17,88.89,0.088890
2026-01-01,36,17,91.01,0.091010
2026-01-01,37,18,91.31,0.091310
2026-01-01,38,18,91.21,0.091210
2026-01-01,39,19,86.42,0.086420
2026-01-01,40,19,83.29,0.083290
2026-01-01,41,20,83.97,0.083970
2026-01-01,42,20,77.14,0.077140
2026-01-01,43,21,80.85,0.080850
2026-01-01,44,21,71.86,0.071860
2026-01-01,45,22,75.39,0.075390
2026-01-01,46,22,63.69,0.063690
2026-01-01,47,23,52.2,0.052200
2026-01-01,48,23,41.86,0.041860
2026-01-02,1,0,39.01,0.039010
2026-01-02,2,0,50.99,0.050990
2026-01-02,3,1,57.23,0.057230
2026-01-02,4,1,49.35,0.049350
2026-01-02,5,2,44.79,0.044790
2026-01-02,6,2,43.03,0.043030
2026-01-02,7,3,47.38,0.047380
2026-01-02,8,3,49.04,0.049040
2026-01-02,9,4,53.42,0.053420
2026-01-02,10,4,54.25,0.054250
2026-01-02,11,5,65.57,0.065570
2026-01-02,12,5,68.84,0.068840
2026-01-02,13,6,71.13,0.071130
2026-01-02,14,6,82.23,0.082230
2026-01-02,15,7,83.48,0.083480
2026-01-02,16,7,93.35,0.093350
2026-01-02,17,8,90.39,0.090390
2026-01-02,18,8,93.22,0.093220
2026-01-02,19,9,91.22,0.091220
2026-01-02,20,9,88.47,0.088470
2026-01-02,21,10,88.42,0.088420
2026-01-02,22,10,85.96,0.085960
2026-01-02,23,11,81.84,0.081840
2026-01-02,24,11,82.65,0.082650
2026-01-02,25,12,80.05,0.080050
2026-01-02,26,12,82.32,0.082320
2026-01-02,27,13,83.31,0.083310
2026-01-02,28,13,83.6,0.083600
2026-01-02,29,14,86.23,0.086230
2026-01-02,30,14,87.29,0.087290
2026-01-02,31,15,92.47,0.092470
2026-01-02,32,15,96.29,0.096290
2026-01-02,33,16,98.41,0.098410
2026-01-02,34,16,103.92,0.103920
2026-01-02,35,17,107.14,0.107140
2026-01-02,36,17,109.06,0.109060
2026-01-02,37,18,111.18,0.111180
2026-01-02,38,18,107.68,0.107680
2026-01-02,39,19,101.63,0.101630
2026-01-02,40,19,95.89,0.095890
2026-01-02,41,20,91.12,0.091120
2026-01-02,42,20,83.02,0.083020
2026-01-02,43,21,89.35,0.089350
2026-01-02,44,21,85.28,0.085280
2026-01-02,45,22,82.28,0.082280
2026-01-02,46,22,80.63,0.080630
2026-01-02,47,23,83.0,0.083000
2026-01-02,48,23,82.63,0.082630
2026-01-03,1,0,84.63,0.084630
2026-01-03,2,0,84.64,0.084640
2026-01-03,3,1,81.76,0.081760
2026-01-03,4,1,77.27,0.077270
2026-01-03,5,2,77.85,0.077850
2026-01-03,6,2,70.84,0.070840
2026-01-03,7,3,70.17,0.070170
2026-01-03,8,3,67.29,0.067290
2026-01-03,9,4,66.63,0.066630
2026-01-03,10,4,65.53,0.065530
2026-01-03,11,5,71.07,0.071070
2026-01-03,12,5,66.7,0.066700
2026-01-03,13,6,68.53,0.068530
2026-01-03,14,6,71.45,0.071450
2026-01-03,15,7,66.7,0.066700
2026-01-03,16,7,77.28,0.077280
2026-01-03,17,8,74.65,0.074650
2026-01-03,18,8,81.53,0.081530
2026-01-03,19,9,79.17,0.079170
2026-01-03,20,9,81.48,0.081480
2026-01-03,21,10,82.04,0.082040
2026-01-03,22,10,81.51,0.081510
2026-01-03,23,11,77.82,0.077820
2026-01-03,24,11,79.52,0.079520
2026-01-03,25,12,77.6,0.077600
2026-01-03,26,12,78.83,0.078830
2026-01-03,27,13,82.14,0.082140
2026-01-03,28,13,79.64,0.079640
2026-01-03,29,14,82.41,0.082410
2026-01-03,30,14,80.37,0.080370
2026-01-03,31,15,91.77,0.091770
2026-01-03,32,15,98.88,0.098880
2026-01-03,33,16,95.97,0.095970
2026-01-03,34,16,100.06,0.100060
2026-01-03,35,17,98.98,0.098980
2026-01-03,36,17,100.85,0.100850
2026-01-03,37,18,100.97,0.100970
2026-01-03,38,18,98.5,0.098500
2026-01-03,39,19,94.03,0.094030
2026-01-03,40,19,89.0,0.089000
2026-01-03,41,20,88.8,0.088800
2026-01-03,42,20,84.23,0.084230
2026-01-03,43,21,87.11,0.087110
2026-01-03,44,21,83.7,0.083700
2026-01-03,45,22,84.32,0.084320
2026-01-03,46,22,79.76,0.079760
2026-01-03,47,23,82.13,0.082130
2026-01-03,48,23,78.67,0.078670
2026-01-04,1,0,80.97,0.080970
2026-01-04,2,0,84.9,0.084900
2026-01-04,3,1,85.72,0.085720
2026-01-04,4,1,83.48,0.083480
2026-01-04,5,2,83.09,0.083090
2026-01-04,6,2,81.44,0.081440
2026-01-04,7,3,79.12,0.079120
2026-01-04,8,3,78.15,0.078150
2026-01-04,9,4,78.63,0.078630
2026-01-04,10,4,81.04,0.081040
2026-01-04,11,5,81.6,0.081600
2026-01-04,12,5,81.1,0.081100
2026-01-04,13,6,83.13,0.083130
2026-01-04,14,6,82.35,0.082350
2026-01-04,15,7,81.48,0.081480
2026-01-04,16,7,83.38,0.083380
2026-01-04,17,8,86.6,0.086600
2026-01-04,18,8,92.5,0.092500
2026-01-04,19,9,86.25,0.086250
2026-01-04,20,9,90.22,0.090220
2026-01-04,21,10,89.55,0.089550
2026-01-04,22,10,88.87,0.088870
2026-01-04,23,11,91.28,0.091280
2026-01-04,24,11,90.17,0.090170
2026-01-04,25,12,85.11,0.085110
2026-01-04,26,12,83.36,0.083360
2026-01-04,27,13,82.63,0.082630
2026-01-04,28,13,80.25,0.080250
2026-01-04,29,14,88.8,0.088800
2026-01-04,30,14,80.57,0.080570
2026-01-04,31,15,93.48,0.093480
2026-01-04,32,15,102.46,0.102460
2026-01-04,33,16,107.38,0.107380
2026-01-04,34,16,109.96,0.109960
2026-01-04,35,17,113.91,0.113910
2026-01-04,36,17,113.88,0.113880
2026-01-04,37,18,114.18,0.114180
2026-01-04,38,18,113.11,0.113110
2026-01-04,39,19,107.46,0.107460
2026-01-04,40,19,100.38,0.100380
2026-01-04,41,20,98.88,0.098880
2026-01-04,42,20,91.59,0.091590
2026-01-04,43,21,90.0,0.090000
2026-01-04,44,21,87.22,0.087220
2026-01-04,45,22,84.6,0.084600
2026-01-04,46,22,82.29,0.082290
2026-01-04,47,23,75.88,0.075880
2026-01-04,48,23,73.46,0.073460
2026-01-05,1,0,74.22,0.074220
2026-01-05,2,0,79.36,0.079360
2026-01-05,3,1,83.4,0.083400
2026-01-05,4,1,80.14,0.080140
2026-01-05,5,2,81.0,0.081000
2026-01-05,6,2,79.61,0.079610
2026-01-05,7,3,80.69,0.080690
2026-01-05,8,3,79.15,0.079150
2026-01-05,9,4,79.6,0.079600
2026-01-05,10,4,76.49,0.076490
2026-01-05,11,5,84.58,0.084580
2026-01-05,12,5,79.33,0.079330
2026-01-05,13,6,83.92,0.083920
2026-01-05,14,6,95.29,0.095290
2026-01-05,15,7,111.2,0.111200
2026-01-05,16,7,130.15,0.130150
2026-01-05,17,8,129.95,0.129950
2026-01-05,18,8,133.33,0.133330
2026-01-05,19,9,118.13,0.118130
2026-01-05,20,9,121.71,0.121710
2026-01-05,21,10,119.77,0.119770
2026-01-05,22,10,121.45,0.121450
2026-01-05,23,11,126.07,0.126070
2026-01-05,24,11,122.45,0.122450
2026-01-05,25,12,116.37,0.116370
2026-01-05,26,12,114.79,0.114790
2026-01-05,27,13,109.76,0.109760
2026-01-05,28,13,108.07,0.108070
2026-01-05,29,14,109.14,0.109140
2026-01-05,30,14,117.16,0.117160
2026-01-05,31,15,144.35,0.144350
2026-01-05,32,15,156.22,0.156220
2026-01-05,33,16,159.36,0.159360
2026-01-05,34,16,191.09,0.191090
2026-01-05,35,17,205.37,0.205370
2026-01-05,36,17,223.09,0.223090
2026-01-05,37,18,189.76,0.189760
2026-01-05,38,18,215.59,0.215590
2026-01-05,39,19,188.74,0.188740
2026-01-05,40,19,161.96,0.161960
2026-01-05,41,20,152.71,0.152710
2026-01-05,42,20,138.39,0.138390
2026-01-05,43,21,116.73,0.116730
2026-01-05,44,21,105.01,0.105010
2026-01-05,45,22,106.97,0.106970
2026-01-05,46,22,101.96,0.101960
2026-01-05,47,23,96.26,0.096260
2026-01-05,48,23,100.56,0.100560
2026-01-06,1,0,98.38,0.098380
2026-01-06,2,0,104.87,0.104870
2026-01-06,3,1,110.27,0.110270
2026-01-06,4,1,110.34,0.110340
2026-01-06,5,2,111.91,0.111910
2026-01-06,6,2,113.82,0.113820
2026-01-06,7,3,119.36,0.119360
2026-01-06,8,3,123.39,0.123390
2026-01-06,9,4,131.22,0.131220
2026-01-06,10,4,134.25,0.134250
2026-01-06,11,5,155.56,0.155560
2026-01-06,12,5,165.03,0.165030
2026-01-06,13,6,181.55,0.181550
2026-01-06,14,6,195.02,0.195020
2026-01-06,15,7,205.86,0.205860
2026-01-06,16,7,215.56,0.215560
2026-01-06,17,8,235.38,0.235380
2026-01-06,18,8,243.1,0.243100
2026-01-06,19,9,266.66,0.266660
2026-01-06,20,9,270.34,0.270340
2026-01-06,21,10,273.48,0.273480
2026-01-06,22,10,270.95,0.270950
2026-01-06,23,11,233.01,0.233010
2026-01-06,24,11,214.08,0.214080
2026-01-06,25,12,193.46,0.193460
2026-01-06,26,12,169.22,0.169220
2026-01-06,27,13,164.09,0.164090
2026-01-06,28,13,151.69,0.151690
2026-01-06,29,14,148.03,0.148030
2026-01-06,30,14,153.32,0.153320
2026-01-06,31,15,124.38,0.124380
2026-01-06,32,15,124.94,0.124940
2026-01-06,33,16,138.27,0.138270
2026-01-06,34,16,128.88,0.128880
2026-01-06,35,17,117.61,0.117610
2026-01-06,36,17,109.82,0.109820
2026-01-06,37,18,109.05,0.109050
2026-01-06,38,18,104.7,0.104700
2026-01-06,39,19,98.76,0.098760
2026-01-06,40,19,92.63,0.092630
2026-01-06,41,20,90.65,0.090650
2026-01-06,42,20,86.66,0.086660
2026-01-06,43,21,80.78,0.080780
2026-01-06,44,21,79.34,0.079340
2026-01-06,45,22,77.88,0.077880
2026-01-06,46,22,76.95,0.076950
2026-01-06,47,23,78.51,0.078510
2026-01-06,48,23,74.41,0.074410
2026-01-07,1,0,71.62,0.071620
2026-01-07,2,0,72.66,0.072660
2026-01-07,3,1,69.7,0.069700
2026-01-07,4,1,70.93,0.070930
2026-01-07,5,2,69.24,0.069240
2026-01-07,6,2,68.27,0.068270
2026-01-07,7,3,65.47,0.065470
2026-01-07,8,3,65.81,0.065810
2026-01-07,9,4,69.49,0.069490
2026-01-07,10,4,69.4,0.069400
2026-01-07,11,5,72.81,0.072810
2026-01-07,12,5,76.35,0.076350
2026-01-07,13,6,80.64,0.080640
2026-01-07,14,6,79.37,0.079370
2026-01-07,15,7,77.57,0.077570
2026-01-07,16,7,82.33,0.082330
2026-01-07,17,8,83.78,0.083780
2026-01-07,18,8,84.75,0.084750
2026-01-07,19,9,80.97,0.080970
2026-01-07,20,9,80.24,0.080240
2026-01-07,21,10,79.96,0.079960
2026-01-07,22,10,78.0,0.078000
2026-01-07,23,11,76.0,0.076000
2026-01-07,24,11,75.21,0.075210
2026-01-07,25,12,73.79,0.073790
2026-01-07,26,12,73.67,0.073670
2026-01-07,27,13,74.79,0.074790
2026-01-07,28,13,74.46,0.074460
2026-01-07,29,14,75.03,0.075030
2026-01-07,30,14,76.09,0.076090
2026-01-07,31,15,79.82,0.079820
2026-01-07,32,15,86.58,0.086580
2026-01-07,33,16,83.48,0.083480
2026-01-07,34,16,92.62,0.092620
2026-01-07,35,17,95.46,0.095460
2026-01-07,36,17,95.39,0.095390
2026-01-07,37,18,89.14,0.089140
2026-01-07,38,18,92.16,0.092160
2026-01-07,39,19,85.79,0.085790
2026-01-07,40,19,86.16,0.086160
2026-01-07,41,20,85.16,0.085160
2026-01-07,42,20,82.95,0.082950
2026-01-07,43,21,87.3,0.087300
2026-01-07,44,21,82.65,0.082650
2026-01-07,45,22,81.9,0.081900
2026-01-07,46,22,79.26,0.079260
2026-01-07,47,23,73.4,0.073400
2026-01-07,48,23,76.52,0.076520
2026-01-08,1,0,74.14,0.074140
2026-01-08,2,0,74.43,0.074430
2026-01-08,3,1,75.28,0.075280
2026-01-08,4,1,74.81,0.074810
2026-01-08,5,2,73.11,0.073110
2026-01-08,6,2,73.41,0.073410
2026-01-08,7,3,74.61,0.074610
2026-01-08,8,3,77.04,0.077040
2026-01-08,9,4,79.56,0.079560
2026-01-08,10,4,74.27,0.074270
2026-01-08,11,5,86.95,0.086950
2026-01-08,12,5,82.5,0.082500
2026-01-08,13,6,96.89,0.096890
2026-01-08,14,6,150.57,0.150570
2026-01-08,15,7,162.59,0.162590
2026-01-08,16,7,212.79,0.212790
2026-01-08,17,8,214.59,0.214590
2026-01-08,18,8,217.12,0.217120
2026-01-08,19,9,195.66,0.195660
2026-01-08,20,9,188.58,0.188580
2026-01-08,21,10,205.57,0.205570
2026-01-08,22,10,212.1,0.212100
2026-01-08,23,11,251.97,0.251970
2026-01-08,24,11,242.87,0.242870
2026-01-08,25,12,224.49,0.224490
2026-01-08,26,12,247.65,0.247650
2026-01-08,27,13,290.89,0.290890
2026-01-08,28,13,266.02,0.266020
2026-01-08,29,14,267.49,0.267490
2026-01-08,30,14,248.01,0.248010
2026-01-08,31,15,207.95,0.207950
2026-01-08,32,15,197.7,0.197700
2026-01-08,33,16,180.5,0.180500
2026-01-08,34,16,178.46,0.178460
2026-01-08,35,17,145.44,0.145440
2026-01-08,36,17,134.23,0.134230
2026-01-08,37,18,123.68,0.123680
2026-01-08,38,18,121.49,0.121490
2026-01-08,39,19,88.71,0.088710
2026-01-08,40,19,88.34,0.088340
2026-01-08,41,20,86.71,0.086710
2026-01-08,42,20,89.33,0.089330
2026-01-08,43,21,88.9,0.088900
2026-01-08,44,21,80.56,0.080560
2026-01-08,45,22,77.41,0.077410
2026-01-08,46,22,80.73,0.080730
2026-01-08,47,23,86.14,0.086140
2026-01-08,48,23,87.34,0.087340
2026-01-09,1,0,91.58,0.091580
2026-01-09,2,0,94.12,0.094120
2026-01-09,3,1,93.25,0.093250
2026-01-09,4,1,90.59,0.090590
2026-01-09,5,2,89.17,0.089170
2026-01-09,6,2,85.65,0.085650
2026-01-09,7,3,80.48,0.080480
2026-01-09,8,3,81.01,0.081010
2026-01-09,9,4,78.97,0.078970
2026-01-09,10,4,81.87,0.081870
2026-01-09,11,5,81.69,0.081690
2026-01-09,12,5,83.69,0.083690
2026-01-09,13,6,85.27,0.085270
2026-01-09,14,6,81.28,0.081280
2026-01-09,15,7,82.25,0.082250
2026-01-09,16,7,85.25,0.085250
2026-01-09,17,8,92.37,0.092370
2026-01-09,18,8,92.2,0.092200
2026-01-09,19,9,89.88,0.089880
2026-01-09,20,9,91.61,0.091610
2026-01-09,21,10,91.85,0.091850
2026-01-09,22,10,91.52,0.091520
2026-01-09,23,11,91.52,0.091520
2026-01-09,24,11,92.05,0.092050
2026-01-09,25,12,92.55,0.092550
2026-01-09,26,12,93.88,0.093880
2026-01-09,27,13,90.09,0.090090
2026-01-09,28,13,87.25,0.087250
2026-01-09,29,14,90.64,0.090640
2026-01-09,30,14,90.09,0.090090
2026-01-09,31,15,87.34,0.087340
2026-01-09,32,15,90.25,0.090250
2026-01-09,33,16,90.93,0.090930
2026-01-09,34,16,92.36,0.092360
2026-01-09,35,17,92.44,0.092440
2026-01-09,36,17,97.19,0.097190
2026-01-09,37,18,100.43,0.100430
2026-01-09,38,18,101.72,0.101720
2026-01-09,39,19,96.27,0.096270
2026-01-09,40,19,88.72,0.088720
2026-01-09,41,20,88.31,0.088310
2026-01-09,42,20,83.16,0.083160
2026-01-09,43,21,77.95,0.077950
2026-01-09,44,21,81.02,0.081020
2026-01-09,45,22,80.25,0.080250
2026-01-09,46,22,79.31,0.079310
2026-01-09,47,23,81.13,0.081130
2026-01-09,48,23,76.1,0.076100
2026-01-10,1,0,79.74,0.079740
2026-01-10,2,0,82.46,0.082460
2026-01-10,3,1,81.34,0.081340
2026-01-10,4,1,81.02,0.081020
2026-01-10,5,2,80.35,0.080350
2026-01-10,6,2,79.53,0.079530
2026-01-10,7,3,80.48,0.080480
2026-01-10,8,3,79.94,0.079940
2026-01-10,9,4,80.21,0.080210
2026-01-10,10,4,81.32,0.081320
2026-01-10,11,5,83.5,0.083500
2026-01-10,12,5,83.98,0.083980
2026-01-10,13,6,85.31,0.085310
2026-01-10,14,6,82.45,0.082450
2026-01-10,15,7,83.99,0.083990
2026-01-10,16,7,82.83,0.082830
2026-01-10,17,8,79.64,0.079640
2026-01-10,18,8,75.48,0.075480
2026-01-10,19,9,78.09,0.078090
2026-01-10,20,9,80.77,0.080770
2026-01-10,21,10,77.92,0.077920
2026-01-10,22,10,76.17,0.076170
2026-01-10,23,11,72.62,0.072620
2026-01-10,24,11,70.34,0.070340
2026-01-10,25,12,74.16,0.074160
2026-01-10,26,12,72.49,0.072490
2026-01-10,27,13,75.36,0.075360
2026-01-10,28,13,74.68,0.074680
2026-01-10,29,14,78.96,0.078960
2026-01-10,30,14,76.16,0.076160
2026-01-10,31,15,89.66,0.089660
2026-01-10,32,15,94.1,0.094100
2026-01-10,33,16,96.93,0.096930
2026-01-10,34,16,99.49,0.099490
2026-01-10,35,17,96.11,0.096110
2026-01-10,36,17,98.16,0.098160
2026-01-10,37,18,100.67,0.100670
2026-01-10,38,18,95.17,0.095170
2026-01-10,39,19,89.82,0.089820
2026-01-10,40,19,84.97,0.084970
2026-01-10,41,20,86.16,0.086160
2026-01-10,42,20,82.56,0.082560
2026-01-10,43,21,82.77,0.082770
2026-01-10,44,21,80.36,0.080360
2026-01-10,45,22,81.86,0.081860
2026-01-10,46,22,82.69,0.082690
2026-01-10,47,23,82.83,0.082830
2026-01-10,48,23,88.64,0.088640
2026-01-11,1,0,82.27,0.082270
2026-01-11,2,0,83.68,0.083680
2026-01-11,3,1,81.58,0.081580
2026-01-11,4,1,75.31,0.075310
2026-01-11,5,2,80.53,0.080530
2026-01-11,6,2,72.95,0.072950
2026-01-11,7,3,74.93,0.074930
2026-01-11,8,3,73.12,0.073120
2026-01-11,9,4,70.59,0.070590
2026-01-11,10,4,72.89,0.072890
2026-01-11,11,5,76.62,0.076620
2026-01-11,12,5,74.13,0.074130
2026-01-11,13,6,75.1,0.075100
2026-01-11,14,6,75.21,0.075210
2026-01-11,15,7,69.82,0.069820
2026-01-11,16,7,76.47,0.076470
2026-01-11,17,8,75.6,0.075600
2026-01-11,18,8,83.25,0.083250
2026-01-11,19,9,71.4,0.071400
2026-01-11,20,9,79.85,0.079850
2026-01-11,21,10,78.48,0.078480
2026-01-11,22,10,80.54,0.080540
2026-01-11,23,11,84.47,0.084470
2026-01-11,24,11,88.13,0.088130
2026-01-11,25,12,82.11,0.082110
2026-01-11,26,12,82.3,0.082300
2026-01-11,27,13,84.71,0.084710
2026-01-11,28,13,81.15,0.081150
2026-01-11,29,14,87.31,0.087310
2026-01-11,30,14,83.3,0.083300
2026-01-11,31,15,90.37,0.090370
2026-01-11,32,15,90.38,0.090380
2026-01-11,33,16,93.69,0.093690
2026-01-11,34,16,96.69,0.096690
2026-01-11,35,17,94.2,0.094200
2026-01-11,36,17,95.37,0.095370
2026-01-11,37,18,94.28,0.094280
2026-01-11,38,18,86.84,0.086840
2026-01-11,39,19,84.89,0.084890
2026-01-11,40,19,80.35,0.080350
2026-01-11,41,20,75.37,0.075370
2026-01-11,42,20,81.55,0.081550
2026-01-11,43,21,80.93,0.080930
2026-01-11,44,21,72.83,0.072830
2026-01-11,45,22,74.71,0.074710
2026-01-11,46,22,64.28,0.064280
2026-01-11,47,23,69.89,0.069890
2026-01-11,48,23,60.56,0.060560
2026-01-12,1,0,69.87,0.069870
2026-01-12,2,0,73.47,0.073470
2026-01-12,3,1,73.25,0.073250
2026-01-12,4,1,72.26,0.072260
2026-01-12,5,2,69.56,0.069560
2026-01-12,6,2,68.83,0.068830
2026-01-12,7,3,72.78,0.072780
2026-01-12,8,3,69.96,0.069960
2026-01-12,9,4,76.1,0.076100
2026-01-12,10,4,71.52,0.071520
2026-01-12,11,5,80.12,0.080120
2026-01-12,12,5,79.81,0.079810
2026-01-12,13,6,77.0,0.077000
2026-01-12,14,6,80.67,0.080670
2026-01-12,15,7,85.42,0.085420
2026-01-12,16,7,91.83,0.091830
2026-01-12,17,8,87.59,0.087590
2026-01-12,18,8,92.7,0.092700
2026-01-12,19,9,91.12,0.091120
2026-01-12,20,9,91.56,0.091560
2026-01-12,21,10,87.79,0.087790
2026-01-12,22,10,88.32,0.088320
2026-01-12,23,11,88.78,0.088780
2026-01-12,24,11,90.79,0.090790
2026-01-12,25,12,90.14,0.090140
2026-01-12,26,12,87.7,0.087700
2026-01-12,27,13,89.2,0.089200
2026-01-12,28,13,89.11,0.089110
2026-01-12,29,14,90.63,0.090630
2026-01-12,30,14,89.89,0.089890
2026-01-12,31,15,89.27,0.089270
2026-01-12,32,15,93.34,0.093340
2026-01-12,33,16,94.17,0.094170
2026-01-12,34,16,99.1,0.099100
2026-01-12,35,17,100.37,0.100370
2026-01-12,36,17,102.89,0.102890
2026-01-12,37,18,98.62,0.098620
2026-01-12,38,18,100.71,0.100710
2026-01-12,39,19,88.95,0.088950
2026-01-12,40,19,85.56,0.085560
2026-01-12,41,20,84.25,0.084250
2026-01-12,42,20,85.95,0.085950
2026-01-12,43,21,88.13,0.088130
2026-01-12,44,21,89.46,0.089460
2026-01-12,45,22,88.93,0.088930
2026-01-12,46,22,85.98,0.085980
2026-01-12,47,23,80.7,0.080700
2026-01-12,48,23,78.4,0.078400
2026-01-13,1,0,77.53,0.077530
2026-01-13,2,0,80.11,0.080110
2026-01-13,3,1,79.29,0.079290
2026-01-13,4,1,80.83,0.080830
2026-01-13,5,2,81.6,0.081600
2026-01-13,6,2,82.44,0.082440
2026-01-13,7,3,82.95,0.082950
2026-01-13,8,3,78.65,0.078650
2026-01-13,9,4,80.1,0.080100
2026-01-13,10,4,85.25,0.085250
2026-01-13,11,5,95.14,0.095140
2026-01-13,12,5,91.3,0.091300
2026-01-13,13,6,99.36,0.099360
2026-01-13,14,6,93.52,0.093520
2026-01-13,15,7,106.11,0.106110
2026-01-13,16,7,113.08,0.113080
2026-01-13,17,8,114.45,0.114450
2026-01-13,18,8,107.54,0.107540
2026-01-13,19,9,105.75,0.105750
2026-01-13,20,9,106.33,0.106330
2026-01-13,21,10,105.05,0.105050
2026-01-13,22,10,102.31,0.102310
2026-01-13,23,11,98.52,0.098520
2026-01-13,24,11,95.77,0.095770
2026-01-13,25,12,93.72,0.093720
2026-01-13,26,12,91.85,0.091850
2026-01-13,27,13,87.43,0.087430
2026-01-13,28,13,84.82,0.084820
2026-01-13,29,14,88.89,0.088890
2026-01-13,30,14,90.63,0.090630
2026-01-13,31,15,95.28,0.095280
2026-01-13,32,15,94.45,0.094450
2026-01-13,33,16,90.34,0.090340
2026-01-13,34,16,97.34,0.097340
2026-01-13,35,17,95.37,0.095370
2026-01-13,36,17,92.56,0.092560
2026-01-13,37,18,91.42,0.091420
2026-01-13,38,18,92.68,0.092680
2026-01-13,39,19,87.57,0.087570
2026-01-13,40,19,92.2,0.092200
2026-01-13,41,20,90.25,0.090250
2026-01-13,42,20,91.07,0.091070
2026-01-13,43,21,92.37,0.092370
2026-01-13,44,21,91.99,0.091990
2026-01-13,45,22,89.12,0.089120
2026-01-13,46,22,84.24,0.084240
2026-01-13,47,23,79.46,0.079460
2026-01-13,48,23,76.39,0.076390
2026-01-14,1,0,78.58,0.078580
2026-01-14,2,0,79.41,0.079410
2026-01-14,3,1,76.92,0.076920
2026-01-14,4,1,77.2,0.077200
2026-01-14,5,2,75.17,0.075170
2026-01-14,6,2,73.87,0.073870
2026-01-14,7,3,72.06,0.072060
2026-01-14,8,3,72.48,0.072480
2026-01-14,9,4,74.11,0.074110
2026-01-14,10,4,71.6,0.071600
2026-01-14,11,5,81.77,0.081770
2026-01-14,12,5,80.5,0.080500
2026-01-14,13,6,90.65,0.090650
2026-01-14,14,6,84.85,0.084850
2026-01-14,15,7,97.91,0.097910
2026-01-14,16,7,110.58,0.110580
2026-01-14,17,8,101.14,0.101140
2026-01-14,18,8,101.05,0.101050
2026-01-14,19,9,90.84,0.090840
2026-01-14,20,9,88.08,0.088080
2026-01-14,21,10,90.68,0.090680
2026-01-14,22,10,85.11,0.085110
2026-01-14,23,11,83.31,0.083310
2026-01-14,24,11,80.99,0.080990
2026-01-14,25,12,78.71,0.078710
2026-01-14,26,12,80.91,0.080910
2026-01-14,27,13,81.04,0.081040
2026-01-14,28,13,82.48,0.082480
2026-01-14,29,14,90.0,0.090000
2026-01-14,30,14,87.79,0.087790
2026-01-14,31,15,103.87,0.103870
2026-01-14,32,15,108.69,0.108690
2026-01-14,33,16,113.78,0.113780
2026-01-14,34,16,119.46,0.119460
2026-01-14,35,17,128.46,0.128460
2026-01-14,36,17,118.61,0.118610
2026-01-14,37,18,112.79,0.112790
2026-01-14,38,18,107.68,0.107680
2026-01-14,39,19,98.21,0.098210
2026-01-14,40,19,97.84,0.097840
2026-01-14,41,20,93.44,0.093440
2026-01-14,42,20,93.07,0.093070
2026-01-14,43,21,89.63,0.089630
2026-01-14,44,21,88.49,0.088490
2026-01-14,45,22,88.27,0.088270
2026-01-14,46,22,86.96,0.086960
2026-01-14,47,23,84.83,0.084830
2026-01-14,48,23,86.22,0.086220
2026-01-15,1,0,86.3,0.086300
2026-01-15,2,0,87.98,0.087980
2026-01-15,3,1,79.33,0.079330
2026-01-15,4,1,81.56,0.081560
2026-01-15,5,2,80.49,0.080490
2026-01-15,6,2,80.17,0.080170
2026-01-15,7,3,81.93,0.081930
2026-01-15,8,3,82.3,0.082300
2026-01-15,9,4,77.96,0.077960
2026-01-15,10,4,76.37,0.076370
2026-01-15,11,5,83.89,0.083890
2026-01-15,12,5,82.08,0.082080
2026-01-15,13,6,90.39,0.090390
2026-01-15,14,6,85.78,0.085780
2026-01-15,15,7,85.87,0.085870
2026-01-15,16,7,96.03,0.096030
2026-01-15,17,8,86.66,0.086660
2026-01-15,18,8,93.18,0.093180
2026-01-15,19,9,89.33,0.089330
2026-01-15,20,9,95.19,0.095190
2026-01-15,21,10,87.96,0.087960
2026-01-15,22,10,88.88,0.088880
2026-01-15,23,11,86.03,0.086030
2026-01-15,24,11,86.77,0.086770
2026-01-15,25,12,91.89,0.091890
2026-01-15,26,12,91.73,0.091730
2026-01-15,27,13,96.2,0.096200
2026-01-15,28,13,95.81,0.095810
2026-01-15,29,14,109.36,0.109360
2026-01-15,30,14,110.72,0.110720
2026-01-15,31,15,127.73,0.127730
2026-01-15,32,15,130.62,0.130620
2026-01-15,33,16,120.21,0.120210
2026-01-15,34,16,125.96,0.125960
2026-01-15,35,17,132.23,0.132230
2026-01-15,36,17,126.31,0.126310
2026-01-15,37,18,122.7,0.122700
2026-01-15,38,18,115.41,0.115410
2026-01-15,39,19,105.79,0.105790
2026-01-15,40,19,106.41,0.106410
2026-01-15,41,20,105.39,0.105390
2026-01-15,42,20,101.89,0.101890
2026-01-15,43,21,103.62,0.103620
2026-01-15,44,21,102.4,0.102400
2026-01-15,45,22,90.96,0.090960
2026-01-15,46,22,93.7,0.093700
2026-01-15,47,23,94.99,0.094990
2026-01-15,48,23,101.35,0.101350
2026-01-16,1,0,100.78,0.100780
2026-01-16,2,0,102.53,0.102530
2026-01-16,3,1,103.4,0.103400
2026-01-16,4,1,101.29,0.101290
2026-01-16,5,2,98.4,0.098400
2026-01-16,6,2,97.09,0.097090
2026-01-16,7,3,90.99,0.090990
2026-01-16,8,3,89.25,0.089250
2026-01-16,9,4,87.26,0.087260
2026-01-16,10,4,86.01,0.086010
2026-01-16,11,5,88.63,0.088630
2026-01-16,12,5,89.39,0.089390
2026-01-16,13,6,101.73,0.101730
2026-01-16,14,6,90.51,0.090510
2026-01-16,15,7,96.61,0.096610
2026-01-16,16,7,104.45,0.104450
2026-01-16,17,8,100.26,0.100260
2026-01-16,18,8,105.11,0.105110
2026-01-16,19,9,99.84,0.099840
2026-01-16,20,9,94.67,0.094670
2026-01-16,21,10,91.81,0.091810
2026-01-16,22,10,88.27,0.088270
2026-01-16,23,11,86.41,0.086410
2026-01-16,24,11,84.48,0.084480
2026-01-16,25,12,86.17,0.086170
2026-01-16,26,12,85.44,0.085440
2026-01-16,27,13,90.28,0.090280
2026-01-16,28,13,89.73,0.089730
2026-01-16,29,14,93.08,0.093080
2026-01-16,30,14,90.98,0.090980
2026-01-16,31,15,103.05,0.103050
2026-01-16,32,15,114.53,0.114530
2026-01-16,33,16,118.76,0.118760
2026-01-16,34,16,125.08,0.125080
2026-01-16,35,17,133.09,0.133090
2026-01-16,36,17,134.75,0.134750
2026-01-16,37,18,133.78,0.133780
2026-01-16,38,18,128.62,0.128620
2026-01-16,39,19,114.24,0.114240
2026-01-16,40,19,110.57,0.110570
2026-01-16,41,20,103.2,0.103200
2026-01-16,42,20,105.57,0.105570
2026-01-16,43,21,102.28,0.102280
2026-01-16,44,21,105.33,0.105330
2026-01-16,45,22,106.99,0.106990
2026-01-16,46,22,103.0,0.103000
2026-01-16,47,23,97.73,0.097730
2026-01-16,48,23,102.58,0.102580
2026-01-17,1,0,100.4,0.100400
2026-01-17,2,0,109.07,0.109070
2026-01-17,3,1,104.01,0.104010
2026-01-17,4,1,101.96,0.101960
2026-01-17,5,2,104.99,0.104990
2026-01-17,6,2,103.05,0.103050
2026-01-17,7,3,108.51,0.108510
2026-01-17,8,3,105.66,0.105660
2026-01-17,9,4,105.42,0.105420
2026-01-17,10,4,102.32,0.102320
2026-01-17,11,5,95.05,0.095050
2026-01-17,12,5,100.31,0.100310
2026-01-17,13,6,103.69,0.103690
2026-01-17,14,6,96.79,0.096790
2026-01-17,15,7,99.99,0.099990
2026-01-17,16,7,97.54,0.097540
2026-01-17,17,8,99.42,0.099420
2026-01-17,18,8,102.56,0.102560
2026-01-17,19,9,96.09,0.096090
2026-01-17,20,9,97.43,0.097430
2026-01-17,21,10,95.62,0.095620
2026-01-17,22,10,91.08,0.091080
2026-01-17,23,11,88.76,0.088760
2026-01-17,24,11,88.54,0.088540
2026-01-17,25,12,91.66,0.091660
2026-01-17,26,12,90.78,0.090780
2026-01-17,27,13,91.66,0.091660
2026-01-17,28,13,90.47,0.090470
2026-01-17,29,14,96.68,0.096680
2026-01-17,30,14,96.65,0.096650
2026-01-17,31,15,100.62,0.100620
2026-01-17,32,15,107.51,0.107510
2026-01-17,33,16,110.88,0.110880
2026-01-17,34,16,124.46,0.124460
2026-01-17,35,17,121.91,0.121910
2026-01-17,36,17,126.82,0.126820
2026-01-17,37,18,124.6,0.124600
2026-01-17,38,18,122.38,0.122380
2026-01-17,39,19,115.96,0.115960
2026-01-17,40,19,111.55,0.111550
2026-01-17,41,20,104.74,0.104740
2026-01-17,42,20,106.25,0.106250
2026-01-17,43,21,109.05,0.109050
2026-01-17,44,21,104.52,0.104520
2026-01-17,45,22,101.48,0.101480
2026-01-17,46,22,99.16,0.099160
2026-01-17,47,23,102.37,0.102370
2026-01-17,48,23,108.16,0.108160
2026-01-18,1,0,108.45,0.108450
2026-01-18,2,0,116.23,0.116230
2026-01-18,3,1,121.94,0.121940
2026-01-18,4,1,122.36,0.122360
2026-01-18,5,2,119.74,0.119740
2026-01-18,6,2,121.1,0.121100
2026-01-18,7,3,115.61,0.115610
2026-01-18,8,3,103.85,0.103850
2026-01-18,9,4,99.61,0.099610
2026-01-18,10,4,98.13,0.098130
2026-01-18,11,5,97.61,0.097610
2026-01-18,12,5,96.42,0.096420
2026-01-18,13,6,98.12,0.098120
2026-01-18,14,6,96.77,0.096770
2026-01-18,15,7,98.94,0.098940
2026-01-18,16,7,98.3,0.098300
2026-01-18,17,8,96.45,0.096450
2026-01-18,18,8,100.11,0.100110
2026-01-18,19,9,97.76,0.097760
2026-01-18,20,9,98.05,0.098050
2026-01-18,21,10,96.49,0.096490
2026-01-18,22,10,96.24,0.096240
2026-01-18,23,11,92.44,0.092440
2026-01-18,24,11,91.7,0.091700
2026-01-18,25,12,90.98,0.090980
2026-01-18,26,12,89.17,0.089170
2026-01-18,27,13,95.08,0.095080
2026-01-18,28,13,95.97,0.095970
2026-01-18,29,14,98.25,0.098250
2026-01-18,30,14,99.71,0.099710
2026-01-18,31,15,108.49,0.108490
2026-01-18,32,15,110.46,0.110460
2026-01-18,33,16,116.35,0.116350
2026-01-18,34,16,118.43,0.118430
2026-01-18,35,17,122.74,0.122740
2026-01-18,36,17,126.37,0.126370
2026-01-18,37,18,124.8,0.124800
2026-01-18,38,18,121.07,0.121070
2026-01-18,39,19,113.3,0.113300
2026-01-18,40,19,100.36,0.100360
2026-01-18,41,20,101.89,0.101890
2026-01-18,42,20,98.91,0.098910
2026-01-18,43,21,103.98,0.103980
2026-01-18,44,21,102.61,0.102610
2026-01-18,45,22,94.63,0.094630
2026-01-18,46,22,91.22,0.091220
2026-01-18,47,23,85.04,0.085040
2026-01-18,48,23,84.62,0.084620
2026-01-19,1,0,85.07,0.085070
2026-01-19,2,0,85.83,0.085830
2026-01-19,3,1,85.45,0.085450
2026-01-19,4,1,86.02,0.086020
2026-01-19,5,2,84.8,0.084800
2026-01-19,6,2,84.64,0.084640
2026-01-19,7,3,84.65,0.084650
2026-01-19,8,3,83.91,0.083910
2026-01-19,9,4,84.62,0.084620
2026-01-19,10,4,82.57,0.082570
2026-01-19,11,5,94.96,0.094960
2026-01-19,12,5,88.59,0.088590
2026-01-19,13,6,104.63,0.104630
2026-01-19,14,6,107.96,0.107960
2026-01-19,15,7,115.9,0.115900
2026-01-19,16,7,128.38,0.128380
2026-01-19,17,8,118.63,0.118630
2026-01-19,18,8,120.76,0.120760
2026-01-19,19,9,99.38,0.099380
2026-01-19,20,9,105.02,0.105020
2026-01-19,21,10,99.17,0.099170
2026-01-19,22,10,94.82,0.094820
2026-01-19,23,11,90.17,0.090170
2026-01-19,24,11,89.32,0.089320
2026-01-19,25,12,90.83,0.090830
2026-01-19,26,12,92.35,0.092350
2026-01-19,27,13,99.96,0.099960
2026-01-19,28,13,100.05,0.100050
2026-01-19,29,14,103.86,0.103860
2026-01-19,30,14,112.38,0.112380
2026-01-19,31,15,126.65,0.126650
2026-01-19,32,15,127.21,0.127210
2026-01-19,33,16,138.61,0.138610
2026-01-19,34,16,136.25,0.136250
2026-01-19,35,17,125.66,0.125660
2026-01-19,36,17,126.49,0.126490
2026-01-19,37,18,123.39,0.123390
2026-01-19,38,18,122.56,0.122560
2026-01-19,39,19,116.62,0.116620
2026-01-19,40,19,109.08,0.109080
2026-01-19,41,20,102.26,0.102260
2026-01-19,42,20,100.96,0.100960
2026-01-19,43,21,103.56,0.103560
2026-01-19,44,21,97.05,0.097050
2026-01-19,45,22,93.38,0.093380
2026-01-19,46,22,90.1,0.090100
2026-01-19,47,23,89.6,0.089600
2026-01-19,48,23,79.2,0.079200
2026-01-20,1,0,82.57,0.082570
2026-01-20,2,0,80.46,0.080460
2026-01-20,3,1,75.78,0.075780
2026-01-20,4,1,78.45,0.078450
2026-01-20,5,2,78.96,0.078960
2026-01-20,6,2,78.3,0.078300
2026-01-20,7,3,79.37,0.079370
2026-01-20,8,3,79.02,0.079020
2026-01-20,9,4,78.83,0.078830
2026-01-20,10,4,77.18,0.077180
2026-01-20,11,5,77.76,0.077760
2026-01-20,12,5,74.08,0.074080
2026-01-20,13,6,82.09,0.082090
2026-01-20,14,6,75.41,0.075410
2026-01-20,15,7,83.21,0.083210
2026-01-20,16,7,90.04,0.090040
2026-01-20,17,8,92.93,0.092930
2026-01-20,18,8,91.11,0.091110
2026-01-20,19,9,85.7,0.085700
2026-01-20,20,9,87.61,0.087610
2026-01-20,21,10,82.52,0.082520
2026-01-20,22,10,83.07,0.083070
2026-01-20,23,11,81.2,0.081200
2026-01-20,24,11,83.55,0.083550
2026-01-20,25,12,82.73,0.082730
2026-01-20,26,12,82.4,0.082400
2026-01-20,27,13,82.57,0.082570
2026-01-20,28,13,82.54,0.082540
2026-01-20,29,14,82.83,0.082830
2026-01-20,30,14,82.83,0.082830
2026-01-20,31,15,89.48,0.089480
2026-01-20,32,15,89.19,0.089190
2026-01-20,33,16,100.4,0.100400
2026-01-20,34,16,106.32,0.106320
2026-01-20,35,17,110.18,0.110180
2026-01-20,36,17,109.51,0.109510
2026-01-20,37,18,106.46,0.106460
2026-01-20,38,18,103.89,0.103890
2026-01-20,39,19,104.22,0.104220
2026-01-20,40,19,103.1,0.103100
2026-01-20,41,20,93.9,0.093900
2026-01-20,42,20,94.48,0.094480
2026-01-20,43,21,93.08,0.093080
2026-01-20,44,21,90.06,0.090060
2026-01-20,45,22,88.4,0.088400
2026-01-20,46,22,87.61,0.087610
2026-01-20,47,23,74.93,0.074930
2026-01-20,48,23,75.76,0.075760
2026-01-21,1,0,76.75,0.076750
2026-01-21,2,0,84.82,0.084820
2026-01-21,3,1,87.63,0.087630
2026-01-21,4,1,86.66,0.086660
2026-01-21,5,2,84.04,0.084040
2026-01-21,6,2,87.58,0.087580
2026-01-21,7,3,88.24,0.088240
2026-01-21,8,3,85.36,0.085360
2026-01-21,9,4,86.13,0.086130
2026-01-21,10,4,86.62,0.086620
2026-01-21,11,5,83.84,0.083840
2026-01-21,12,5,90.21,0.090210
2026-01-21,13,6,95.59,0.095590
2026-01-21,14,6,103.04,0.103040
2026-01-21,15,7,116.04,0.116040
2026-01-21,16,7,118.36,0.118360
2026-01-21,17,8,116.16,0.116160
2026-01-21,18,8,116.77,0.116770
2026-01-21,19,9,99.14,0.099140
2026-01-21,20,9,97.73,0.097730
2026-01-21,21,10,96.52,0.096520
2026-01-21,22,10,92.64,0.092640
2026-01-21,23,11,90.2,0.090200
2026-01-21,24,11,88.68,0.088680
2026-01-21,25,12,89.03,0.089030
2026-01-21,26,12,91.23,0.091230
2026-01-21,27,13,88.38,0.088380
2026-01-21,28,13,89.68,0.089680
2026-01-21,29,14,95.85,0.095850
2026-01-21,30,14,97.24,0.097240
2026-01-21,31,15,99.05,0.099050
2026-01-21,32,15,103.71,0.103710
2026-01-21,33,16,106.05,0.106050
2026-01-21,34,16,107.63,0.107630
2026-01-21,35,17,109.05,0.109050
2026-01-21,36,17,111.7,0.111700
2026-01-21,37,18,109.57,0.109570
2026-01-21,38,18,106.25,0.106250
2026-01-21,39,19,99.39,0.099390
2026-01-21,40,19,96.0,0.096000
2026-01-21,41,20,95.54,0.095540
2026-01-21,42,20,92.95,0.092950
2026-01-21,43,21,93.63,0.093630
2026-01-21,44,21,79.57,0.079570
2026-01-21,45,22,88.43,0.088430
2026-01-21,46,22,77.13,0.077130
2026-01-21,47,23,65.24,0.065240
2026-01-21,48,23,65.05,0.065050
2026-01-22,1,0,62.33,0.062330
2026-01-22,2,0,73.85,0.073850
2026-01-22,3,1,73.02,0.073020
2026-01-22,4,1,68.65,0.068650
2026-01-22,5,2,65.7,0.065700
2026-01-22,6,2,69.28,0.069280
2026-01-22,7,3,75.24,0.075240
2026-01-22,8,3,83.21,0.083210
2026-01-22,9,4,85.21,0.085210
2026-01-22,10,4,87.37,0.087370
2026-01-22,11,5,85.89,0.085890
2026-01-22,12,5,90.01,0.090010
2026-01-22,13,6,103.73,0.103730
2026-01-22,14,6,111.54,0.111540
2026-01-22,15,7,114.5,0.114500
2026-01-22,16,7,115.21,0.115210
2026-01-22,17,8,117.59,0.117590
2026-01-22,18,8,118.45,0.118450
2026-01-22,19,9,102.59,0.102590
2026-01-22,20,9,107.11,0.107110
2026-01-22,21,10,108.76,0.108760
2026-01-22,22,10,103.77,0.103770
2026-01-22,23,11,101.2,0.101200
2026-01-22,24,11,106.27,0.106270
2026-01-22,25,12,103.85,0.103850
2026-01-22,26,12,102.25,0.102250
2026-01-22,27,13,100.87,0.100870
2026-01-22,28,13,98.12,0.098120
2026-01-22,29,14,103.36,0.103360
2026-01-22,30,14,101.97,0.101970
2026-01-22,31,15,97.5,0.097500
2026-01-22,32,15,95.76,0.095760
2026-01-22,33,16,107.46,0.107460
2026-01-22,34,16,114.55,0.114550
2026-01-22,35,17,118.52,0.118520
2026-01-22,36,17,120.25,0.120250
2026-01-22,37,18,116.98,0.116980
2026-01-22,38,18,111.93,0.111930
2026-01-22,39,19,105.08,0.105080
2026-01-22,40,19,103.36,0.103360
2026-01-22,41,20,100.77,0.100770
2026-01-22,42,20,98.77,0.098770
2026-01-22,43,21,98.47,0.098470
2026-01-22,44,21,88.19,0.088190
2026-01-22,45,22,89.32,0.089320
2026-01-22,46,22,81.85,0.081850
2026-01-22,47,23,77.47,0.077470
2026-01-22,48,23,80.51,0.080510
2026-01-23,1,0,83.35,0.083350
2026-01-23,2,0,88.21,0.088210
2026-01-23,3,1,85.14,0.085140
2026-01-23,4,1,84.39,0.084390
2026-01-23,5,2,84.94,0.084940
2026-01-23,6,2,80.69,0.080690
2026-01-23,7,3,75.94,0.075940
2026-01-23,8,3,76.15,0.076150
2026-01-23,9,4,74.48,0.074480
2026-01-23,10,4,72.22,0.072220
2026-01-23,11,5,73.54,0.073540
2026-01-23,12,5,74.42,0.074420
2026-01-23,13,6,84.74,0.084740
2026-01-23,14,6,100.93,0.100930
2026-01-23,15,7,112.66,0.112660
2026-01-23,16,7,114.97,0.114970
2026-01-23,17,8,114.39,0.114390
2026-01-23,18,8,114.93,0.114930
2026-01-23,19,9,110.13,0.110130
2026-01-23,20,9,106.76,0.106760
2026-01-23,21,10,103.41,0.103410
2026-01-23,22,10,98.48,0.098480
2026-01-23,23,11,95.96,0.095960
2026-01-23,24,11,98.98,0.098980
2026-01-23,25,12,96.17,0.096170
2026-01-23,26,12,89.38,0.089380
2026-01-23,27,13,88.32,0.088320
2026-01-23,28,13,90.7,0.090700
2026-01-23,29,14,93.19,0.093190
2026-01-23,30,14,93.62,0.093620
2026-01-23,31,15,96.07,0.096070
2026-01-23,32,15,100.9,0.100900
2026-01-23,33,16,109.61,0.109610
2026-01-23,34,16,114.15,0.114150
2026-01-23,35,17,114.02,0.114020
2026-01-23,36,17,115.95,0.115950
2026-01-23,37,18,114.88,0.114880
2026-01-23,38,18,110.24,0.110240
2026-01-23,39,19,103.57,0.103570
2026-01-23,40,19,99.03,0.099030
2026-01-23,41,20,97.94,0.097940
2026-01-23,42,20,86.2,0.086200
2026-01-23,43,21,92.66,0.092660
2026-01-23,44,21,89.28,0.089280
2026-01-23,45,22,90.6,0.090600
2026-01-23,46,22,81.49,0.081490
2026-01-23,47,23,82.8,0.082800
2026-01-23,48,23,77.52,0.077520
2026-01-24,1,0,75.45,0.075450
2026-01-24,2,0,80.87,0.080870
2026-01-24,3,1,78.1,0.078100
2026-01-24,4,1,74.53,0.074530
2026-01-24,5,2,72.51,0.072510
2026-01-24,6,2,70.41,0.070410
2026-01-24,7,3,65.8,0.065800
2026-01-24,8,3,64.31,0.064310
2026-01-24,9,4,65.24,0.065240
2026-01-24,10,4,63.92,0.063920
2026-01-24,11,5,68.49,0.068490
2026-01-24,12,5,66.78,0.066780
2026-01-24,13,6,71.13,0.071130
2026-01-24,14,6,77.72,0.077720
2026-01-24,15,7,80.42,0.080420
2026-01-24,16,7,94.96,0.094960
2026-01-24,17,8,88.64,0.088640
2026-01-24,18,8,95.03,0.095030
2026-01-24,19,9,102.86,0.102860
2026-01-24,20,9,104.19,0.104190
2026-01-24,21,10,99.16,0.099160
2026-01-24,22,10,98.87,0.098870
2026-01-24,23,11,94.82,0.094820
2026-01-24,24,11,96.06,0.096060
2026-01-24,25,12,93.95,0.093950
2026-01-24,26,12,96.23,0.096230
2026-01-24,27,13,97.07,0.097070
2026-01-24,28,13,94.98,0.094980
2026-01-24,29,14,100.61,0.100610
2026-01-24,30,14,98.7,0.098700
2026-01-24,31,15,113.18,0.113180
2026-01-24,32,15,117.89,0.117890
2026-01-24,33,16,114.0,0.114000
2026-01-24,34,16,114.32,0.114320
2026-01-24,35,17,116.2,0.116200
2026-01-24,36,17,117.14,0.117140
2026-01-24,37,18,113.24,0.113240
2026-01-24,38,18,108.37,0.108370
2026-01-24,39,19,97.94,0.097940
2026-01-24,40,19,94.98,0.094980
2026-01-24,41,20,96.98,0.096980
2026-01-24,42,20,90.86,0.090860
2026-01-24,43,21,99.58,0.099580
2026-01-24,44,21,91.12,0.091120
2026-01-24,45,22,95.47,0.095470
2026-01-24,46,22,85.51,0.085510
2026-01-24,47,23,87.53,0.087530
2026-01-24,48,23,80.14,0.080140
2026-01-25,1,0,83.71,0.083710
2026-01-25,2,0,87.9,0.087900
2026-01-25,3,1,81.08,0.081080
2026-01-25,4,1,76.48,0.076480
2026-01-25,5,2,80.12,0.080120
2026-01-25,6,2,78.48,0.078480
2026-01-25,7,3,77.14,0.077140
2026-01-25,8,3,78.95,0.078950
2026-01-25,9,4,80.5,0.080500
2026-01-25,10,4,79.04,0.079040
2026-01-25,11,5,84.03,0.084030
2026-01-25,12,5,84.74,0.084740
2026-01-25,13,6,84.81,0.084810
2026-01-25,14,6,89.39,0.089390
2026-01-25,15,7,87.07,0.087070
2026-01-25,16,7,91.13,0.091130
2026-01-25,17,8,94.67,0.094670
2026-01-25,18,8,100.72,0.100720
2026-01-25,19,9,100.51,0.100510
2026-01-25,20,9,105.94,0.105940
2026-01-25,21,10,101.32,0.101320
2026-01-25,22,10,103.79,0.103790
2026-01-25,23,11,99.47,0.099470
2026-01-25,24,11,101.81,0.101810
2026-01-25,25,12,102.57,0.102570
2026-01-25,26,12,101.01,0.101010
2026-01-25,27,13,97.92,0.097920
2026-01-25,28,13,93.97,0.093970
2026-01-25,29,14,98.75,0.098750
2026-01-25,30,14,99.23,0.099230
2026-01-25,31,15,107.01,0.107010
2026-01-25,32,15,107.29,0.107290
2026-01-25,33,16,108.46,0.108460
2026-01-25,34,16,116.08,0.116080
2026-01-25,35,17,118.0,0.118000
2026-01-25,36,17,119.75,0.119750
2026-01-25,37,18,121.05,0.121050
2026-01-25,38,18,118.86,0.118860
2026-01-25,39,19,115.05,0.115050
2026-01-25,40,19,110.43,0.110430
2026-01-25,41,20,108.53,0.108530
2026-01-25,42,20,105.01,0.105010
2026-01-25,43,21,104.69,0.104690
2026-01-25,44,21,102.39,0.102390
2026-01-25,45,22,101.82,0.101820
2026-01-25,46,22,99.18,0.099180
2026-01-25,47,23,89.95,0.089950
2026-01-25,48,23,90.66,0.090660
2026-01-26,1,0,92.57,0.092570
2026-01-26,2,0,94.04,0.094040
2026-01-26,3,1,94.17,0.094170
2026-01-26,4,1,92.98,0.092980
2026-01-26,5,2,92.41,0.092410
2026-01-26,6,2,92.26,0.092260
2026-01-26,7,3,90.03,0.090030
2026-01-26,8,3,90.31,0.090310
2026-01-26,9,4,89.46,0.089460
2026-01-26,10,4,87.04,0.087040
2026-01-26,11,5,99.12,0.099120
2026-01-26,12,5,87.01,0.087010
2026-01-26,13,6,100.28,0.100280
2026-01-26,14,6,106.15,0.106150
2026-01-26,15,7,129.95,0.129950
2026-01-26,16,7,134.72,0.134720
2026-01-26,17,8,133.63,0.133630
2026-01-26,18,8,133.96,0.133960
2026-01-26,19,9,121.5,0.121500
2026-01-26,20,9,117.15,0.117150
2026-01-26,21,10,117.5,0.117500
2026-01-26,22,10,114.13,0.114130
2026-01-26,23,11,109.94,0.109940
2026-01-26,24,11,111.11,0.111110
2026-01-26,25,12,102.38,0.102380
2026-01-26,26,12,104.33,0.104330
2026-01-26,27,13,99.92,0.099920
2026-01-26,28,13,101.03,0.101030
2026-01-26,29,14,103.12,0.103120
2026-01-26,30,14,101.85,0.101850
2026-01-26,31,15,110.9,0.110900
2026-01-26,32,15,114.89,0.114890
2026-01-26,33,16,111.77,0.111770
2026-01-26,34,16,116.39,0.116390
2026-01-26,35,17,132.2,0.132200
2026-01-26,36,17,133.52,0.133520
2026-01-26,37,18,132.06,0.132060
2026-01-26,38,18,132.52,0.132520
2026-01-26,39,19,120.87,0.120870
2026-01-26,40,19,112.51,0.112510
2026-01-26,41,20,104.89,0.104890
2026-01-26,42,20,106.66,0.106660
2026-01-26,43,21,96.89,0.096890
2026-01-26,44,21,100.08,0.100080
2026-01-26,45,22,99.56,0.099560
2026-01-26,46,22,94.19,0.094190
2026-01-26,47,23,91.94,0.091940
2026-01-26,48,23,86.14,0.086140
2026-01-27,1,0,88.54,0.088540
2026-01-27,2,0,88.92,0.088920
2026-01-27,3,1,86.49,0.086490
2026-01-27,4,1,80.17,0.080170
2026-01-27,5,2,80.22,0.080220
2026-01-27,6,2,76.84,0.076840
2026-01-27,7,3,72.05,0.072050
2026-01-27,8,3,65.94,0.065940
2026-01-27,9,4,65.26,0.065260
2026-01-27,10,4,65.25,0.065250
2026-01-27,11,5,72.21,0.072210
2026-01-27,12,5,81.52,0.081520
2026-01-27,13,6,92.47,0.092470
2026-01-27,14,6,96.66,0.096660
2026-01-27,15,7,104.92,0.104920
2026-01-27,16,7,111.8,0.111800
2026-01-27,17,8,110.89,0.110890
2026-01-27,18,8,115.46,0.115460
2026-01-27,19,9,117.22,0.117220
2026-01-27,20,9,116.62,0.116620
2026-01-27,21,10,110.8,0.110800
2026-01-27,22,10,109.12,0.109120
2026-01-27,23,11,99.46,0.099460
2026-01-27,24,11,108.27,0.108270
2026-01-27,25,12,103.14,0.103140
2026-01-27,26,12,102.25,0.102250
2026-01-27,27,13,99.0,0.099000
2026-01-27,28,13,101.56,0.101560
2026-01-27,29,14,98.44,0.098440
2026-01-27,30,14,94.36,0.094360
2026-01-27,31,15,100.26,0.100260
2026-01-27,32,15,106.31,0.106310
2026-01-27,33,16,105.1,0.105100
2026-01-27,34,16,108.24,0.108240
2026-01-27,35,17,105.46,0.105460
2026-01-27,36,17,106.07,0.106070
2026-01-27,37,18,109.26,0.109260
2026-01-27,38,18,106.93,0.106930
2026-01-27,39,19,98.1,0.098100
2026-01-27,40,19,96.16,0.096160
2026-01-27,41,20,98.43,0.098430
2026-01-27,42,20,97.91,0.097910
2026-01-27,43,21,97.82,0.097820
2026-01-27,44,21,96.78,0.096780
2026-01-27,45,22,97.45,0.097450
2026-01-27,46,22,90.88,0.090880
2026-01-27,47,23,85.32,0.085320
2026-01-27,48,23,89.01,0.089010
2026-01-28,1,0,93.54,0.093540
2026-01-28,2,0,100.12,0.100120
2026-01-28,3,1,99.35,0.099350
2026-01-28,4,1,102.23,0.102230
2026-01-28,5,2,102.98,0.102980
2026-01-28,6,2,104.13,0.104130
2026-01-28,7,3,102.17,0.102170
2026-01-28,8,3,102.95,0.102950
2026-01-28,9,4,102.74,0.102740
2026-01-28,10,4,99.46,0.099460
2026-01-28,11,5,108.23,0.108230
2026-01-28,12,5,95.05,0.095050
2026-01-28,13,6,107.17,0.107170
2026-01-28,14,6,109.41,0.109410
2026-01-28,15,7,124.51,0.124510
2026-01-28,16,7,132.38,0.132380
2026-01-28,17,8,136.76,0.136760
2026-01-28,18,8,138.58,0.138580
2026-01-28,19,9,137.14,0.137140
2026-01-28,20,9,130.39,0.130390
2026-01-28,21,10,129.15,0.129150
2026-01-28,22,10,113.8,0.113800
2026-01-28,23,11,104.2,0.104200
2026-01-28,24,11,106.08,0.106080
2026-01-28,25,12,101.78,0.101780
2026-01-28,26,12,100.78,0.100780
2026-01-28,27,13,101.5,0.101500
2026-01-28,28,13,102.98,0.102980
2026-01-28,29,14,106.5,0.106500
2026-01-28,30,14,112.17,0.112170
2026-01-28,31,15,112.96,0.112960
2026-01-28,32,15,123.45,0.123450
2026-01-28,33,16,129.17,0.129170
2026-01-28,34,16,132.59,0.132590
2026-01-28,35,17,132.01,0.132010
2026-01-28,36,17,134.37,0.134370
2026-01-28,37,18,130.61,0.130610
2026-01-28,38,18,127.95,0.127950
2026-01-28,39,19,117.39,0.117390
2026-01-28,40,19,112.61,0.112610
2026-01-28,41,20,111.02,0.111020
2026-01-28,42,20,114.32,0.114320
2026-01-28,43,21,108.82,0.108820
2026-01-28,44,21,105.79,0.105790
2026-01-28,45,22,103.49,0.103490
2026-01-28,46,22,102.69,0.102690
2026-01-28,47,23,97.04,0.097040
2026-01-28,48,23,90.71,0.090710
2026-01-29,1,0,94.87,0.094870
2026-01-29,2,0,101.96,0.101960
2026-01-29,3,1,101.85,0.101850
2026-01-29,4,1,97.52,0.097520
2026-01-29,5,2,99.12,0.099120
2026-01-29,6,2,95.85,0.095850
2026-01-29,7,3,95.26,0.095260
2026-01-29,8,3,95.99,0.095990
2026-01-29,9,4,101.22,0.101220
2026-01-29,10,4,100.8,0.100800
2026-01-29,11,5,109.74,0.109740
2026-01-29,12,5,95.43,0.095430
2026-01-29,13,6,112.63,0.112630
2026-01-29,14,6,117.68,0.117680
2026-01-29,15,7,128.16,0.128160
2026-01-29,16,7,129.11,0.129110
2026-01-29,17,8,125.86,0.125860
2026-01-29,18,8,130.42,0.130420
2026-01-29,19,9,123.53,0.123530
2026-01-29,20,9,123.92,0.123920
2026-01-29,21,10,127.17,0.127170
2026-01-29,22,10,126.9,0.126900
2026-01-29,23,11,125.91,0.125910
2026-01-29,24,11,126.63,0.126630
2026-01-29,25,12,117.48,0.117480
2026-01-29,26,12,119.44,0.119440
2026-01-29,27,13,124.56,0.124560
2026-01-29,28,13,125.63,0.125630
2026-01-29,29,14,126.33,0.126330
2026-01-29,30,14,128.7,0.128700
2026-01-29,31,15,137.08,0.137080
2026-01-29,32,15,137.82,0.137820
2026-01-29,33,16,142.5,0.142500
2026-01-29,34,16,142.72,0.142720
2026-01-29,35,17,138.36,0.138360
2026-01-29,36,17,137.32,0.137320
2026-01-29,37,18,134.64,0.134640
2026-01-29,38,18,126.55,0.126550
2026-01-29,39,19,111.93,0.111930
2026-01-29,40,19,115.41,0.115410
2026-01-29,41,20,106.49,0.106490
2026-01-29,42,20,107.43,0.107430
2026-01-29,43,21,106.93,0.106930
2026-01-29,44,21,102.76,0.102760
2026-01-29,45,22,101.86,0.101860
2026-01-29,46,22,97.92,0.097920
2026-01-29,47,23,93.77,0.093770
2026-01-29,48,23,99.31,0.099310
2026-01-30,1,0,94.03,0.094030
2026-01-30,2,0,98.22,0.098220
2026-01-30,3,1,99.38,0.099380
2026-01-30,4,1,97.45,0.097450
2026-01-30,5,2,95.83,0.095830
2026-01-30,6,2,89.92,0.089920
2026-01-30,7,3,92.76,0.092760
2026-01-30,8,3,89.58,0.089580
2026-01-30,9,4,90.54,0.090540
2026-01-30,10,4,90.06,0.090060
2026-01-30,11,5,93.4,0.093400
2026-01-30,12,5,90.09,0.090090
2026-01-30,13,6,91.57,0.091570
2026-01-30,14,6,95.27,0.095270
2026-01-30,15,7,100.89,0.100890
2026-01-30,16,7,108.58,0.108580
2026-01-30,17,8,107.96,0.107960
2026-01-30,18,8,109.91,0.109910
2026-01-30,19,9,102.87,0.102870
2026-01-30,20,9,103.58,0.103580
2026-01-30,21,10,101.26,0.101260
2026-01-30,22,10,94.21,0.094210
2026-01-30,23,11,78.88,0.078880
2026-01-30,24,11,93.03,0.093030
2026-01-30,25,12,94.92,0.094920
2026-01-30,26,12,94.81,0.094810
2026-01-30,27,13,95.98,0.095980
2026-01-30,28,13,94.78,0.094780
2026-01-30,29,14,96.07,0.096070
2026-01-30,30,14,96.04,0.096040
2026-01-30,31,15,98.31,0.098310
2026-01-30,32,15,107.46,0.107460
2026-01-30,33,16,102.9,0.102900
2026-01-30,34,16,109.43,0.109430
2026-01-30,35,17,104.04,0.104040
2026-01-30,36,17,104.1,0.104100
2026-01-30,37,18,105.13,0.105130
2026-01-30,38,18,100.3,0.100300
2026-01-30,39,19,97.3,0.097300
2026-01-30,40,19,102.15,0.102150
2026-01-30,41,20,95.25,0.095250
2026-01-30,42,20,92.86,0.092860
2026-01-30,43,21,94.22,0.094220
2026-01-30,44,21,93.23,0.093230
2026-01-30,45,22,96.82,0.096820
2026-01-30,46,22,88.64,0.088640
2026-01-30,47,23,84.71,0.084710
2026-01-30,48,23,81.68,0.081680
2026-01-31,1,0,85.67,0.085670
2026-01-31,2,0,90.05,0.090050
2026-01-31,3,1,90.2,0.090200
2026-01-31,4,1,87.97,0.087970
2026-01-31,5,2,86.74,0.086740
2026-01-31,6,2,86.4,0.086400
2026-01-31,7,3,87.25,0.087250
2026-01-31,8,3,90.89,0.090890
2026-01-31,9,4,91.42,0.091420
2026-01-31,10,4,91.58,0.091580
2026-01-31,11,5,94.99,0.094990
2026-01-31,12,5,92.31,0.092310
2026-01-31,13,6,91.71,0.091710
2026-01-31,14,6,91.75,0.091750
2026-01-31,15,7,94.38,0.094380
2026-01-31,16,7,95.52,0.095520
2026-01-31,17,8,97.8,0.097800
2026-01-31,18,8,103.06,0.103060
2026-01-31,19,9,100.17,0.100170
2026-01-31,20,9,98.67,0.098670
2026-01-31,21,10,94.18,0.094180
2026-01-31,22,10,92.78,0.092780
2026-01-31,23,11,94.68,0.094680
2026-01-31,24,11,98.47,0.098470
2026-01-31,25,12,96.51,0.096510
2026-01-31,26,12,97.25,0.097250
2026-01-31,27,13,94.54,0.094540
2026-01-31,28,13,96.45,0.096450
2026-01-31,29,14,92.71,0.092710
2026-01-31,30,14,94.63,0.094630
2026-01-31,31,15,100.96,0.100960
2026-01-31,32,15,103.29,0.103290
2026-01-31,33,16,108.75,0.108750
2026-01-31,34,16,110.41,0.110410
2026-01-31,35,17,109.93,0.109930
2026-01-31,36,17,112.27,0.112270
2026-01-31,37,18,113.43,0.113430
2026-01-31,38,18,112.66,0.112660
2026-01-31,39,19,106.03,0.106030
2026-01-31,40,19,98.73,0.098730
2026-01-31,41,20,95.92,0.095920
2026-01-31,42,20,97.51,0.097510
2026-01-31,43,21,93.49,0.093490
2026-01-31,44,21,92.86,0.092860
2026-01-31,45,22,91.49,0.091490
2026-01-31,46,22,88.91,0.088910
2026-01-31,47,23,86.81,0.086810
2026-01-31,48,23,88.89,0.088890
2026-02-01,1,0,85.72,0.085720
2026-02-01,2,0,92.11,0.092110
2026-02-01,3,1,91.22,0.091220
2026-02-01,4,1,87.36,0.087360
2026-02-01,5,2,86.53,0.086530
2026-02-01,6,2,85.28,0.085280
2026-02-01,7,3,83.8,0.083800
2026-02-01,8,3,80.94,0.080940
2026-02-01,9,4,80.2,0.080200
2026-02-01,10,4,79.84,0.079840
2026-02-01,11,5,80.94,0.080940
2026-02-01,12,5,78.04,0.078040
2026-02-01,13,6,77.09,0.077090
2026-02-01,14,6,76.42,0.076420
2026-02-01,15,7,76.98,0.076980
2026-02-01,16,7,77.42,0.077420
2026-02-01,17,8,80.5,0.080500
2026-02-01,18,8,86.06,0.086060
2026-02-01,19,9,85.68,0.085680
2026-02-01,20,9,86.99,0.086990
2026-02-01,21,10,88.95,0.088950
2026-02-01,22,10,92.27,0.092270
2026-02-01,23,11,99.68,0.099680
2026-02-01,24,11,96.41,0.096410
2026-02-01,25,12,103.41,0.103410
2026-02-01,26,12,98.88,0.098880
2026-02-01,27,13,97.01,0.097010
2026-02-01,28,13,99.52,0.099520
2026-02-01,29,14,104.34,0.104340
2026-02-01,30,14,113.81,0.113810
2026-02-01,31,15,123.07,0.123070
2026-02-01,32,15,117.84,0.117840
2026-02-01,33,16,122.66,0.122660
2026-02-01,34,16,124.58,0.124580
2026-02-01,35,17,129.97,0.129970
2026-02-01,36,17,130.3,0.130300
2026-02-01,37,18,129.41,0.129410
2026-02-01,38,18,129.19,0.129190
2026-02-01,39,19,119.1,0.119100
2026-02-01,40,19,174.08,0.174080
2026-02-01,41,20,112.89,0.112890
2026-02-01,42,20,101.85,0.101850
2026-02-01,43,21,107.88,0.107880
2026-02-01,44,21,101.67,0.101670
2026-02-01,45,22,98.67,0.098670
2026-02-01,46,22,95.82,0.095820
2026-02-01,47,23,99.97,0.099970
2026-02-01,48,23,104.08,0.104080
2026-02-02,1,0,102.63,0.102630
2026-02-02,2,0,104.75,0.104750
2026-02-02,3,1,100.11,0.100110
2026-02-02,4,1,94.17,0.094170
2026-02-02,5,2,96.25,0.096250
2026-02-02,6,2,95.18,0.095180
2026-02-02,7,3,97.02,0.097020
2026-02-02,8,3,93.33,0.093330
2026-02-02,9,4,96.06,0.096060
2026-02-02,10,4,91.91,0.091910
2026-02-02,11,5,98.77,0.098770
2026-02-02,12,5,97.06,0.097060
2026-02-02,13,6,106.58,0.106580
2026-02-02,14,6,105.93,0.105930
2026-02-02,15,7,108.34,0.108340
2026-02-02,16,7,112.21,0.112210
2026-02-02,17,8,111.01,0.111010
2026-02-02,18,8,111.52,0.111520
2026-02-02,19,9,103.94,0.103940
2026-02-02,20,9,102.5,0.102500
2026-02-02,21,10,99.08,0.099080
2026-02-02,22,10,100.21,0.100210
2026-02-02,23,11,96.3,0.096300
2026-02-02,24,11,95.92,0.095920
2026-02-02,25,12,94.81,0.094810
2026-02-02,26,12,95.72,0.095720
2026-02-02,27,13,98.3,0.098300
2026-02-02,28,13,96.48,0.096480
2026-02-02,29,14,94.34,0.094340
2026-02-02,30,14,94.81,0.094810
2026-02-02,31,15,100.34,0.100340
2026-02-02,32,15,96.29,0.096290
2026-02-02,33,16,94.17,0.094170
2026-02-02,34,16,99.41,0.099410
2026-02-02,35,17,95.19,0.095190
2026-02-02,36,17,94.95,0.094950
2026-02-02,37,18,87.36,0.087360
2026-02-02,38,18,85.68,0.085680
2026-02-02,39,19,87.48,0.087480
2026-02-02,40,19,86.72,0.086720
2026-02-02,41,20,86.42,0.086420
2026-02-02,42,20,86.66,0.086660
2026-02-02,43,21,86.34,0.086340
2026-02-02,44,21,80.8,0.080800
2026-02-02,45,22,77.24,0.077240
2026-02-02,46,22,70.47,0.070470
2026-02-02,47,23,79.14,0.079140
2026-02-02,48,23,72.13,0.072130
2026-02-03,1,0,71.29,0.071290
2026-02-03,2,0,73.68,0.073680
2026-02-03,3,1,67.16,0.067160
2026-02-03,4,1,64.22,0.064220
2026-02-03,5,2,62.63,0.062630
2026-02-03,6,2,61.02,0.061020
2026-02-03,7,3,56.78,0.056780
2026-02-03,8,3,53.43,0.053430
2026-02-03,9,4,56.01,0.056010
2026-02-03,10,4,55.24,0.055240
2026-02-03,11,5,68.51,0.068510
2026-02-03,12,5,74.25,0.074250
2026-02-03,13,6,74.89,0.074890
2026-02-03,14,6,75.51,0.075510
2026-02-03,15,7,84.77,0.084770
2026-02-03,16,7,89.44,0.089440
2026-02-03,17,8,79.85,0.079850
2026-02-03,18,8,81.2,0.081200
2026-02-03,19,9,80.54,0.080540
2026-02-03,20,9,83.48,0.083480
2026-02-03,21,10,84.44,0.084440
2026-02-03,22,10,84.13,0.084130
2026-02-03,23,11,83.21,0.083210
2026-02-03,24,11,88.02,0.088020
2026-02-03,25,12,93.11,0.093110
2026-02-03,26,12,93.16,0.093160
2026-02-03,27,13,94.87,0.094870
2026-02-03,28,13,95.11,0.095110
2026-02-03,29,14,93.81,0.093810
2026-02-03,30,14,92.45,0.092450
2026-02-03,31,15,97.39,0.097390
2026-02-03,32,15,102.0,0.102000
2026-02-03,33,16,106.54,0.106540
2026-02-03,34,16,107.74,0.107740
2026-02-03,35,17,110.66,0.110660
2026-02-03,36,17,113.68,0.113680
2026-02-03,37,18,110.41,0.110410
2026-02-03,38,18,110.61,0.110610
2026-02-03,39,19,110.41,0.110410
2026-02-03,40,19,107.07,0.107070
2026-02-03,41,20,104.06,0.104060
2026-02-03,42,20,95.09,0.095090
2026-02-03,43,21,93.29,0.093290
2026-02-03,44,21,88.93,0.088930
2026-02-03,45,22,88.34,0.088340
2026-02-03,46,22,85.47,0.085470
2026-02-03,47,23,82.83,0.082830
2026-02-03,48,23,78.43,0.078430
2026-02-04,1,0,80.79,0.080790
2026-02-04,2,0,86.66,0.086660
2026-02-04,3,1,85.42,0.085420
2026-02-04,4,1,85.84,0.085840
2026-02-04,5,2,85.75,0.085750
2026-02-04,6,2,84.42,0.084420
2026-02-04,7,3,80.91,0.080910
2026-02-04,8,3,80.29,0.080290
2026-02-04,9,4,78.06,0.078060
2026-02-04,10,4,76.5,0.076500
2026-02-04,11,5,86.02,0.086020
2026-02-04,12,5,80.84,0.080840
2026-02-04,13,6,86.09,0.086090
2026-02-04,14,6,98.71,0.098710
2026-02-04,15,7,104.69,0.104690
2026-02-04,16,7,110.76,0.110760
2026-02-04,17,8,109.71,0.109710
2026-02-04,18,8,109.77,0.109770
2026-02-04,19,9,101.92,0.101920
2026-02-04,20,9,101.12,0.101120
2026-02-04,21,10,95.74,0.095740
2026-02-04,22,10,97.16,0.097160
2026-02-04,23,11,94.49,0.094490
2026-02-04,24,11,93.4,0.093400
2026-02-04,25,12,92.06,0.092060
2026-02-04,26,12,90.21,0.090210
2026-02-04,27,13,89.71,0.089710
2026-02-04,28,13,89.05,0.089050
2026-02-04,29,14,92.48,0.092480
2026-02-04,30,14,90.38,0.090380
2026-02-04,31,15,102.34,0.102340
2026-02-04,32,15,105.93,0.105930
2026-02-04,33,16,107.24,0.107240
2026-02-04,34,16,109.39,0.109390
2026-02-04,35,17,103.1,0.103100
2026-02-04,36,17,104.22,0.104220
2026-02-04,37,18,104.52,0.104520
2026-02-04,38,18,95.92,0.095920
2026-02-04,39,19,88.21,0.088210
2026-02-04,40,19,89.74,0.089740
2026-02-04,41,20,85.64,0.085640
2026-02-04,42,20,88.31,0.088310
2026-02-04,43,21,88.35,0.088350
2026-02-04,44,21,85.19,0.085190
2026-02-04,45,22,86.21,0.086210
2026-02-04,46,22,79.1,0.079100
2026-02-04,47,23,66.96,0.066960
2026-02-04,48,23,58.56,0.058560
2026-02-05,1,0,69.46,0.069460
2026-02-05,2,0,72.99,0.072990
2026-02-05,3,1,69.01,0.069010
2026-02-05,4,1,63.77,0.063770
2026-02-05,5,2,58.68,0.058680
2026-02-05,6,2,56.8,0.056800
2026-02-05,7,3,50.48,0.050480
2026-02-05,8,3,46.79,0.046790
2026-02-05,9,4,44.5,0.044500
2026-02-05,10,4,42.21,0.042210
2026-02-05,11,5,42.72,0.042720
2026-02-05,12,5,47.73,0.047730
2026-02-05,13,6,67.71,0.067710
2026-02-05,14,6,78.57,0.078570
2026-02-05,15,7,84.69,0.084690
2026-02-05,16,7,88.85,0.088850
2026-02-05,17,8,89.57,0.089570
2026-02-05,18,8,92.32,0.092320
2026-02-05,19,9,89.26,0.089260
2026-02-05,20,9,87.34,0.087340
2026-02-05,21,10,83.05,0.083050
2026-02-05,22,10,82.95,0.082950
2026-02-05,23,11,83.68,0.083680
2026-02-05,24,11,85.07,0.085070
2026-02-05,25,12,87.46,0.087460
2026-02-05,26,12,88.9,0.088900
2026-02-05,27,13,90.55,0.090550
2026-02-05,28,13,90.35,0.090350
2026-02-05,29,14,94.62,0.094620
2026-02-05,30,14,92.22,0.092220
2026-02-05,31,15,93.88,0.093880
2026-02-05,32,15,96.11,0.096110
2026-02-05,33,16,97.61,0.097610
2026-02-05,34,16,101.73,0.101730
2026-02-05,35,17,106.29,0.106290
2026-02-05,36,17,107.21,0.107210
2026-02-05,37,18,108.37,0.108370
2026-02-05,38,18,106.22,0.106220
2026-02-05,39,19,92.58,0.092580
2026-02-05,40,19,87.57,0.087570
2026-02-05,41,20,90.91,0.090910
2026-02-05,42,20,92.86,0.092860
2026-02-05,43,21,91.68,0.091680
2026-02-05,44,21,84.53,0.084530
2026-02-05,45,22,87.3,0.087300
2026-02-05,46,22,86.85,0.086850
2026-02-05,47,23,86.24,0.086240
2026-02-05,48,23,87.51,0.087510
2026-02-06,1,0,87.34,0.087340
2026-02-06,2,0,88.69,0.088690
2026-02-06,3,1,89.33,0.089330
2026-02-06,4,1,88.9,0.088900
2026-02-06,5,2,89.42,0.089420
2026-02-06,6,2,89.51,0.089510
2026-02-06,7,3,89.4,0.089400
2026-02-06,8,3,88.1,0.088100
2026-02-06,9,4,89.12,0.089120
2026-02-06,10,4,88.92,0.088920
2026-02-06,11,5,86.29,0.086290
2026-02-06,12,5,84.71,0.084710
2026-02-06,13,6,87.42,0.087420
2026-02-06,14,6,86.29,0.086290
2026-02-06,15,7,91.84,0.091840
2026-02-06,16,7,96.87,0.096870
2026-02-06,17,8,99.77,0.099770
2026-02-06,18,8,101.98,0.101980
2026-02-06,19,9,105.29,0.105290
2026-02-06,20,9,106.72,0.106720
2026-02-06,21,10,105.75,0.105750
2026-02-06,22,10,105.54,0.105540
2026-02-06,23,11,101.73,0.101730
2026-02-06,24,11,101.25,0.101250
2026-02-06,25,12,103.83,0.103830
2026-02-06,26,12,104.1,0.104100
2026-02-06,27,13,102.29,0.102290
2026-02-06,28,13,96.09,0.096090
2026-02-06,29,14,93.86,0.093860
2026-02-06,30,14,98.53,0.098530
2026-02-06,31,15,99.31,0.099310
2026-02-06,32,15,99.22,0.099220
2026-02-06,33,16,97.91,0.097910
2026-02-06,34,16,99.43,0.099430
2026-02-06,35,17,101.31,0.101310
2026-02-06,36,17,101.68,0.101680
2026-02-06,37,18,96.44,0.096440
2026-02-06,38,18,93.64,0.093640
2026-02-06,39,19,86.32,0.086320
2026-02-06,40,19,90.12,0.090120
2026-02-06,41,20,89.97,0.089970
2026-02-06,42,20,86.72,0.086720
2026-02-06,43,21,86.39,0.086390
2026-02-06,44,21,87.64,0.087640
2026-02-06,45,22,90.2,0.090200
2026-02-06,46,22,87.83,0.087830
2026-02-06,47,23,88.34,0.088340
2026-02-06,48,23,92.32,0.092320
2026-02-07,1,0,88.71,0.088710
2026-02-07,2,0,90.55,0.090550
2026-02-07,3,1,86.9,0.086900
2026-02-07,4,1,84.37,0.084370
2026-02-07,5,2,85.85,0.085850
2026-02-07,6,2,87.04,0.087040
2026-02-07,7,3,86.36,0.086360
2026-02-07,8,3,85.88,0.085880
2026-02-07,9,4,85.31,0.085310
2026-02-07,10,4,86.56,0.086560
2026-02-07,11,5,87.68,0.087680
2026-02-07,12,5,89.16,0.089160
2026-02-07,13,6,91.0,0.091000
2026-02-07,14,6,92.27,0.092270
2026-02-07,15,7,93.82,0.093820
2026-02-07,16,7,96.63,0.096630
2026-02-07,17,8,95.33,0.095330
2026-02-07,18,8,95.6,0.095600
2026-02-07,19,9,90.17,0.090170
2026-02-07,20,9,86.52,0.086520
2026-02-07,21,10,83.41,0.083410
2026-02-07,22,10,86.04,0.086040
2026-02-07,23,11,80.56,0.080560
2026-02-07,24,11,81.24,0.081240
2026-02-07,25,12,81.38,0.081380
2026-02-07,26,12,81.09,0.081090
2026-02-07,27,13,82.77,0.082770
2026-02-07,28,13,83.34,0.083340
2026-02-07,29,14,81.66,0.081660
2026-02-07,30,14,81.15,0.081150
2026-02-07,31,15,93.03,0.093030
2026-02-07,32,15,95.4,0.095400
2026-02-07,33,16,99.11,0.099110
2026-02-07,34,16,103.72,0.103720
2026-02-07,35,17,106.13,0.106130
2026-02-07,36,17,106.72,0.106720
2026-02-07,37,18,103.96,0.103960
2026-02-07,38,18,102.8,0.102800
2026-02-07,39,19,98.3,0.098300
2026-02-07,40,19,93.69,0.093690
2026-02-07,41,20,93.25,0.093250
2026-02-07,42,20,91.21,0.091210
2026-02-07,43,21,89.31,0.089310
2026-02-07,44,21,88.22,0.088220
2026-02-07,45,22,89.73,0.089730
2026-02-07,46,22,89.37,0.089370
2026-02-07,47,23,83.38,0.083380
2026-02-07,48,23,81.61,0.081610
2026-02-08,1,0,76.5,0.076500
2026-02-08,2,0,78.09,0.078090
2026-02-08,3,1,78.12,0.078120
2026-02-08,4,1,76.63,0.076630
2026-02-08,5,2,76.37,0.076370
2026-02-08,6,2,76.69,0.076690
2026-02-08,7,3,75.23,0.075230
2026-02-08,8,3,74.82,0.074820
2026-02-08,9,4,74.82,0.074820
2026-02-08,10,4,75.03,0.075030
2026-02-08,11,5,75.91,0.075910
2026-02-08,12,5,75.73,0.075730
2026-02-08,13,6,76.47,0.076470
2026-02-08,14,6,75.01,0.075010
2026-02-08,15,7,76.35,0.076350
2026-02-08,16,7,78.36,0.078360
2026-02-08,17,8,78.94,0.078940
2026-02-08,18,8,82.26,0.082260
2026-02-08,19,9,80.99,0.080990
2026-02-08,20,9,84.29,0.084290
2026-02-08,21,10,81.8,0.081800
2026-02-08,22,10,80.79,0.080790
2026-02-08,23,11,80.81,0.080810
2026-02-08,24,11,81.23,0.081230
2026-02-08,25,12,79.95,0.079950
2026-02-08,26,12,80.3,0.080300
2026-02-08,27,13,80.92,0.080920
2026-02-08,28,13,80.88,0.080880
2026-02-08,29,14,82.42,0.082420
2026-02-08,30,14,82.76,0.082760
2026-02-08,31,15,90.24,0.090240
2026-02-08,32,15,93.75,0.093750
2026-02-08,33,16,98.67,0.098670
2026-02-08,34,16,104.23,0.104230
2026-02-08,35,17,111.94,0.111940
2026-02-08,36,17,114.55,0.114550
2026-02-08,37,18,113.08,0.113080
2026-02-08,38,18,106.76,0.106760
2026-02-08,39,19,97.68,0.097680
2026-02-08,40,19,84.35,0.084350
2026-02-08,41,20,87.9,0.087900
2026-02-08,42,20,85.25,0.085250
2026-02-08,43,21,84.44,0.084440
2026-02-08,44,21,84.49,0.084490
2026-02-08,45,22,85.75,0.085750
2026-02-08,46,22,81.85,0.081850
2026-02-08,47,23,79.26,0.079260
2026-02-08,48,23,79.2,0.079200
2026-02-09,1,0,82.62,0.082620
2026-02-09,2,0,86.91,0.086910
2026-02-09,3,1,88.75,0.088750
2026-02-09,4,1,86.54,0.086540
2026-02-09,5,2,84.22,0.084220
2026-02-09,6,2,84.56,0.084560
2026-02-09,7,3,86.52,0.086520
2026-02-09,8,3,85.24,0.085240
2026-02-09,9,4,84.5,0.084500
2026-02-09,10,4,84.48,0.084480
2026-02-09,11,5,86.91,0.086910
2026-02-09,12,5,81.26,0.081260
2026-02-09,13,6,79.95,0.079950
2026-02-09,14,6,77.91,0.077910
2026-02-09,15,7,92.64,0.092640
2026-02-09,16,7,106.19,0.106190
2026-02-09,17,8,103.69,0.103690
2026-02-09,18,8,103.79,0.103790
2026-02-09,19,9,99.0,0.099000
2026-02-09,20,9,96.23,0.096230
2026-02-09,21,10,97.41,0.097410
2026-02-09,22,10,96.09,0.096090
2026-02-09,23,11,88.9,0.088900
2026-02-09,24,11,92.5,0.092500
2026-02-09,25,12,96.09,0.096090
2026-02-09,26,12,93.6,0.093600
2026-02-09,27,13,94.8,0.094800
2026-02-09,28,13,92.66,0.092660
2026-02-09,29,14,88.57,0.088570
2026-02-09,30,14,88.95,0.088950
2026-02-09,31,15,100.22,0.100220
2026-02-09,32,15,107.36,0.107360
2026-02-09,33,16,105.29,0.105290
2026-02-09,34,16,105.14,0.105140
2026-02-09,35,17,107.04,0.107040
2026-02-09,36,17,100.64,0.100640
2026-02-09,37,18,106.68,0.106680
2026-02-09,38,18,101.07,0.101070
2026-02-09,39,19,91.44,0.091440
2026-02-09,40,19,90.84,0.090840
2026-02-09,41,20,90.55,0.090550
2026-02-09,42,20,87.75,0.087750
2026-02-09,43,21,87.83,0.087830
2026-02-09,44,21,91.47,0.091470
2026-02-09,45,22,85.31,0.085310
2026-02-09,46,22,80.1,0.080100
2026-02-09,47,23,72.67,0.072670
2026-02-09,48,23,77.61,0.077610
2026-02-10,1,0,75.27,0.075270
2026-02-10,2,0,77.99,0.077990
2026-02-10,3,1,77.23,0.077230
2026-02-10,4,1,73.39,0.073390
2026-02-10,5,2,72.14,0.072140
2026-02-10,6,2,70.75,0.070750
2026-02-10,7,3,68.79,0.068790
2026-02-10,8,3,68.25,0.068250
2026-02-10,9,4,69.87,0.069870
2026-02-10,10,4,69.21,0.069210
2026-02-10,11,5,69.03,0.069030
2026-02-10,12,5,68.3,0.068300
2026-02-10,13,6,68.9,0.068900
2026-02-10,14,6,66.2,0.066200
2026-02-10,15,7,82.93,0.082930
2026-02-10,16,7,87.84,0.087840
2026-02-10,17,8,89.88,0.089880
2026-02-10,18,8,90.73,0.090730
2026-02-10,19,9,81.83,0.081830
2026-02-10,20,9,80.71,0.080710
2026-02-10,21,10,78.24,0.078240
2026-02-10,22,10,78.64,0.078640
2026-02-10,23,11,75.95,0.075950
2026-02-10,24,11,77.17,0.077170
2026-02-10,25,12,76.96,0.076960
2026-02-10,26,12,77.6,0.077600
2026-02-10,27,13,78.87,0.078870
2026-02-10,28,13,80.53,0.080530
2026-02-10,29,14,85.33,0.085330
2026-02-10,30,14,86.68,0.086680
2026-02-10,31,15,89.87,0.089870
2026-02-10,32,15,87.97,0.087970
2026-02-10,33,16,89.01,0.089010
2026-02-10,34,16,91.51,0.091510
2026-02-10,35,17,94.51,0.094510
2026-02-10,36,17,98.65,0.098650
2026-02-10,37,18,96.95,0.096950
2026-02-10,38,18,94.69,0.094690
2026-02-10,39,19,85.27,0.085270
2026-02-10,40,19,86.11,0.086110
2026-02-10,41,20,86.04,0.086040
2026-02-10,42,20,82.95,0.082950
2026-02-10,43,21,81.37,0.081370
2026-02-10,44,21,80.91,0.080910
2026-02-10,45,22,79.78,0.079780
2026-02-10,46,22,80.25,0.080250
2026-02-10,47,23,74.54,0.074540
2026-02-10,48,23,71.92,0.071920
2026-02-11,1,0,72.17,0.072170
2026-02-11,2,0,75.42,0.075420
2026-02-11,3,1,73.22,0.073220
2026-02-11,4,1,71.56,0.071560
2026-02-11,5,2,73.67,0.073670
2026-02-11,6,2,74.27,0.074270
2026-02-11,7,3,72.11,0.072110
2026-02-11,8,3,70.67,0.070670
2026-02-11,9,4,73.59,0.073590
2026-02-11,10,4,73.64,0.073640
2026-02-11,11,5,75.23,0.075230
2026-02-11,12,5,77.43,0.077430
2026-02-11,13,6,80.13,0.080130
2026-02-11,14,6,80.22,0.080220
2026-02-11,15,7,86.02,0.086020
2026-02-11,16,7,92.37,0.092370
2026-02-11,17,8,94.4,0.094400
2026-02-11,18,8,95.72,0.095720
2026-02-11,19,9,93.18,0.093180
2026-02-11,20,9,93.11,0.093110
2026-02-11,21,10,91.74,0.091740
2026-02-11,22,10,88.9,0.088900
2026-02-11,23,11,88.18,0.088180
2026-02-11,24,11,86.79,0.086790
2026-02-11,25,12,86.95,0.086950
2026-02-11,26,12,83.88,0.083880
2026-02-11,27,13,80.6,0.080600
2026-02-11,28,13,81.21,0.081210
2026-02-11,29,14,82.41,0.082410
2026-02-11,30,14,81.98,0.081980
2026-02-11,31,15,80.66,0.080660
2026-02-11,32,15,80.48,0.080480
2026-02-11,33,16,83.83,0.083830
2026-02-11,34,16,89.73,0.089730
2026-02-11,35,17,86.57,0.086570
2026-02-11,36,17,88.29,0.088290
2026-02-11,37,18,86.51,0.086510
2026-02-11,38,18,85.09,0.085090
2026-02-11,39,19,83.8,0.083800
2026-02-11,40,19,79.91,0.079910
2026-02-11,41,20,81.37,0.081370
2026-02-11,42,20,81.19,0.081190
2026-02-11,43,21,80.05,0.080050
2026-02-11,44,21,80.06,0.080060
2026-02-11,45,22,78.87,0.078870
2026-02-11,46,22,77.3,0.077300
2026-02-11,47,23,76.47,0.076470
2026-02-11,48,23,78.55,0.078550
2026-02-12,1,0,79.04,0.079040
2026-02-12,2,0,83.81,0.083810
2026-02-12,3,1,79.55,0.079550
2026-02-12,4,1,75.16,0.075160
2026-02-12,5,2,77.14,0.077140
2026-02-12,6,2,71.77,0.071770
2026-02-12,7,3,73.25,0.073250
2026-02-12,8,3,69.41,0.069410
2026-02-12,9,4,66.88,0.066880
2026-02-12,10,4,65.69,0.065690
2026-02-12,11,5,66.87,0.066870
2026-02-12,12,5,66.64,0.066640
2026-02-12,13,6,73.32,0.073320
2026-02-12,14,6,71.37,0.071370
2026-02-12,15,7,77.07,0.077070
2026-02-12,16,7,82.19,0.082190
2026-02-12,17,8,76.48,0.076480
2026-02-12,18,8,79.17,0.079170
2026-02-12,19,9,75.02,0.075020
2026-02-12,20,9,75.67,0.075670
2026-02-12,21,10,73.33,0.073330
2026-02-12,22,10,71.23,0.071230
2026-02-12,23,11,66.33,0.066330
2026-02-12,24,11,68.77,0.068770
2026-02-12,25,12,69.87,0.069870
2026-02-12,26,12,73.57,0.073570
2026-02-12,27,13,72.75,0.072750
2026-02-12,28,13,73.41,0.073410
2026-02-12,29,14,75.86,0.075860
2026-02-12,30,14,75.51,0.075510
2026-02-12,31,15,77.86,0.077860
2026-02-12,32,15,82.25,0.082250
2026-02-12,33,16,84.62,0.084620
2026-02-12,34,16,89.38,0.089380
2026-02-12,35,17,90.4,0.090400
2026-02-12,36,17,92.95,0.092950
2026-02-12,37,18,91.96,0.091960
2026-02-12,38,18,92.9,0.092900
2026-02-12,39,19,89.73,0.089730
2026-02-12,40,19,88.78,0.088780
2026-02-12,41,20,91.43,0.091430
2026-02-12,42,20,86.36,0.086360
2026-02-12,43,21,80.24,0.080240
2026-02-12,44,21,81.29,0.081290
2026-02-12,45,22,79.48,0.079480
2026-02-12,46,22,76.99,0.076990
2026-02-12,47,23,74.08,0.074080
2026-02-12,48,23,72.82,0.072820
2026-02-13,1,0,71.94,0.071940
2026-02-13,2,0,72.72,0.072720
2026-02-13,3,1,73.66,0.073660
2026-02-13,4,1,71.62,0.071620
2026-02-13,5,2,72.99,0.072990
2026-02-13,6,2,71.58,0.071580
2026-02-13,7,3,70.78,0.070780
2026-02-13,8,3,69.84,0.069840
2026-02-13,9,4,68.88,0.068880
2026-02-13,10,4,69.01,0.069010
2026-02-13,11,5,76.05,0.076050
2026-02-13,12,5,78.92,0.078920
2026-02-13,13,6,81.02,0.081020
2026-02-13,14,6,72.93,0.072930
2026-02-13,15,7,75.09,0.075090
2026-02-13,16,7,76.12,0.076120
2026-02-13,17,8,86.53,0.086530
2026-02-13,18,8,85.64,0.085640
2026-02-13,19,9,78.17,0.078170
2026-02-13,20,9,76.6,0.076600
2026-02-13,21,10,74.36,0.074360
2026-02-13,22,10,73.4,0.073400
2026-02-13,23,11,72.34,0.072340
2026-02-13,24,11,75.96,0.075960
2026-02-13,25,12,68.1,0.068100
2026-02-13,26,12,72.31,0.072310
2026-02-13,27,13,72.96,0.072960
2026-02-13,28,13,70.95,0.070950
2026-02-13,29,14,70.96,0.070960
2026-02-13,30,14,72.02,0.072020
2026-02-13,31,15,81.52,0.081520
2026-02-13,32,15,86.94,0.086940
2026-02-13,33,16,89.46,0.089460
2026-02-13,34,16,100.66,0.100660
2026-02-13,35,17,102.56,0.102560
2026-02-13,36,17,104.47,0.104470
2026-02-13,37,18,105.36,0.105360
2026-02-13,38,18,104.26,0.104260
2026-02-13,39,19,92.59,0.092590
2026-02-13,40,19,84.82,0.084820
2026-02-13,41,20,77.35,0.077350
2026-02-13,42,20,83.57,0.083570
2026-02-13,43,21,89.46,0.089460
2026-02-13,44,21,78.61,0.078610
2026-02-13,45,22,73.84,0.073840
2026-02-13,46,22,76.42,0.076420
2026-02-13,47,23,71.69,0.071690
2026-02-13,48,23,71.39,0.071390
2026-02-14,1,0,69.53,0.069530
2026-02-14,2,0,71.25,0.071250
2026-02-14,3,1,69.5,0.069500
2026-02-14,4,1,68.36,0.068360
2026-02-14,5,2,67.68,0.067680
2026-02-14,6,2,66.93,0.066930
2026-02-14,7,3,66.13,0.066130
2026-02-14,8,3,64.51,0.064510
2026-02-14,9,4,65.54,0.065540
2026-02-14,10,4,66.53,0.066530
2026-02-14,11,5,75.29,0.075290
2026-02-14,12,5,74.22,0.074220
2026-02-14,13,6,76.49,0.076490
2026-02-14,14,6,78.2,0.078200
2026-02-14,15,7,82.04,0.082040
2026-02-14,16,7,86.62,0.086620
2026-02-14,17,8,85.52,0.085520
2026-02-14,18,8,88.55,0.088550
2026-02-14,19,9,92.45,0.092450
2026-02-14,20,9,86.71,0.086710
2026-02-14,21,10,85.0,0.085000
2026-02-14,22,10,79.8,0.079800
2026-02-14,23,11,75.08,0.075080
2026-02-14,24,11,73.21,0.073210
2026-02-14,25,12,72.49,0.072490
2026-02-14,26,12,71.88,0.071880
2026-02-14,27,13,71.98,0.071980
2026-02-14,28,13,71.1,0.071100
2026-02-14,29,14,73.6,0.073600
2026-02-14,30,14,76.38,0.076380
2026-02-14,31,15,89.13,0.089130
2026-02-14,32,15,93.66,0.093660
2026-02-14,33,16,101.04,0.101040
2026-02-14,34,16,103.88,0.103880
2026-02-14,35,17,110.63,0.110630
2026-02-14,36,17,110.82,0.110820
2026-02-14,37,18,110.35,0.110350
2026-02-14,38,18,107.7,0.107700
2026-02-14,39,19,100.15,0.100150
2026-02-14,40,19,95.03,0.095030
2026-02-14,41,20,87.73,0.087730
2026-02-14,42,20,83.99,0.083990
2026-02-14,43,21,82.41,0.082410
2026-02-14,44,21,81.77,0.081770
2026-02-14,45,22,81.35,0.081350
2026-02-14,46,22,81.35,0.081350
2026-02-14,47,23,79.47,0.079470
2026-02-14,48,23,80.9,0.080900
2026-02-15,1,0,75.78,0.075780
2026-02-15,2,0,79.92,0.079920
2026-02-15,3,1,76.15,0.076150
2026-02-15,4,1,74.58,0.074580
2026-02-15,5,2,74.63,0.074630
2026-02-15,6,2,74.07,0.074070
2026-02-15,7,3,73.59,0.073590
2026-02-15,8,3,71.51,0.071510
2026-02-15,9,4,72.27,0.072270
2026-02-15,10,4,67.83,0.067830
2026-02-15,11,5,68.94,0.068940
2026-02-15,12,5,72.29,0.072290
2026-02-15,13,6,71.08,0.071080
2026-02-15,14,6,78.95,0.078950
2026-02-15,15,7,75.67,0.075670
2026-02-15,16,7,78.47,0.078470
2026-02-15,17,8,73.55,0.073550
2026-02-15,18,8,81.24,0.081240
2026-02-15,19,9,76.24,0.076240
2026-02-15,20,9,80.72,0.080720
2026-02-15,21,10,81.08,0.081080
2026-02-15,22,10,82.11,0.082110
2026-02-15,23,11,81.47,0.081470
2026-02-15,24,11,80.28,0.080280
2026-02-15,25,12,79.06,0.079060
2026-02-15,26,12,80.28,0.080280
2026-02-15,27,13,78.14,0.078140
2026-02-15,28,13,73.96,0.073960
2026-02-15,29,14,71.3,0.071300
2026-02-15,30,14,70.83,0.070830
2026-02-15,31,15,76.08,0.076080
2026-02-15,32,15,77.63,0.077630
2026-02-15,33,16,82.13,0.082130
2026-02-15,34,16,89.96,0.089960
2026-02-15,35,17,90.8,0.090800
2026-02-15,36,17,94.92,0.094920
2026-02-15,37,18,95.86,0.095860
2026-02-15,38,18,96.24,0.096240
2026-02-15,39,19,94.65,0.094650
2026-02-15,40,19,85.87,0.085870
2026-02-15,41,20,82.97,0.082970
2026-02-15,42,20,81.05,0.081050
2026-02-15,43,21,83.32,0.083320
2026-02-15,44,21,80.61,0.080610
2026-02-15,45,22,75.96,0.075960
2026-02-15,46,22,75.72,0.075720
2026-02-15,47,23,78.01,0.078010
2026-02-15,48,23,74.67,0.074670
2026-02-16,1,0,72.63,0.072630
2026-02-16,2,0,74.97,0.074970
2026-02-16,3,1,70.84,0.070840
2026-02-16,4,1,68.73,0.068730
2026-02-16,5,2,68.53,0.068530
2026-02-16,6,2,68.23,0.068230
2026-02-16,7,3,67.85,0.067850
2026-02-16,8,3,68.68,0.068680
2026-02-16,9,4,67.74,0.067740
2026-02-16,10,4,66.46,0.066460
2026-02-16,11,5,69.82,0.069820
2026-02-16,12,5,70.03,0.070030
2026-02-16,13,6,76.98,0.076980
2026-02-16,14,6,77.51,0.077510
2026-02-16,15,7,82.21,0.082210
2026-02-16,16,7,85.1,0.085100
2026-02-16,17,8,83.08,0.083080
2026-02-16,18,8,83.98,0.083980
2026-02-16,19,9,81.49,0.081490
2026-02-16,20,9,76.24,0.076240
2026-02-16,21,10,74.72,0.074720
2026-02-16,22,10,71.91,0.071910
2026-02-16,23,11,68.54,0.068540
2026-02-16,24,11,70.15,0.070150
2026-02-16,25,12,74.52,0.074520
2026-02-16,26,12,72.87,0.072870
2026-02-16,27,13,73.72,0.073720
2026-02-16,28,13,75.34,0.075340
2026-02-16,29,14,76.99,0.076990
2026-02-16,30,14,75.46,0.075460
2026-02-16,31,15,79.18,0.079180
2026-02-16,32,15,84.56,0.084560
2026-02-16,33,16,84.9,0.084900
2026-02-16,34,16,93.02,0.093020
2026-02-16,35,17,89.92,0.089920
2026-02-16,36,17,93.12,0.093120
2026-02-16,37,18,92.73,0.092730
2026-02-16,38,18,92.82,0.092820
2026-02-16,39,19,93.2,0.093200
2026-02-16,40,19,86.67,0.086670
2026-02-16,41,20,81.68,0.081680
2026-02-16,42,20,75.64,0.075640
2026-02-16,43,21,71.41,0.071410
2026-02-16,44,21,71.68,0.071680
2026-02-16,45,22,67.75,0.067750
2026-02-16,46,22,69.52,0.069520
2026-02-16,47,23,74.24,0.074240
2026-02-16,48,23,72.78,0.072780
2026-02-17,1,0,75.13,0.075130
2026-02-17,2,0,75.91,0.075910
2026-02-17,3,1,73.15,0.073150
2026-02-17,4,1,71.48,0.071480
2026-02-17,5,2,71.29,0.071290
2026-02-17,6,2,70.41,0.070410
2026-02-17,7,3,70.39,0.070390
2026-02-17,8,3,71.54,0.071540
2026-02-17,9,4,69.93,0.069930
2026-02-17,10,4,68.34,0.068340
2026-02-17,11,5,74.07,0.074070
2026-02-17,12,5,75.32,0.075320
2026-02-17,13,6,79.23,0.079230
2026-02-17,14,6,74.48,0.074480
2026-02-17,15,7,84.69,0.084690
2026-02-17,16,7,89.81,0.089810
2026-02-17,17,8,89.83,0.089830
2026-02-17,18,8,87.79,0.087790
2026-02-17,19,9,77.02,0.077020
2026-02-17,20,9,73.65,0.073650
2026-02-17,21,10,72.17,0.072170
2026-02-17,22,10,71.56,0.071560
2026-02-17,23,11,69.91,0.069910
2026-02-17,24,11,69.63,0.069630
2026-02-17,25,12,71.43,0.071430
2026-02-17,26,12,75.25,0.075250
2026-02-17,27,13,74.86,0.074860
2026-02-17,28,13,75.66,0.075660
2026-02-17,29,14,75.6,0.075600
2026-02-17,30,14,74.17,0.074170
2026-02-17,31,15,84.3,0.084300
2026-02-17,32,15,87.51,0.087510
2026-02-17,33,16,88.01,0.088010
2026-02-17,34,16,94.33,0.094330
2026-02-17,35,17,97.86,0.097860
2026-02-17,36,17,98.64,0.098640
2026-02-17,37,18,100.92,0.100920
2026-02-17,38,18,101.82,0.101820
2026-02-17,39,19,90.78,0.090780
2026-02-17,40,19,89.73,0.089730
2026-02-17,41,20,85.73,0.085730
2026-02-17,42,20,82.03,0.082030
2026-02-17,43,21,78.35,0.078350
2026-02-17,44,21,78.24,0.078240
2026-02-17,45,22,76.98,0.076980
2026-02-17,46,22,74.75,0.074750
2026-02-17,47,23,73.87,0.073870
2026-02-17,48,23,75.96,0.075960
2026-02-18,1,0,73.87,0.073870
2026-02-18,2,0,73.47,0.073470
2026-02-18,3,1,73.17,0.073170
2026-02-18,4,1,69.4,0.069400
2026-02-18,5,2,70.94,0.070940
2026-02-18,6,2,68.38,0.068380
2026-02-18,7,3,64.3,0.064300
2026-02-18,8,3,62.94,0.062940
2026-02-18,9,4,63.67,0.063670
2026-02-18,10,4,59.91,0.059910
2026-02-18,11,5,59.54,0.059540
2026-02-18,12,5,59.17,0.059170
2026-02-18,13,6,60.92,0.060920
2026-02-18,14,6,60.98,0.060980
2026-02-18,15,7,66.08,0.066080
2026-02-18,16,7,67.48,0.067480
2026-02-18,17,8,62.44,0.062440
2026-02-18,18,8,63.53,0.063530
2026-02-18,19,9,64.58,0.064580
2026-02-18,20,9,63.72,0.063720
2026-02-18,21,10,62.57,0.062570
2026-02-18,22,10,61.24,0.061240
2026-02-18,23,11,61.97,0.061970
2026-02-18,24,11,68.03,0.068030
2026-02-18,25,12,62.96,0.062960
2026-02-18,26,12,65.84,0.065840
2026-02-18,27,13,65.81,0.065810
2026-02-18,28,13,64.73,0.064730
2026-02-18,29,14,70.9,0.070900
2026-02-18,30,14,71.95,0.071950
2026-02-18,31,15,79.36,0.079360
2026-02-18,32,15,80.41,0.080410
2026-02-18,33,16,85.21,0.085210
2026-02-18,34,16,85.39,0.085390
2026-02-18,35,17,88.41,0.088410
2026-02-18,36,17,87.08,0.087080
2026-02-18,37,18,87.86,0.087860
2026-02-18,38,18,86.6,0.086600
2026-02-18,39,19,78.01,0.078010
2026-02-18,40,19,79.98,0.079980
2026-02-18,41,20,80.6,0.080600
2026-02-18,42,20,78.75,0.078750
2026-02-18,43,21,77.69,0.077690
2026-02-18,44,21,72.54,0.072540
2026-02-18,45,22,75.54,0.075540
2026-02-18,46,22,72.59,0.072590
2026-02-18,47,23,68.92,0.068920
2026-02-18,48,23,68.94,0.068940
2026-02-19,1,0,72.59,0.072590
2026-02-19,2,0,76.94,0.076940
2026-02-19,3,1,75.25,0.075250
2026-02-19,4,1,77.3,0.077300
2026-02-19,5,2,77.45,0.077450
2026-02-19,6,2,74.54,0.074540
2026-02-19,7,3,72.28,0.072280
2026-02-19,8,3,73.03,0.073030
2026-02-19,9,4,73.22,0.073220
2026-02-19,10,4,74.17,0.074170
2026-02-19,11,5,76.92,0.076920
2026-02-19,12,5,76.02,0.076020
2026-02-19,13,6,77.73,0.077730
2026-02-19,14,6,76.91,0.076910
2026-02-19,15,7,80.25,0.080250
2026-02-19,16,7,82.68,0.082680
2026-02-19,17,8,82.52,0.082520
2026-02-19,18,8,86.89,0.086890
2026-02-19,19,9,86.67,0.086670
2026-02-19,20,9,87.96,0.087960
2026-02-19,21,10,86.84,0.086840
2026-02-19,22,10,86.76,0.086760
2026-02-19,23,11,85.03,0.085030
2026-02-19,24,11,86.94,0.086940
2026-02-19,25,12,87.85,0.087850
2026-02-19,26,12,88.15,0.088150
2026-02-19,27,13,88.98,0.088980
2026-02-19,28,13,90.05,0.090050
2026-02-19,29,14,91.92,0.091920
2026-02-19,30,14,95.03,0.095030
2026-02-19,31,15,110.24,0.110240
2026-02-19,32,15,113.29,0.113290
2026-02-19,33,16,121.28,0.121280
2026-02-19,34,16,124.58,0.124580
2026-02-19,35,17,130.68,0.130680
2026-02-19,36,17,133.09,0.133090
2026-02-19,37,18,134.45,0.134450
2026-02-19,38,18,130.76,0.130760
2026-02-19,39,19,123.12,0.123120
2026-02-19,40,19,117.05,0.117050
2026-02-19,41,20,104.35,0.104350
2026-02-19,42,20,95.82,0.095820
2026-02-19,43,21,93.78,0.093780
2026-02-19,44,21,95.5,0.095500
2026-02-19,45,22,90.41,0.090410
2026-02-19,46,22,84.61,0.084610
2026-02-19,47,23,83.98,0.083980
2026-02-19,48,23,86.34,0.086340
2026-02-20,1,0,84.55,0.084550
2026-02-20,2,0,84.94,0.084940
2026-02-20,3,1,80.82,0.080820
2026-02-20,4,1,77.21,0.077210
2026-02-20,5,2,76.19,0.076190
2026-02-20,6,2,77.62,0.077620
2026-02-20,7,3,78.45,0.078450
2026-02-20,8,3,77.27,0.077270
2026-02-20,9,4,75.2,0.075200
2026-02-20,10,4,70.5,0.070500
2026-02-20,11,5,70.64,0.070640
2026-02-20,12,5,73.59,0.073590
2026-02-20,13,6,86.01,0.086010
2026-02-20,14,6,89.12,0.089120
2026-02-20,15,7,88.19,0.088190
2026-02-20,16,7,86.73,0.086730
2026-02-20,17,8,79.32,0.079320
2026-02-20,18,8,79.35,0.079350
2026-02-20,19,9,80.58,0.080580
2026-02-20,20,9,82.63,0.082630
2026-02-20,21,10,80.25,0.080250
2026-02-20,22,10,75.87,0.075870
2026-02-20,23,11,76.95,0.076950
2026-02-20,24,11,75.48,0.075480
2026-02-20,25,12,76.62,0.076620
2026-02-20,26,12,71.77,0.071770
2026-02-20,27,13,70.4,0.070400
2026-02-20,28,13,70.55,0.070550
2026-02-20,29,14,75.38,0.075380
2026-02-20,30,14,75.23,0.075230
2026-02-20,31,15,78.2,0.078200
2026-02-20,32,15,76.65,0.076650
2026-02-20,33,16,69.56,0.069560
2026-02-20,34,16,73.75,0.073750
2026-02-20,35,17,77.04,0.077040
2026-02-20,36,17,80.13,0.080130
2026-02-20,37,18,80.67,0.080670
2026-02-20,38,18,79.3,0.079300
2026-02-20,39,19,74.19,0.074190
2026-02-20,40,19,76.76,0.076760
2026-02-20,41,20,78.28,0.078280
2026-02-20,42,20,76.58,0.076580
2026-02-20,43,21,72.29,0.072290
2026-02-20,44,21,64.51,0.064510
2026-02-20,45,22,69.43,0.069430
2026-02-20,46,22,64.07,0.064070
2026-02-20,47,23,61.74,0.061740
2026-02-20,48,23,52.38,0.052380
2026-02-21,1,0,53.08,0.053080
2026-02-21,2,0,61.99,0.061990
2026-02-21,3,1,63.47,0.063470
2026-02-21,4,1,61.93,0.061930
2026-02-21,5,2,58.57,0.058570
2026-02-21,6,2,59.23,0.059230
2026-02-21,7,3,55.58,0.055580
2026-02-21,8,3,50.58,0.050580
2026-02-21,9,4,44.94,0.044940
2026-02-21,10,4,34.29,0.034290
2026-02-21,11,5,26.66,0.026660
2026-02-21,12,5,29.49,0.029490
2026-02-21,13,6,43.44,0.043440
2026-02-21,14,6,58.02,0.058020
2026-02-21,15,7,65.58,0.065580
2026-02-21,16,7,70.41,0.070410
2026-02-21,17,8,81.4,0.081400
2026-02-21,18,8,86.24,0.086240
2026-02-21,19,9,86.2,0.086200
2026-02-21,20,9,85.57,0.085570
2026-02-21,21,10,85.64,0.085640
2026-02-21,22,10,86.21,0.086210
2026-02-21,23,11,87.32,0.087320
2026-02-21,24,11,85.5,0.085500
2026-02-21,25,12,86.19,0.086190
2026-02-21,26,12,81.56,0.081560
2026-02-21,27,13,79.07,0.079070
2026-02-21,28,13,79.51,0.079510
2026-02-21,29,14,79.93,0.079930
2026-02-21,30,14,81.62,0.081620
2026-02-21,31,15,88.66,0.088660
2026-02-21,32,15,93.23,0.093230
2026-02-21,33,16,97.49,0.097490
2026-02-21,34,16,99.37,0.099370
2026-02-21,35,17,98.82,0.098820
2026-02-21,36,17,99.71,0.099710
2026-02-21,37,18,98.22,0.098220
2026-02-21,38,18,91.91,0.091910
2026-02-21,39,19,79.78,0.079780
2026-02-21,40,19,78.51,0.078510
2026-02-21,41,20,76.35,0.076350
2026-02-21,42,20,73.17,0.073170
2026-02-21,43,21,68.97,0.068970
2026-02-21,44,21,59.37,0.059370
2026-02-21,45,22,57.44,0.057440
2026-02-21,46,22,49.36,0.049360
2026-02-21,47,23,41.0,0.041000
2026-02-21,48,23,42.29,0.042290
2026-02-22,1,0,53.58,0.053580
2026-02-22,2,0,61.56,0.061560
2026-02-22,3,1,56.62,0.056620
2026-02-22,4,1,42.17,0.042170
2026-02-22,5,2,43.49,0.043490
2026-02-22,6,2,32.22,0.032220
2026-02-22,7,3,44.83,0.044830
2026-02-22,8,3,41.99,0.041990
2026-02-22,9,4,38.1,0.038100
2026-02-22,10,4,35.61,0.035610
2026-02-22,11,5,34.54,0.034540
2026-02-22,12,5,30.89,0.030890
2026-02-22,13,6,34.69,0.034690
2026-02-22,14,6,32.11,0.032110
2026-02-22,15,7,29.36,0.029360
2026-02-22,16,7,25.85,0.025850
2026-02-22,17,8,26.38,0.026380
2026-02-22,18,8,26.29,0.026290
2026-02-22,19,9,30.44,0.030440
2026-02-22,20,9,31.07,0.031070
2026-02-22,21,10,27.28,0.027280
2026-02-22,22,10,27.3,0.027300
2026-02-22,23,11,21.91,0.021910
2026-02-22,24,11,24.17,0.024170
2026-02-22,25,12,39.13,0.039130
2026-02-22,26,12,38.57,0.038570
2026-02-22,27,13,46.42,0.046420
2026-02-22,28,13,38.62,0.038620
2026-02-22,29,14,37.69,0.037690
2026-02-22,30,14,44.76,0.044760
2026-02-22,31,15,63.68,0.063680
2026-02-22,32,15,75.14,0.075140
2026-02-22,33,16,83.16,0.083160
2026-02-22,34,16,88.5,0.088500
2026-02-22,35,17,92.06,0.092060
2026-02-22,36,17,95.14,0.095140
2026-02-22,37,18,97.03,0.097030
2026-02-22,38,18,97.34,0.097340
2026-02-22,39,19,87.79,0.087790
2026-02-22,40,19,78.45,0.078450
2026-02-22,41,20,76.08,0.076080
2026-02-22,42,20,65.11,0.065110
2026-02-22,43,21,55.95,0.055950
2026-02-22,44,21,39.22,0.039220
2026-02-22,45,22,46.33,0.046330
2026-02-22,46,22,29.58,0.029580
2026-02-22,47,23,24.32,0.024320
2026-02-22,48,23,28.74,0.028740
2026-02-23,1,0,28.2,0.028200
2026-02-23,2,0,34.35,0.034350
2026-02-23,3,1,32.27,0.032270
2026-02-23,4,1,25.04,0.025040
2026-02-23,5,2,23.27,0.023270
2026-02-23,6,2,19.44,0.019440
2026-02-23,7,3,9.97,0.009970
2026-02-23,8,3,5.62,0.005620
2026-02-23,13,6,14.04,0.014040
2026-02-23,14,6,63.15,0.063150
2026-02-23,15,7,70.1,0.070100
2026-02-23,16,7,79.56,0.079560
2026-02-23,17,8,79.02,0.079020
2026-02-23,18,8,79.74,0.079740
2026-02-23,19,9,78.72,0.078720
2026-02-23,20,9,74.15,0.074150
2026-02-23,21,10,75.75,0.075750
2026-02-23,22,10,75.2,0.075200
2026-02-23,23,11,73.23,0.073230
2026-02-23,24,11,70.94,0.070940
2026-02-23,25,12,71.76,0.071760
2026-02-23,26,12,72.69,0.072690
2026-02-23,27,13,75.06,0.075060
2026-02-23,28,13,75.61,0.075610
2026-02-23,29,14,77.73,0.077730
2026-02-23,30,14,73.15,0.073150
2026-02-23,31,15,78.93,0.078930
2026-02-23,32,15,76.05,0.076050
2026-02-23,33,16,81.16,0.081160
2026-02-23,34,16,92.96,0.092960
2026-02-23,35,17,93.78,0.093780
2026-02-23,36,17,98.13,0.098130
2026-02-23,37,18,96.19,0.096190
2026-02-23,38,18,96.19,0.096190
2026-02-23,39,19,96.87,0.096870
2026-02-23,40,19,96.15,0.096150
2026-02-23,41,20,100.96,0.100960
2026-02-23,42,20,96.58,0.096580
2026-02-23,43,21,93.25,0.093250
2026-02-23,44,21,81.61,0.081610
2026-02-23,45,22,79.79,0.079790
2026-02-23,46,22,81.67,0.081670
2026-02-23,47,23,92.85,0.092850
2026-02-23,48,23,92.1,0.092100
2026-02-24,1,0,95.67,0.095670
2026-02-24,2,0,101.09,0.101090
2026-02-24,3,1,98.88,0.098880
2026-02-24,4,1,96.37,0.096370
2026-02-24,5,2,96.55,0.096550
2026-02-24,6,2,93.41,0.093410
2026-02-24,7,3,97.81,0.097810
2026-02-24,8,3,98.08,0.098080
2026-02-24,9,4,95.9,0.095900
2026-02-24,10,4,99.14,0.099140
2026-02-24,11,5,104.56,0.104560
2026-02-24,12,5,100.7,0.100700
2026-02-24,13,6,99.64,0.099640
2026-02-24,14,6,101.05,0.101050
2026-02-24,15,7,99.02,0.099020
2026-02-24,16,7,97.93,0.097930
2026-02-24,17,8,95.67,0.095670
2026-02-24,18,8,94.44,0.094440
2026-02-24,19,9,88.85,0.088850
2026-02-24,20,9,85.58,0.085580
2026-02-24,21,10,83.83,0.083830
2026-02-24,22,10,77.01,0.077010
2026-02-24,23,11,70.23,0.070230
2026-02-24,24,11,70.4,0.070400
2026-02-24,25,12,71.61,0.071610
2026-02-24,26,12,71.1,0.071100
2026-02-24,27,13,67.26,0.067260
2026-02-24,28,13,66.09,0.066090
2026-02-24,29,14,67.32,0.067320
2026-02-24,30,14,62.97,0.062970
2026-02-24,31,15,50.7,0.050700
2026-02-24,32,15,56.38,0.056380
2026-02-24,33,16,59.89,0.059890
2026-02-24,34,16,68.05,0.068050
2026-02-24,35,17,86.03,0.086030
2026-02-24,36,17,89.27,0.089270
2026-02-24,37,18,91.89,0.091890
2026-02-24,38,18,93.15,0.093150
2026-02-24,39,19,95.3,0.095300
2026-02-24,40,19,88.04,0.088040
2026-02-24,41,20,79.44,0.079440
2026-02-24,42,20,73.79,0.073790
2026-02-24,43,21,75.64,0.075640
2026-02-24,44,21,75.61,0.075610
2026-02-24,45,22,72.61,0.072610
2026-02-24,46,22,69.09,0.069090
2026-02-24,47,23,52.96,0.052960
2026-02-24,48,23,61.99,0.061990
2026-02-25,1,0,57.95,0.057950
2026-02-25,2,0,62.02,0.062020
2026-02-25,3,1,62.54,0.062540
2026-02-25,4,1,61.58,0.061580
2026-02-25,5,2,60.92,0.060920
2026-02-25,6,2,64.66,0.064660
2026-02-25,7,3,65.04,0.065040
2026-02-25,8,3,64.76,0.064760
2026-02-25,9,4,65.71,0.065710
2026-02-25,10,4,66.61,0.066610
2026-02-25,11,5,75.47,0.075470
2026-02-25,12,5,76.14,0.076140
2026-02-25,13,6,78.91,0.078910
2026-02-25,14,6,84.66,0.084660
2026-02-25,15,7,89.49,0.089490
2026-02-25,16,7,91.46,0.091460
2026-02-25,17,8,88.4,0.088400
2026-02-25,18,8,89.82,0.089820
2026-02-25,19,9,77.72,0.077720
2026-02-25,20,9,72.68,0.072680
2026-02-25,21,10,74.95,0.074950
2026-02-25,22,10,71.47,0.071470
2026-02-25,23,11,67.83,0.067830
2026-02-25,24,11,63.91,0.063910
2026-02-25,25,12,62.83,0.062830
2026-02-25,26,12,63.0,0.063000
2026-02-25,27,13,69.19,0.069190
2026-02-25,28,13,69.72,0.069720
2026-02-25,29,14,64.36,0.064360
2026-02-25,30,14,63.84,0.063840
2026-02-25,31,15,82.28,0.082280
2026-02-25,32,15,86.42,0.086420
2026-02-25,33,16,91.66,0.091660
2026-02-25,34,16,93.21,0.093210
2026-02-25,35,17,92.47,0.092470
2026-02-25,36,17,95.41,0.095410
2026-02-25,37,18,95.4,0.095400
2026-02-25,38,18,98.5,0.098500
2026-02-25,39,19,87.25,0.087250
2026-02-25,40,19,84.65,0.084650
2026-02-25,41,20,76.61,0.076610
2026-02-25,42,20,73.4,0.073400
2026-02-25,43,21,74.71,0.074710
2026-02-25,44,21,73.01,0.073010
2026-02-25,45,22,71.12,0.071120
2026-02-25,46,22,68.28,0.068280
2026-02-25,47,23,62.65,0.062650
2026-02-25,48,23,56.92,0.056920
2026-02-26,1,0,51.4,0.051400
2026-02-26,2,0,47.68,0.047680
2026-02-26,3,1,42.02,0.042020
2026-02-26,4,1,36.97,0.036970
2026-02-26,5,2,32.36,0.032360
2026-02-26,6,2,28.28,0.028280
2026-02-26,7,3,15.95,0.015950
2026-02-26,8,3,9.19,0.009190
2026-02-26,9,4,10.11,0.010110
2026-02-26,10,4,8.5,0.008500
2026-02-26,11,5,14.14,0.014140
2026-02-26,12,5,36.25,0.036250
2026-02-26,13,6,47.94,0.047940
2026-02-26,14,6,54.16,0.054160
2026-02-26,15,7,66.68,0.066680
2026-02-26,16,7,63.38,0.063380
2026-02-26,17,8,51.24,0.051240
2026-02-26,18,8,53.88,0.053880
2026-02-26,19,9,50.17,0.050170
2026-02-26,20,9,46.04,0.046040
2026-02-26,21,10,46.61,0.046610
2026-02-26,22,10,49.82,0.049820
2026-02-26,23,11,47.64,0.047640
2026-02-26,24,11,47.04,0.047040
2026-02-26,25,12,51.91,0.051910
2026-02-26,26,12,47.62,0.047620
2026-02-26,27,13,48.7,0.048700
2026-02-26,28,13,50.54,0.050540
2026-02-26,29,14,52.93,0.052930
2026-02-26,30,14,49.71,0.049710
2026-02-26,31,15,61.04,0.061040
2026-02-26,32,15,64.15,0.064150
2026-02-26,33,16,69.29,0.069290
2026-02-26,34,16,80.44,0.080440
2026-02-26,35,17,74.17,0.074170
2026-02-26,36,17,81.39,0.081390
2026-02-26,37,18,80.52,0.080520
2026-02-26,38,18,82.36,0.082360
2026-02-26,39,19,71.35,0.071350
2026-02-26,40,19,71.95,0.071950
2026-02-26,41,20,71.93,0.071930
2026-02-26,42,20,63.6,0.063600
2026-02-26,43,21,57.14,0.057140
2026-02-26,44,21,47.01,0.047010
2026-02-26,45,22,39.54,0.039540
2026-02-26,46,22,35.86,0.035860
2026-02-26,47,23,26.54,0.026540
2026-02-26,48,23,27.3,0.027300
2026-02-27,1,0,27.73,0.027730
2026-02-27,2,0,30.2,0.030200
2026-02-27,3,1,30.58,0.030580
2026-02-27,4,1,29.54,0.029540
2026-02-27,5,2,28.47,0.028470
2026-02-27,6,2,29.56,0.029560
2026-02-27,7,3,39.94,0.039940
2026-02-27,8,3,48.59,0.048590
2026-02-27,9,4,55.82,0.055820
2026-02-27,10,4,61.61,0.061610
2026-02-27,11,5,74.11,0.074110
2026-02-27,12,5,80.93,0.080930
2026-02-27,13,6,84.72,0.084720
2026-02-27,14,6,77.17,0.077170
2026-02-27,15,7,71.44,0.071440
2026-02-27,16,7,70.38,0.070380
2026-02-27,17,8,72.37,0.072370
2026-02-27,18,8,72.16,0.072160
2026-02-27,19,9,69.88,0.069880
2026-02-27,20,9,70.23,0.070230
2026-02-27,21,10,70.36,0.070360
2026-02-27,22,10,71.67,0.071670
2026-02-27,23,11,72.12,0.072120
2026-02-27,24,11,72.38,0.072380
2026-02-27,25,12,76.72,0.076720
2026-02-27,26,12,80.28,0.080280
2026-02-27,27,13,81.6,0.081600
2026-02-27,28,13,83.15,0.083150
2026-02-27,29,14,83.01,0.083010
2026-02-27,30,14,82.35,0.082350
2026-02-27,31,15,85.07,0.085070
2026-02-27,32,15,91.15,0.091150
2026-02-27,33,16,99.79,0.099790
2026-02-27,34,16,103.16,0.103160
2026-02-27,35,17,106.65,0.106650
2026-02-27,36,17,106.88,0.106880
2026-02-27,37,18,100.82,0.100820
2026-02-27,38,18,99.37,0.099370
2026-02-27,39,19,91.75,0.091750
2026-02-27,40,19,89.82,0.089820
2026-02-27,41,20,86.73,0.086730
2026-02-27,42,20,80.24,0.080240
2026-02-27,43,21,78.74,0.078740
2026-02-27,44,21,80.42,0.080420
2026-02-27,45,22,78.6,0.078600
2026-02-27,46,22,77.19,0.077190
2026-02-27,47,23,77.19,0.077190
2026-02-27,48,23,76.25,0.076250
2026-02-28,1,0,81.83,0.081830
2026-02-28,2,0,84.05,0.084050
2026-02-28,3,1,80.72,0.080720
2026-02-28,4,1,78.35,0.078350
2026-02-28,5,2,77.87,0.077870
2026-02-28,6,2,74.36,0.074360
2026-02-28,7,3,70.98,0.070980
2026-02-28,8,3,71.12,0.071120
2026-02-28,9,4,70.5,0.070500
2026-02-28,10,4,70.51,0.070510
2026-02-28,11,5,67.75,0.067750
2026-02-28,12,5,67.62,0.067620
2026-02-28,13,6,69.11,0.069110
2026-02-28,14,6,70.78,0.070780
2026-02-28,15,7,70.52,0.070520
2026-02-28,16,7,77.73,0.077730
2026-02-28,17,8,83.65,0.083650
2026-02-28,18,8,83.48,0.083480
2026-02-28,19,9,74.99,0.074990
2026-02-28,20,9,71.44,0.071440
2026-02-28,21,10,67.09,0.067090
2026-02-28,22,10,63.73,0.063730
2026-02-28,23,11,60.08,0.060080
2026-02-28,24,11,59.36,0.059360
2026-02-28,25,12,61.76,0.061760
2026-02-28,26,12,64.71,0.064710
2026-02-28,27,13,65.19,0.065190
2026-02-28,28,13,63.59,0.063590
2026-02-28,29,14,66.62,0.066620
2026-02-28,30,14,67.92,0.067920
2026-02-28,31,15,72.66,0.072660
2026-02-28,32,15,76.14,0.076140
2026-02-28,33,16,86.49,0.086490
2026-02-28,34,16,104.23,0.104230
2026-02-28,35,17,108.33,0.108330
2026-02-28,36,17,108.39,0.108390
2026-02-28,37,18,111.6,0.111600
2026-02-28,38,18,108.13,0.108130
2026-02-28,39,19,106.03,0.106030
2026-02-28,40,19,102.09,0.102090
2026-02-28,41,20,93.43,0.093430
2026-02-28,42,20,83.36,0.083360
2026-02-28,43,21,86.02,0.086020
2026-02-28,44,21,87.25,0.087250
2026-02-28,45,22,90.83,0.090830
2026-02-28,46,22,88.31,0.088310
2026-02-28,47,23,89.46,0.089460
2026-02-28,48,23,89.33,0.089330
2026-03-01,1,0,87.9,0.087900
2026-03-01,2,0,89.36,0.089360
2026-03-01,3,1,87.99,0.087990
2026-03-01,4,1,76.91,0.076910
2026-03-01,5,2,71.82,0.071820
2026-03-01,6,2,63.41,0.063410
2026-03-01,7,3,53.22,0.053220
2026-03-01,8,3,43.41,0.043410
2026-03-01,9,4,42.28,0.042280
2026-03-01,10,4,42.37,0.042370
2026-03-01,11,5,39.6,0.039600
2026-03-01,12,5,36.99,0.036990
2026-03-01,13,6,33.6,0.033600
2026-03-01,14,6,29.47,0.029470
2026-03-01,15,7,26.72,0.026720
2026-03-01,16,7,23.08,0.023080
2026-03-01,17,8,15.94,0.015940
2026-03-01,18,8,15.81,0.015810
2026-03-01,19,9,8.57,0.008570
2026-03-01,20,9,6.3,0.006300
2026-03-01,21,10,2.92,0.002920
2026-03-01,26,12,3.78,0.003780
2026-03-01,27,13,5.0,0.005000
2026-03-01,28,13,7.03,0.007030
2026-03-01,29,14,18.16,0.018160
2026-03-01,30,14,20.97,0.020970
2026-03-01,31,15,62.4,0.062400
2026-03-01,32,15,67.58,0.067580
2026-03-01,33,16,69.46,0.069460
2026-03-01,34,16,82.71,0.082710
2026-03-01,35,17,91.18,0.091180
2026-03-01,36,17,96.65,0.096650
2026-03-01,37,18,90.92,0.090920
2026-03-01,38,18,85.69,0.085690
2026-03-01,39,19,81.19,0.081190
2026-03-01,40,19,71.54,0.071540
2026-03-01,41,20,77.19,0.077190
2026-03-01,42,20,63.5,0.063500
2026-03-01,43,21,63.18,0.063180
2026-03-01,44,21,54.22,0.054220
2026-03-01,45,22,48.61,0.048610
2026-03-01,46,22,35.7,0.035700
2026-03-01,47,23,30.38,0.030380
2026-03-01,48,23,30.35,0.030350
2026-03-02,1,0,28.89,0.028890
2026-03-02,2,0,29.32,0.029320
2026-03-02,3,1,24.73,0.024730
2026-03-02,4,1,22.66,0.022660
2026-03-02,5,2,23.62,0.023620
2026-03-02,6,2,20.63,0.020630
2026-03-02,7,3,33.59,0.033590
2026-03-02,8,3,34.1,0.034100
2026-03-02,9,4,39.33,0.039330
2026-03-02,10,4,49.13,0.049130
2026-03-02,11,5,68.73,0.068730
2026-03-02,12,5,78.26,0.078260
2026-03-02,13,6,82.2,0.082200
2026-03-02,14,6,90.41,0.090410
2026-03-02,15,7,95.71,0.095710
2026-03-02,16,7,102.71,0.102710
2026-03-02,17,8,94.78,0.094780
2026-03-02,18,8,95.97,0.095970
2026-03-02,19,9,94.25,0.094250
2026-03-02,20,9,95.07,0.095070
2026-03-02,21,10,93.59,0.093590
2026-03-02,22,10,81.96,0.081960
2026-03-02,23,11,74.05,0.074050
2026-03-02,24,11,70.88,0.070880
2026-03-02,25,12,56.89,0.056890
2026-03-02,26,12,53.0,0.053000
2026-03-02,27,13,46.99,0.046990
2026-03-02,28,13,40.2,0.040200
2026-03-02,29,14,45.22,0.045220
2026-03-02,30,14,38.45,0.038450
2026-03-02,31,15,65.63,0.065630
2026-03-02,32,15,86.14,0.086140
2026-03-02,33,16,88.83,0.088830
2026-03-02,34,16,97.69,0.097690
2026-03-02,35,17,112.53,0.112530
2026-03-02,36,17,117.55,0.117550
2026-03-02,37,18,115.37,0.115370
2026-03-02,38,18,115.69,0.115690
2026-03-02,39,19,95.9,0.095900
2026-03-02,40,19,93.35,0.093350
2026-03-02,41,20,84.29,0.084290
2026-03-02,42,20,84.42,0.084420
2026-03-02,43,21,81.3,0.081300
2026-03-02,44,21,81.45,0.081450
2026-03-02,45,22,83.01,0.083010
2026-03-02,46,22,84.05,0.084050
2026-03-02,47,23,83.65,0.083650
2026-03-02,48,23,91.7,0.091700
2026-03-03,1,0,96.01,0.096010
2026-03-03,2,0,103.93,0.103930
2026-03-03,3,1,108.88,0.108880
2026-03-03,4,1,108.68,0.108680
2026-03-03,5,2,106.47,0.106470
2026-03-03,6,2,105.68,0.105680
2026-03-03,7,3,103.13,0.103130
2026-03-03,8,3,105.57,0.105570
2026-03-03,9,4,105.14,0.105140
2026-03-03,10,4,100.64,0.100640
2026-03-03,11,5,123.98,0.123980
2026-03-03,12,5,118.61,0.118610
2026-03-03,13,6,121.71,0.121710
2026-03-03,14,6,131.34,0.131340
2026-03-03,15,7,118.71,0.118710
2026-03-03,16,7,121.25,0.121250
2026-03-03,17,8,113.27,0.113270
2026-03-03,18,8,111.13,0.111130
2026-03-03,19,9,112.83,0.112830
2026-03-03,20,9,108.05,0.108050
2026-03-03,21,10,103.87,0.103870
2026-03-03,22,10,101.81,0.101810
2026-03-03,23,11,106.86,0.106860
2026-03-03,24,11,105.34,0.105340
2026-03-03,25,12,106.93,0.106930
2026-03-03,26,12,106.45,0.106450
2026-03-03,27,13,107.03,0.107030
2026-03-03,28,13,110.36,0.110360
2026-03-03,29,14,109.75,0.109750
2026-03-03,30,14,110.32,0.110320
2026-03-03,31,15,125.8,0.125800
2026-03-03,32,15,123.47,0.123470
2026-03-03,33,16,131.46,0.131460
2026-03-03,34,16,148.5,0.148500
2026-03-03,35,17,149.18,0.149180
2026-03-03,36,17,153.99,0.153990
2026-03-03,37,18,158.22,0.158220
2026-03-03,38,18,150.26,0.150260
2026-03-03,39,19,132.85,0.132850
2026-03-03,40,19,134.03,0.134030
2026-03-03,41,20,129.3,0.129300
2026-03-03,42,20,118.86,0.118860
2026-03-03,43,21,116.29,0.116290
2026-03-03,44,21,113.67,0.113670
2026-03-03,45,22,111.55,0.111550
2026-03-03,46,22,107.37,0.107370
2026-03-03,47,23,98.76,0.098760
2026-03-03,48,23,98.53,0.098530
2026-03-04,1,0,101.3,0.101300
2026-03-04,2,0,102.36,0.102360
2026-03-04,3,1,101.42,0.101420
2026-03-04,4,1,105.31,0.105310
2026-03-04,5,2,108.53,0.108530
2026-03-04,6,2,105.42,0.105420
2026-03-04,7,3,102.57,0.102570
2026-03-04,8,3,100.8,0.100800
2026-03-04,9,4,102.93,0.102930
2026-03-04,10,4,102.99,0.102990
2026-03-04,11,5,119.23,0.119230
2026-03-04,12,5,122.75,0.122750
2026-03-04,13,6,136.91,0.136910
2026-03-04,14,6,142.21,0.142210
2026-03-04,15,7,143.65,0.143650
2026-03-04,16,7,145.0,0.145000
2026-03-04,17,8,142.12,0.142120
2026-03-04,18,8,143.47,0.143470
2026-03-04,19,9,146.53,0.146530
2026-03-04,20,9,151.7,0.151700
2026-03-04,21,10,154.29,0.154290
2026-03-04,22,10,155.23,0.155230
2026-03-04,23,11,139.79,0.139790
2026-03-04,24,11,131.23,0.131230
2026-03-04,25,12,125.78,0.125780
2026-03-04,26,12,117.14,0.117140
2026-03-04,27,13,109.68,0.109680
2026-03-04,28,13,106.41,0.106410
2026-03-04,29,14,103.48,0.103480
2026-03-04,30,14,104.29,0.104290
2026-03-04,31,15,106.21,0.106210
2026-03-04,32,15,105.66,0.105660
2026-03-04,33,16,125.69,0.125690
2026-03-04,34,16,129.68,0.129680
2026-03-04,35,17,133.93,0.133930
2026-03-04,36,17,138.25,0.138250
2026-03-04,37,18,140.53,0.140530
2026-03-04,38,18,146.83,0.146830
2026-03-04,39,19,135.74,0.135740
2026-03-04,40,19,125.5,0.125500
2026-03-04,41,20,118.86,0.118860
2026-03-04,42,20,112.5,0.112500
2026-03-04,43,21,107.26,0.107260
2026-03-04,44,21,103.72,0.103720
2026-03-04,45,22,99.57,0.099570
2026-03-04,46,22,100.19,0.100190
2026-03-04,47,23,100.76,0.100760
2026-03-04,48,23,94.6,0.094600
2026-03-05,1,0,94.91,0.094910
2026-03-05,2,0,92.91,0.092910
2026-03-05,3,1,95.36,0.095360
2026-03-05,4,1,89.39,0.089390
2026-03-05,5,2,87.76,0.087760
2026-03-05,6,2,82.01,0.082010
2026-03-05,7,3,84.23,0.084230
2026-03-05,8,3,82.83,0.082830
2026-03-05,9,4,82.96,0.082960
2026-03-05,10,4,86.48,0.086480
2026-03-05,11,5,99.34,0.099340
2026-03-05,12,5,102.83,0.102830
2026-03-05,13,6,111.77,0.111770
2026-03-05,14,6,124.91,0.124910
2026-03-05,15,7,121.31,0.121310
2026-03-05,16,7,130.52,0.130520
2026-03-05,17,8,132.46,0.132460
2026-03-05,18,8,130.88,0.130880
2026-03-05,19,9,130.09,0.130090
2026-03-05,20,9,125.79,0.125790
2026-03-05,21,10,121.45,0.121450
2026-03-05,22,10,121.34,0.121340
2026-03-05,23,11,119.01,0.119010
2026-03-05,24,11,114.71,0.114710
2026-03-05,25,12,111.97,0.111970
2026-03-05,26,12,114.8,0.114800
2026-03-05,27,13,110.15,0.110150
2026-03-05,28,13,110.33,0.110330
2026-03-05,29,14,106.64,0.106640
2026-03-05,30,14,108.39,0.108390
2026-03-05,31,15,107.7,0.107700
2026-03-05,32,15,105.35,0.105350
2026-03-05,33,16,118.89,0.118890
2026-03-05,34,16,124.53,0.124530
2026-03-05,35,17,129.82,0.129820
2026-03-05,36,17,125.57,0.125570
2026-03-05,37,18,120.3,0.120300
2026-03-05,38,18,120.58,0.120580
2026-03-05,39,19,98.11,0.098110
2026-03-05,40,19,95.91,0.095910
2026-03-05,41,20,95.45,0.095450
2026-03-05,42,20,101.07,0.101070
2026-03-05,43,21,98.63,0.098630
2026-03-05,44,21,97.68,0.097680
2026-03-05,45,22,99.84,0.099840
2026-03-05,46,22,93.81,0.093810
2026-03-05,47,23,90.93,0.090930
2026-03-05,48,23,97.71,0.097710
2026-03-06,1,0,91.73,0.091730
2026-03-06,2,0,98.56,0.098560
2026-03-06,3,1,100.42,0.100420
2026-03-06,4,1,99.43,0.099430
2026-03-06,5,2,97.16,0.097160
2026-03-06,6,2,94.38,0.094380
2026-03-06,7,3,96.87,0.096870
2026-03-06,8,3,93.99,0.093990
2026-03-06,9,4,94.74,0.094740
2026-03-06,10,4,98.75,0.098750
2026-03-06,11,5,109.33,0.109330
2026-03-06,12,5,105.6,0.105600
2026-03-06,13,6,106.11,0.106110
2026-03-06,14,6,110.78,0.110780
2026-03-06,15,7,104.06,0.104060
2026-03-06,16,7,113.18,0.113180
2026-03-06,17,8,99.49,0.099490
2026-03-06,18,8,100.38,0.100380
2026-03-06,19,9,96.97,0.096970
2026-03-06,20,9,98.12,0.098120
2026-03-06,21,10,103.37,0.103370
2026-03-06,22,10,103.73,0.103730
2026-03-06,23,11,100.79,0.100790
2026-03-06,24,11,101.81,0.101810
2026-03-06,25,12,101.71,0.101710
2026-03-06,26,12,101.07,0.101070
2026-03-06,27,13,100.8,0.100800
2026-03-06,28,13,98.5,0.098500
2026-03-06,29,14,94.02,0.094020
2026-03-06,30,14,89.57,0.089570
2026-03-06,31,15,116.16,0.116160
2026-03-06,32,15,119.02,0.119020
2026-03-06,33,16,130.71,0.130710
2026-03-06,34,16,135.64,0.135640
2026-03-06,35,17,147.46,0.147460
2026-03-06,36,17,153.77,0.153770
2026-03-06,37,18,154.34,0.154340
2026-03-06,38,18,156.99,0.156990
2026-03-06,39,19,128.7,0.128700
2026-03-06,40,19,129.07,0.129070
2026-03-06,41,20,127.14,0.127140
2026-03-06,42,20,117.73,0.117730
2026-03-06,43,21,118.12,0.118120
2026-03-06,44,21,121.0,0.121000
2026-03-06,45,22,119.72,0.119720
2026-03-06,46,22,117.1,0.117100
2026-03-06,47,23,118.42,0.118420
2026-03-06,48,23,125.07,0.125070
2026-03-07,1,0,123.98,0.123980
2026-03-07,2,0,121.29,0.121290
2026-03-07,3,1,118.24,0.118240
2026-03-07,4,1,112.11,0.112110
2026-03-07,5,2,116.47,0.116470
2026-03-07,6,2,113.61,0.113610
2026-03-07,7,3,113.81,0.113810
2026-03-07,8,3,114.59,0.114590
2026-03-07,9,4,116.45,0.116450
2026-03-07,10,4,118.55,0.118550
2026-03-07,11,5,123.71,0.123710
2026-03-07,12,5,124.59,0.124590
2026-03-07,13,6,125.55,0.125550
2026-03-07,14,6,129.64,0.129640
2026-03-07,15,7,123.24,0.123240
2026-03-07,16,7,129.59,0.129590
2026-03-07,17,8,137.12,0.137120
2026-03-07,18,8,139.76,0.139760
2026-03-07,19,9,140.83,0.140830
2026-03-07,20,9,138.33,0.138330
2026-03-07,21,10,137.75,0.137750
2026-03-07,22,10,135.0,0.135000
2026-03-07,23,11,123.02,0.123020
2026-03-07,24,11,121.23,0.121230
2026-03-07,25,12,125.73,0.125730
2026-03-07,26,12,122.64,0.122640
2026-03-07,27,13,121.67,0.121670
2026-03-07,28,13,122.48,0.122480
2026-03-07,29,14,122.34,0.122340
2026-03-07,30,14,123.52,0.123520
2026-03-07,31,15,130.44,0.130440
2026-03-07,32,15,129.96,0.129960
2026-03-07,33,16,141.67,0.141670
2026-03-07,34,16,149.67,0.149670
2026-03-07,35,17,154.45,0.154450
2026-03-07,36,17,158.71,0.158710
2026-03-07,37,18,155.6,0.155600
2026-03-07,38,18,154.72,0.154720
2026-03-07,39,19,143.75,0.143750
2026-03-07,40,19,137.63,0.137630
2026-03-07,41,20,133.52,0.133520
2026-03-07,42,20,121.0,0.121000
2026-03-07,43,21,123.53,0.123530
2026-03-07,44,21,121.81,0.121810
2026-03-07,45,22,120.38,0.120380
2026-03-07,46,22,121.16,0.121160
2026-03-07,47,23,113.75,0.113750
2026-03-07,48,23,110.18,0.110180
2026-03-08,1,0,114.98,0.114980
2026-03-08,2,0,122.37,0.122370
2026-03-08,3,1,119.46,0.119460
2026-03-08,4,1,114.84,0.114840
2026-03-08,5,2,112.21,0.112210
2026-03-08,6,2,110.34,0.110340
2026-03-08,7,3,108.35,0.108350
2026-03-08,8,3,107.16,0.107160
2026-03-08,9,4,105.5,0.105500
2026-03-08,10,4,112.49,0.112490
2026-03-08,11,5,113.35,0.113350
2026-03-08,12,5,113.65,0.113650
2026-03-08,13,6,110.46,0.110460
2026-03-08,14,6,111.17,0.111170
2026-03-08,15,7,108.32,0.108320
2026-03-08,16,7,111.01,0.111010
2026-03-08,17,8,111.85,0.111850
2026-03-08,18,8,118.2,0.118200
2026-03-08,19,9,129.45,0.129450
2026-03-08,20,9,130.64,0.130640
2026-03-08,21,10,130.54,0.130540
2026-03-08,22,10,129.88,0.129880
2026-03-08,23,11,128.84,0.128840
2026-03-08,24,11,128.28,0.128280
2026-03-08,25,12,127.86,0.127860
2026-03-08,26,12,131.69,0.131690
2026-03-08,27,13,133.45,0.133450
2026-03-08,28,13,131.58,0.131580
2026-03-08,29,14,131.46,0.131460
2026-03-08,30,14,133.07,0.133070
2026-03-08,31,15,143.15,0.143150
2026-03-08,32,15,142.2,0.142200
2026-03-08,33,16,151.1,0.151100
2026-03-08,34,16,154.77,0.154770
2026-03-08,35,17,159.03,0.159030
2026-03-08,36,17,158.29,0.158290
2026-03-08,37,18,154.95,0.154950
2026-03-08,38,18,152.9,0.152900
2026-03-08,39,19,149.44,0.149440
2026-03-08,40,19,140.9,0.140900
2026-03-08,41,20,142.57,0.142570
2026-03-08,42,20,138.91,0.138910
2026-03-08,43,21,132.88,0.132880
2026-03-08,44,21,128.08,0.128080
2026-03-08,45,22,126.26,0.126260
2026-03-08,46,22,125.46,0.125460
2026-03-08,47,23,118.96,0.118960
2026-03-08,48,23,120.3,0.120300
2026-03-09,1,0,122.16,0.122160
2026-03-09,2,0,129.33,0.129330
2026-03-09,3,1,142.65,0.142650
2026-03-09,4,1,139.74,0.139740
2026-03-09,5,2,139.61,0.139610
2026-03-09,6,2,142.33,0.142330
2026-03-09,7,3,135.14,0.135140
2026-03-09,8,3,132.01,0.132010
2026-03-09,9,4,126.03,0.126030
2026-03-09,10,4,124.6,0.124600
2026-03-09,11,5,142.06,0.142060
2026-03-09,12,5,133.94,0.133940
2026-03-09,13,6,137.86,0.137860
2026-03-09,14,6,138.73,0.138730
2026-03-09,15,7,131.6,0.131600
2026-03-09,16,7,133.5,0.133500
2026-03-09,17,8,126.86,0.126860
2026-03-09,18,8,135.21,0.135210
2026-03-09,19,9,139.38,0.139380
2026-03-09,20,9,144.67,0.144670
2026-03-09,21,10,148.68,0.148680
2026-03-09,22,10,146.07,0.146070
2026-03-09,23,11,140.7,0.140700
2026-03-09,24,11,136.72,0.136720
2026-03-09,25,12,138.34,0.138340
2026-03-09,26,12,134.03,0.134030
2026-03-09,27,13,132.27,0.132270
2026-03-09,28,13,127.27,0.127270
2026-03-09,29,14,125.92,0.125920
2026-03-09,30,14,124.7,0.124700
2026-03-09,31,15,127.83,0.127830
2026-03-09,32,15,125.71,0.125710
2026-03-09,33,16,144.42,0.144420
2026-03-09,34,16,151.21,0.151210
2026-03-09,35,17,167.1,0.167100
2026-03-09,36,17,169.46,0.169460
2026-03-09,37,18,170.03,0.170030
2026-03-09,38,18,173.34,0.173340
2026-03-09,39,19,150.18,0.150180
2026-03-09,40,19,134.94,0.134940
2026-03-09,41,20,124.41,0.124410
2026-03-09,42,20,119.77,0.119770
2026-03-09,43,21,114.45,0.114450
2026-03-09,44,21,120.16,0.120160
2026-03-09,45,22,113.63,0.113630
2026-03-09,46,22,112.72,0.112720
2026-03-09,47,23,108.67,0.108670
2026-03-09,48,23,113.42,0.113420
2026-03-10,1,0,111.72,0.111720
2026-03-10,2,0,113.73,0.113730
2026-03-10,3,1,109.81,0.109810
2026-03-10,4,1,111.17,0.111170
2026-03-10,5,2,109.69,0.109690
2026-03-10,6,2,103.91,0.103910
2026-03-10,7,3,102.42,0.102420
2026-03-10,8,3,96.38,0.096380
2026-03-10,9,4,95.7,0.095700
2026-03-10,10,4,92.42,0.092420
2026-03-10,11,5,88.3,0.088300
2026-03-10,12,5,88.22,0.088220
2026-03-10,13,6,100.61,0.100610
2026-03-10,14,6,109.57,0.109570
2026-03-10,15,7,121.3,0.121300
2026-03-10,16,7,124.12,0.124120
2026-03-10,17,8,108.46,0.108460
2026-03-10,18,8,106.41,0.106410
2026-03-10,19,9,101.06,0.101060
2026-03-10,20,9,80.86,0.080860
2026-03-10,21,10,66.1,0.066100
2026-03-10,22,10,83.07,0.083070
2026-03-10,23,11,76.67,0.076670
2026-03-10,24,11,66.28,0.066280
2026-03-10,25,12,78.58,0.078580
2026-03-10,26,12,77.7,0.077700
2026-03-10,27,13,78.23,0.078230
2026-03-10,28,13,82.41,0.082410
2026-03-10,29,14,81.67,0.081670
2026-03-10,30,14,81.55,0.081550
2026-03-10,31,15,87.18,0.087180
2026-03-10,32,15,88.28,0.088280
2026-03-10,33,16,88.14,0.088140
2026-03-10,34,16,91.75,0.091750
2026-03-10,35,17,92.36,0.092360
2026-03-10,36,17,99.94,0.099940
2026-03-10,37,18,102.57,0.102570
2026-03-10,38,18,104.29,0.104290
2026-03-10,39,19,92.15,0.092150
2026-03-10,40,19,92.48,0.092480
2026-03-10,41,20,94.56,0.094560
2026-03-10,42,20,88.93,0.088930
2026-03-10,43,21,83.79,0.083790
2026-03-10,44,21,80.91,0.080910
2026-03-10,45,22,81.86,0.081860
2026-03-10,46,22,68.54,0.068540
2026-03-10,47,23,49.82,0.049820
2026-03-10,48,23,44.44,0.044440
2026-03-11,1,0,46.55,0.046550
2026-03-11,2,0,49.06,0.049060
2026-03-11,3,1,44.77,0.044770
2026-03-11,4,1,47.16,0.047160
2026-03-11,5,2,47.66,0.047660
2026-03-11,6,2,37.84,0.037840
2026-03-11,7,3,37.32,0.037320
2026-03-11,8,3,37.77,0.037770
2026-03-11,9,4,43.02,0.043020
2026-03-11,10,4,48.33,0.048330
2026-03-11,11,5,45.89,0.045890
2026-03-11,12,5,54.48,0.054480
2026-03-11,13,6,61.38,0.061380
2026-03-11,14,6,77.2,0.077200
2026-03-11,15,7,80.63,0.080630
2026-03-11,16,7,84.64,0.084640
2026-03-11,17,8,75.47,0.075470
2026-03-11,18,8,62.58,0.062580
2026-03-11,19,9,53.6,0.053600
2026-03-11,20,9,34.95,0.034950
2026-03-11,21,10,36.62,0.036620
2026-03-11,22,10,26.5,0.026500
2026-03-11,23,11,18.59,0.018590
2026-03-11,24,11,17.39,0.017390
2026-03-11,25,12,14.97,0.014970
2026-03-11,26,12,13.33,0.013330
2026-03-11,27,13,14.71,0.014710
2026-03-11,28,13,16.46,0.016460
2026-03-11,29,14,21.5,0.021500
2026-03-11,30,14,27.23,0.027230
2026-03-11,31,15,40.42,0.040420
2026-03-11,32,15,67.01,0.067010
2026-03-11,33,16,62.28,0.062280
2026-03-11,34,16,88.63,0.088630
2026-03-11,35,17,100.56,0.100560
2026-03-11,36,17,108.29,0.108290
2026-03-11,37,18,109.51,0.109510
2026-03-11,38,18,114.09,0.114090
2026-03-11,39,19,113.59,0.113590
2026-03-11,40,19,110.49,0.110490
2026-03-11,41,20,104.62,0.104620
2026-03-11,42,20,91.87,0.091870
2026-03-11,43,21,99.88,0.099880
2026-03-11,44,21,79.94,0.079940
2026-03-11,45,22,89.49,0.089490
2026-03-11,46,22,72.74,0.072740
2026-03-11,47,23,74.83,0.074830
2026-03-11,48,23,71.26,0.071260
2026-03-12,1,0,77.87,0.077870
2026-03-12,2,0,80.53,0.080530
2026-03-12,3,1,73.64,0.073640
2026-03-12,4,1,68.3,0.068300
2026-03-12,5,2,69.91,0.069910
2026-03-12,6,2,61.46,0.061460
2026-03-12,7,3,60.87,0.060870
2026-03-12,8,3,56.96,0.056960
2026-03-12,9,4,62.65,0.062650
2026-03-12,10,4,62.8,0.062800
2026-03-12,11,5,75.2,0.075200
2026-03-12,12,5,83.95,0.083950
2026-03-12,13,6,84.69,0.084690
2026-03-12,14,6,98.37,0.098370
2026-03-12,15,7,80.61,0.080610
2026-03-12,16,7,93.24,0.093240
2026-03-12,17,8,63.63,0.063630
2026-03-12,18,8,63.25,0.063250
2026-03-12,19,9,65.58,0.065580
2026-03-12,20,9,67.88,0.067880
2026-03-12,21,10,80.35,0.080350
2026-03-12,22,10,85.28,0.085280
2026-03-12,23,11,88.96,0.088960
2026-03-12,24,11,90.36,0.090360
2026-03-12,25,12,90.17,0.090170
2026-03-12,26,12,95.09,0.095090
2026-03-12,27,13,100.38,0.100380
2026-03-12,28,13,101.7,0.101700
2026-03-12,29,14,97.35,0.097350
2026-03-12,30,14,103.8,0.103800
2026-03-12,31,15,105.92,0.105920
2026-03-12,32,15,114.86,0.114860
2026-03-12,33,16,120.31,0.120310
2026-03-12,34,16,123.31,0.123310
2026-03-12,35,17,128.73,0.128730
2026-03-12,36,17,133.66,0.133660
2026-03-12,37,18,134.37,0.134370
2026-03-12,38,18,136.39,0.136390
2026-03-12,39,19,139.93,0.139930
2026-03-12,40,19,137.87,0.137870
2026-03-12,41,20,128.04,0.128040
2026-03-12,42,20,109.59,0.109590
2026-03-12,43,21,90.01,0.090010
2026-03-12,44,21,59.96,0.059960
2026-03-12,45,22,46.54,0.046540
2026-03-12,46,22,17.32,0.017320
2026-03-12,47,23,6.29,0.006290
2026-03-13,2,0,2.14,0.002140
2026-03-13,4,1,3.97,0.003970
2026-03-13,5,2,0.81,0.000810
2026-03-13,6,2,0.63,0.000630
2026-03-13,11,5,0.1,0.000100
2026-03-13,12,5,12.71,0.012710
2026-03-13,13,6,13.5,0.013500
2026-03-13,14,6,53.57,0.053570
2026-03-13,15,7,78.52,0.078520
2026-03-13,16,7,86.6,0.086600
2026-03-13,17,8,99.92,0.099920
2026-03-13,18,8,104.95,0.104950
2026-03-13,19,9,109.1,0.109100
2026-03-13,20,9,107.98,0.107980
2026-03-13,21,10,108.21,0.108210
2026-03-13,22,10,105.9,0.105900
2026-03-13,23,11,100.16,0.100160
2026-03-13,24,11,93.91,0.093910
2026-03-13,25,12,90.13,0.090130
2026-03-13,26,12,96.05,0.096050
2026-03-13,27,13,92.85,0.092850
2026-03-13,28,13,88.54,0.088540
2026-03-13,29,14,95.75,0.095750
2026-03-13,30,14,96.24,0.096240
2026-03-13,31,15,110.11,0.110110
2026-03-13,32,15,104.13,0.104130
2026-03-13,33,16,107.84,0.107840
2026-03-13,34,16,113.11,0.113110
2026-03-13,35,17,119.48,0.119480
2026-03-13,36,17,127.73,0.127730
2026-03-13,37,18,127.87,0.127870
2026-03-13,38,18,130.86,0.130860
2026-03-13,39,19,123.75,0.123750
2026-03-13,40,19,123.28,0.123280
2026-03-13,41,20,122.01,0.122010
2026-03-13,42,20,122.34,0.122340
2026-03-13,43,21,120.39,0.120390
2026-03-13,44,21,116.0,0.116000
2026-03-13,45,22,113.46,0.113460
2026-03-13,46,22,105.41,0.105410
2026-03-13,47,23,104.82,0.104820
2026-03-13,48,23,104.78,0.104780
2026-03-14,1,0,108.77,0.108770
2026-03-14,2,0,110.38,0.110380
2026-03-14,3,1,109.66,0.109660
2026-03-14,4,1,104.91,0.104910
2026-03-14,5,2,104.82,0.104820
2026-03-14,6,2,102.94,0.102940
2026-03-14,7,3,103.9,0.103900
2026-03-14,8,3,105.23,0.105230
2026-03-14,9,4,108.66,0.108660
2026-03-14,10,4,107.27,0.107270
2026-03-14,11,5,103.34,0.103340
2026-03-14,12,5,108.79,0.108790
2026-03-14,13,6,110.11,0.110110
2026-03-14,14,6,120.1,0.120100
2026-03-14,15,7,118.38,0.118380
2026-03-14,16,7,114.09,0.114090
2026-03-14,17,8,116.67,0.116670
2026-03-14,18,8,112.78,0.112780
2026-03-14,19,9,114.06,0.114060
2026-03-14,20,9,108.74,0.108740
2026-03-14,21,10,94.25,0.094250
2026-03-14,22,10,94.2,0.094200
2026-03-14,23,11,97.14,0.097140
2026-03-14,24,11,97.64,0.097640
2026-03-14,25,12,100.12,0.100120
2026-03-14,26,12,99.89,0.099890
2026-03-14,27,13,103.44,0.103440
2026-03-14,28,13,102.02,0.102020
2026-03-14,29,14,94.53,0.094530
2026-03-14,30,14,96.52,0.096520
2026-03-14,31,15,103.95,0.103950
2026-03-14,32,15,100.53,0.100530
2026-03-14,33,16,102.48,0.102480
2026-03-14,34,16,114.12,0.114120
2026-03-14,35,17,135.12,0.135120
2026-03-14,36,17,137.1,0.137100
2026-03-14,37,18,137.91,0.137910
2026-03-14,38,18,146.9,0.146900
2026-03-14,39,19,135.15,0.135150
2026-03-14,40,19,132.72,0.132720
2026-03-14,41,20,134.5,0.134500
2026-03-14,42,20,129.41,0.129410
2026-03-14,43,21,123.96,0.123960
2026-03-14,44,21,111.58,0.111580
2026-03-14,45,22,112.16,0.112160
2026-03-14,46,22,106.08,0.106080
2026-03-14,47,23,104.23,0.104230
2026-03-14,48,23,106.01,0.106010
2026-03-15,1,0,107.28,0.107280
2026-03-15,2,0,108.35,0.108350
2026-03-15,3,1,105.83,0.105830
2026-03-15,4,1,102.09,0.102090
2026-03-15,5,2,105.88,0.105880
2026-03-15,6,2,103.71,0.103710
2026-03-15,7,3,101.32,0.101320
2026-03-15,8,3,91.61,0.091610
2026-03-15,9,4,89.69,0.089690
2026-03-15,10,4,78.17,0.078170
2026-03-15,11,5,83.74,0.083740
2026-03-15,12,5,71.33,0.071330
2026-03-15,13,6,78.47,0.078470
2026-03-15,14,6,69.25,0.069250
2026-03-15,15,7,54.13,0.054130
2026-03-15,16,7,47.95,0.047950
2026-03-15,17,8,38.51,0.038510
2026-03-15,18,8,33.67,0.033670
2026-03-15,19,9,18.81,0.018810
2026-03-15,20,9,5.98,0.005980
2026-03-15,30,14,13.31,0.013310
2026-03-15,31,15,49.38,0.049380
2026-03-15,32,15,70.96,0.070960
2026-03-15,33,16,78.45,0.078450
2026-03-15,34,16,94.48,0.094480
2026-03-15,35,17,85.41,0.085410
2026-03-15,36,17,94.95,0.094950
2026-03-15,37,18,97.48,0.097480
2026-03-15,38,18,107.4,0.107400
2026-03-15,39,19,106.87,0.106870
2026-03-15,40,19,92.94,0.092940
2026-03-15,41,20,91.05,0.091050
2026-03-15,42,20,67.89,0.067890
2026-03-15,43,21,71.61,0.071610
2026-03-15,44,21,48.82,0.048820
2026-03-15,45,22,62.38,0.062380
2026-03-15,46,22,47.39,0.047390
2026-03-15,47,23,26.12,0.026120
2026-03-15,48,23,18.57,0.018570
2026-03-16,1,0,24.27,0.024270
2026-03-16,2,0,26.61,0.026610
2026-03-16,3,1,31.62,0.031620
2026-03-16,4,1,37.31,0.037310
2026-03-16,5,2,50.57,0.050570
2026-03-16,6,2,44.37,0.044370
2026-03-16,7,3,55.81,0.055810
2026-03-16,8,3,54.34,0.054340
2026-03-16,9,4,62.15,0.062150
2026-03-16,10,4,61.93,0.061930
2026-03-16,11,5,89.46,0.089460
2026-03-16,12,5,99.95,0.099950
2026-03-16,13,6,103.98,0.103980
2026-03-16,14,6,120.63,0.120630
2026-03-16,15,7,126.16,0.126160
2026-03-16,16,7,129.7,0.129700
2026-03-16,17,8,128.13,0.128130
2026-03-16,18,8,126.14,0.126140
2026-03-16,19,9,126.57,0.126570
2026-03-16,20,9,125.76,0.125760
2026-03-16,21,10,124.6,0.124600
2026-03-16,22,10,121.01,0.121010
2026-03-16,23,11,119.22,0.119220
2026-03-16,24,11,119.64,0.119640
2026-03-16,25,12,118.68,0.118680
2026-03-16,26,12,118.55,0.118550
2026-03-16,27,13,118.08,0.118080
2026-03-16,28,13,117.18,0.117180
2026-03-16,29,14,117.97,0.117970
2026-03-16,30,14,115.45,0.115450
2026-03-16,31,15,114.69,0.114690
2026-03-16,32,15,112.22,0.112220
2026-03-16,33,16,112.74,0.112740
2026-03-16,34,16,114.3,0.114300
2026-03-16,35,17,138.38,0.138380
2026-03-16,36,17,137.22,0.137220
2026-03-16,37,18,147.04,0.147040
2026-03-16,38,18,146.28,0.146280
2026-03-16,39,19,128.44,0.128440
2026-03-16,40,19,122.63,0.122630
2026-03-16,41,20,112.64,0.112640
2026-03-16,42,20,110.95,0.110950
2026-03-16,43,21,109.15,0.109150
2026-03-16,44,21,106.73,0.106730
2026-03-16,45,22,102.93,0.102930
2026-03-16,46,22,89.99,0.089990
2026-03-16,47,23,93.5,0.093500
2026-03-16,48,23,88.79,0.088790
2026-03-17,1,0,86.13,0.086130
2026-03-17,2,0,90.65,0.090650
2026-03-17,3,1,87.65,0.087650
2026-03-17,4,1,79.44,0.079440
2026-03-17,5,2,76.8,0.076800
2026-03-17,6,2,75.29,0.075290
2026-03-17,7,3,70.18,0.070180
2026-03-17,8,3,69.42,0.069420
2026-03-17,9,4,68.17,0.068170
2026-03-17,10,4,67.64,0.067640
2026-03-17,11,5,85.72,0.085720
2026-03-17,12,5,87.37,0.087370
2026-03-17,13,6,109.89,0.109890
2026-03-17,14,6,121.1,0.121100
2026-03-17,15,7,117.41,0.117410
2026-03-17,16,7,120.14,0.120140
2026-03-17,17,8,102.05,0.102050
2026-03-17,18,8,100.33,0.100330
2026-03-17,19,9,83.93,0.083930
2026-03-17,20,9,69.61,0.069610
2026-03-17,21,10,76.28,0.076280
2026-03-17,22,10,63.31,0.063310
2026-03-17,23,11,41.06,0.041060
2026-03-17,24,11,32.72,0.032720
2026-03-17,25,12,33.24,0.033240
2026-03-17,26,12,28.83,0.028830
2026-03-17,27,13,34.42,0.034420
2026-03-17,28,13,40.0,0.040000
2026-03-17,29,14,44.14,0.044140
2026-03-17,30,14,45.8,0.045800
2026-03-17,31,15,69.52,0.069520
2026-03-17,32,15,81.91,0.081910
2026-03-17,33,16,93.89,0.093890
2026-03-17,34,16,104.77,0.104770
2026-03-17,35,17,117.32,0.117320
2026-03-17,36,17,125.3,0.125300
2026-03-17,37,18,130.58,0.130580
2026-03-17,38,18,135.51,0.135510
2026-03-17,39,19,129.51,0.129510
2026-03-17,40,19,128.14,0.128140
2026-03-17,41,20,113.55,0.113550
2026-03-17,42,20,108.52,0.108520
2026-03-17,43,21,105.59,0.105590
2026-03-17,44,21,91.39,0.091390
2026-03-17,45,22,86.75,0.086750
2026-03-17,46,22,85.24,0.085240
2026-03-17,47,23,83.6,0.083600
2026-03-17,48,23,81.55,0.081550
2026-03-18,1,0,80.56,0.080560
2026-03-18,2,0,95.37,0.095370
2026-03-18,3,1,90.68,0.090680
2026-03-18,4,1,91.41,0.091410
2026-03-18,5,2,89.54,0.089540
2026-03-18,6,2,93.94,0.093940
2026-03-18,7,3,92.29,0.092290
2026-03-18,8,3,95.98,0.095980
2026-03-18,9,4,96.9,0.096900
2026-03-18,10,4,94.64,0.094640
2026-03-18,11,5,102.43,0.102430
2026-03-18,12,5,107.96,0.107960
2026-03-18,13,6,113.12,0.113120
2026-03-18,14,6,126.86,0.126860
2026-03-18,15,7,133.19,0.133190
2026-03-18,16,7,137.16,0.137160
2026-03-18,17,8,137.99,0.137990
2026-03-18,18,8,133.37,0.133370
2026-03-18,19,9,125.25,0.125250
2026-03-18,20,9,118.07,0.118070
2026-03-18,21,10,116.86,0.116860
2026-03-18,22,10,108.88,0.108880
2026-03-18,23,11,105.66,0.105660
2026-03-18,24,11,100.74,0.100740
2026-03-18,25,12,105.28,0.105280
2026-03-18,26,12,94.44,0.094440
2026-03-18,27,13,93.31,0.093310
2026-03-18,28,13,90.17,0.090170
2026-03-18,29,14,89.63,0.089630
2026-03-18,30,14,91.15,0.091150
2026-03-18,31,15,86.46,0.086460
2026-03-18,32,15,75.26,0.075260
2026-03-18,33,16,102.99,0.102990
2026-03-18,34,16,123.27,0.123270
2026-03-18,35,17,140.72,0.140720
2026-03-18,36,17,146.45,0.146450
2026-03-18,37,18,141.52,0.141520
2026-03-18,38,18,152.55,0.152550
2026-03-18,39,19,147.73,0.147730
2026-03-18,40,19,135.08,0.135080
2026-03-18,41,20,131.45,0.131450
2026-03-18,42,20,115.6,0.115600
2026-03-18,43,21,110.25,0.110250
2026-03-18,44,21,106.96,0.106960
2026-03-18,45,22,103.95,0.103950
2026-03-18,46,22,111.02,0.111020
2026-03-18,47,23,99.21,0.099210
2026-03-18,48,23,97.14,0.097140
2026-03-19,1,0,96.22,0.096220
2026-03-19,2,0,96.36,0.096360
2026-03-19,3,1,98.64,0.098640
2026-03-19,4,1,97.04,0.097040
2026-03-19,5,2,97.72,0.097720
2026-03-19,6,2,96.46,0.096460
2026-03-19,7,3,101.18,0.101180
2026-03-19,8,3,99.51,0.099510
2026-03-19,9,4,102.78,0.102780
2026-03-19,10,4,101.73,0.101730
2026-03-19,11,5,106.53,0.106530
2026-03-19,12,5,113.99,0.113990
2026-03-19,13,6,125.25,0.125250
2026-03-19,14,6,143.17,0.143170
2026-03-19,15,7,118.84,0.118840
2026-03-19,16,7,122.61,0.122610
2026-03-19,17,8,109.41,0.109410
2026-03-19,18,8,105.42,0.105420
2026-03-19,19,9,111.37,0.111370
2026-03-19,20,9,109.87,0.109870
2026-03-19,21,10,105.87,0.105870
2026-03-19,22,10,108.17,0.108170
2026-03-19,23,11,106.16,0.106160
2026-03-19,24,11,105.7,0.105700
2026-03-19,25,12,105.85,0.105850
2026-03-19,26,12,106.47,0.106470
2026-03-19,27,13,108.96,0.108960
2026-03-19,28,13,110.19,0.110190
2026-03-19,29,14,108.72,0.108720
2026-03-19,30,14,109.62,0.109620
2026-03-19,31,15,122.41,0.122410
2026-03-19,32,15,119.32,0.119320
2026-03-19,33,16,126.56,0.126560
2026-03-19,34,16,131.43,0.131430
2026-03-19,35,17,154.12,0.154120
2026-03-19,36,17,154.72,0.154720
2026-03-19,37,18,162.3,0.162300
2026-03-19,38,18,169.13,0.169130
2026-03-19,39,19,142.29,0.142290
2026-03-19,40,19,141.12,0.141120
2026-03-19,41,20,135.89,0.135890
2026-03-19,42,20,129.18,0.129180
2026-03-19,43,21,132.93,0.132930
2026-03-19,44,21,129.82,0.129820
2026-03-19,45,22,125.69,0.125690
2026-03-19,46,22,123.64,0.123640
2026-03-19,47,23,108.75,0.108750
2026-03-19,48,23,114.66,0.114660
2026-03-20,1,0,115.32,0.115320
2026-03-20,2,0,117.38,0.117380
2026-03-20,3,1,113.61,0.113610
2026-03-20,4,1,111.16,0.111160
2026-03-20,5,2,113.87,0.113870
2026-03-20,6,2,114.8,0.114800
2026-03-20,7,3,112.72,0.112720
2026-03-20,8,3,113.18,0.113180
2026-03-20,9,4,113.99,0.113990
2026-03-20,10,4,113.62,0.113620
2026-03-20,11,5,138.88,0.138880
2026-03-20,12,5,139.24,0.139240
2026-03-20,13,6,141.6,0.141600
2026-03-20,14,6,146.63,0.146630
2026-03-20,15,7,143.81,0.143810
2026-03-20,16,7,147.18,0.147180
2026-03-20,17,8,148.13,0.148130
2026-03-20,18,8,149.57,0.149570
2026-03-20,19,9,151.31,0.151310
2026-03-20,20,9,148.88,0.148880
2026-03-20,21,10,143.99,0.143990
2026-03-20,22,10,127.9,0.127900
2026-03-20,23,11,109.66,0.109660
2026-03-20,24,11,106.56,0.106560
2026-03-20,25,12,110.25,0.110250
2026-03-20,26,12,106.75,0.106750
2026-03-20,27,13,109.16,0.109160
2026-03-20,28,13,109.96,0.109960
2026-03-20,29,14,106.53,0.106530
2026-03-20,30,14,106.74,0.106740
2026-03-20,31,15,108.47,0.108470
2026-03-20,32,15,109.15,0.109150
2026-03-20,33,16,121.45,0.121450
2026-03-20,34,16,130.38,0.130380
2026-03-20,35,17,142.26,0.142260
2026-03-20,36,17,143.99,0.143990
2026-03-20,37,18,142.85,0.142850
2026-03-20,38,18,145.83,0.145830
2026-03-20,39,19,141.51,0.141510
2026-03-20,40,19,142.25,0.142250
2026-03-20,41,20,139.35,0.139350
2026-03-20,42,20,127.98,0.127980
2026-03-20,43,21,121.95,0.121950
2026-03-20,44,21,124.15,0.124150
2026-03-20,45,22,120.49,0.120490
2026-03-20,46,22,119.26,0.119260
2026-03-20,47,23,109.85,0.109850
2026-03-20,48,23,110.52,0.110520
2026-03-21,1,0,116.86,0.116860
2026-03-21,2,0,121.39,0.121390
2026-03-21,3,1,118.83,0.118830
2026-03-21,4,1,117.54,0.117540
2026-03-21,5,2,122.33,0.122330
2026-03-21,6,2,117.94,0.117940
2026-03-21,7,3,116.09,0.116090
2026-03-21,8,3,117.25,0.117250
2026-03-21,9,4,117.48,0.117480
2026-03-21,10,4,118.28,0.118280
2026-03-21,11,5,130.79,0.130790
2026-03-21,12,5,134.7,0.134700
2026-03-21,13,6,137.06,0.137060
2026-03-21,14,6,148.2,0.148200
2026-03-21,15,7,148.51,0.148510
2026-03-21,16,7,148.6,0.148600
2026-03-21,17,8,147.6,0.147600
2026-03-21,18,8,143.09,0.143090
2026-03-21,19,9,145.19,0.145190
2026-03-21,20,9,143.74,0.143740
2026-03-21,21,10,145.07,0.145070
2026-03-21,22,10,136.74,0.136740
2026-03-21,23,11,113.34,0.113340
2026-03-21,24,11,110.69,0.110690
2026-03-21,25,12,113.03,0.113030
2026-03-21,26,12,104.6,0.104600
2026-03-21,27,13,107.14,0.107140
2026-03-21,28,13,103.27,0.103270
2026-03-21,29,14,102.35,0.102350
2026-03-21,30,14,101.57,0.101570
2026-03-21,31,15,108.94,0.108940
2026-03-21,32,15,108.23,0.108230
2026-03-21,33,16,114.51,0.114510
2026-03-21,34,16,127.37,0.127370
2026-03-21,35,17,137.65,0.137650
2026-03-21,36,17,140.46,0.140460
2026-03-21,37,18,142.5,0.142500
2026-03-21,38,18,146.41,0.146410
2026-03-21,39,19,144.45,0.144450
2026-03-21,40,19,142.97,0.142970
2026-03-21,41,20,139.48,0.139480
2026-03-21,42,20,126.32,0.126320
2026-03-21,43,21,117.89,0.117890
2026-03-21,44,21,112.42,0.112420
2026-03-21,45,22,111.45,0.111450
2026-03-21,46,22,110.24,0.110240
2026-03-21,47,23,106.63,0.106630
2026-03-21,48,23,102.81,0.102810
2026-03-22,1,0,99.54,0.099540
2026-03-22,2,0,107.7,0.107700
2026-03-22,3,1,106.13,0.106130
2026-03-22,4,1,102.77,0.102770
2026-03-22,5,2,105.43,0.105430
2026-03-22,6,2,104.18,0.104180
2026-03-22,7,3,104.21,0.104210
2026-03-22,8,3,100.27,0.100270
2026-03-22,9,4,99.71,0.099710
2026-03-22,10,4,99.71,0.099710
2026-03-22,11,5,99.83,0.099830
2026-03-22,12,5,101.68,0.101680
2026-03-22,13,6,99.49,0.099490
2026-03-22,14,6,102.05,0.102050
2026-03-22,15,7,109.03,0.109030
2026-03-22,16,7,106.04,0.106040
2026-03-22,17,8,105.15,0.105150
2026-03-22,18,8,103.95,0.103950
2026-03-22,19,9,101.19,0.101190
2026-03-22,20,9,106.11,0.106110
2026-03-22,21,10,106.56,0.106560
2026-03-22,22,10,109.36,0.109360
2026-03-22,23,11,113.64,0.113640
2026-03-22,24,11,113.79,0.113790
2026-03-22,25,12,115.83,0.115830
2026-03-22,26,12,115.7,0.115700
2026-03-22,27,13,119.77,0.119770
2026-03-22,28,13,121.38,0.121380
2026-03-22,29,14,122.34,0.122340
2026-03-22,30,14,121.77,0.121770
2026-03-22,31,15,124.09,0.124090
2026-03-22,32,15,125.36,0.125360
2026-03-22,33,16,129.42,0.129420
2026-03-22,34,16,136.43,0.136430
2026-03-22,35,17,153.34,0.153340
2026-03-22,36,17,160.22,0.160220
2026-03-22,37,18,167.84,0.167840
2026-03-22,38,18,172.97,0.172970
2026-03-22,39,19,167.96,0.167960
2026-03-22,40,19,166.5,0.166500
2026-03-22,41,20,159.84,0.159840
2026-03-22,42,20,153.46,0.153460
2026-03-22,43,21,147.1,0.147100
2026-03-22,44,21,132.95,0.132950
2026-03-22,45,22,131.68,0.131680
2026-03-22,46,22,131.56,0.131560
2026-03-22,47,23,127.11,0.127110
2026-03-22,48,23,126.26,0.126260
2026-03-23,1,0,129.24,0.129240
2026-03-23,2,0,132.63,0.132630
2026-03-23,3,1,134.39,0.134390
2026-03-23,4,1,134.51,0.134510
2026-03-23,5,2,137.48,0.137480
2026-03-23,6,2,134.78,0.134780
2026-03-23,7,3,134.3,0.134300
2026-03-23,8,3,132.64,0.132640
2026-03-23,9,4,139.13,0.139130
2026-03-23,10,4,135.91,0.135910
2026-03-23,11,5,148.1,0.148100
2026-03-23,12,5,149.11,0.149110
2026-03-23,13,6,154.95,0.154950
2026-03-23,14,6,163.96,0.163960
2026-03-23,15,7,151.85,0.151850
2026-03-23,16,7,150.96,0.150960
2026-03-23,17,8,151.89,0.151890
2026-03-23,18,8,152.45,0.152450
2026-03-23,19,9,140.56,0.140560
2026-03-23,20,9,131.78,0.131780
2026-03-23,21,10,125.43,0.125430
2026-03-23,22,10,120.94,0.120940
2026-03-23,23,11,105.24,0.105240
2026-03-23,24,11,101.88,0.101880
2026-03-23,25,12,98.59,0.098590
2026-03-23,26,12,101.0,0.101000
2026-03-23,27,13,95.34,0.095340
2026-03-23,28,13,100.15,0.100150
2026-03-23,29,14,97.9,0.097900
2026-03-23,30,14,96.21,0.096210
2026-03-23,31,15,104.46,0.104460
2026-03-23,32,15,103.91,0.103910
2026-03-23,33,16,106.73,0.106730
2026-03-23,34,16,114.97,0.114970
2026-03-23,35,17,139.39,0.139390
2026-03-23,36,17,141.36,0.141360
2026-03-23,37,18,149.75,0.149750
2026-03-23,38,18,152.22,0.152220
2026-03-23,39,19,141.4,0.141400
2026-03-23,40,19,136.08,0.136080
2026-03-23,41,20,120.52,0.120520
2026-03-23,42,20,112.66,0.112660
2026-03-23,43,21,107.44,0.107440
2026-03-23,44,21,93.84,0.093840
2026-03-23,45,22,104.21,0.104210
2026-03-23,46,22,78.12,0.078120
2026-03-23,47,23,42.43,0.042430
2026-03-23,48,23,35.81,0.035810
2026-03-24,1,0,38.23,0.038230
2026-03-24,2,0,40.56,0.040560
2026-03-24,3,1,37.52,0.037520
2026-03-24,4,1,37.87,0.037870
2026-03-24,5,2,37.04,0.037040
2026-03-24,6,2,34.32,0.034320
2026-03-24,7,3,33.86,0.033860
2026-03-24,8,3,32.44,0.032440
2026-03-24,9,4,30.57,0.030570
2026-03-24,10,4,28.59,0.028590
2026-03-24,11,5,30.03,0.030030
2026-03-24,12,5,43.32,0.043320
2026-03-24,13,6,52.49,0.052490
2026-03-24,14,6,67.26,0.067260
2026-03-24,15,7,60.79,0.060790
2026-03-24,16,7,65.45,0.065450
2026-03-24,17,8,60.97,0.060970
2026-03-24,18,8,55.01,0.055010
2026-03-24,19,9,51.93,0.051930
2026-03-24,20,9,52.17,0.052170
2026-03-24,21,10,57.71,0.057710
2026-03-24,22,10,59.16,0.059160
2026-03-24,23,11,66.71,0.066710
2026-03-24,24,11,68.11,0.068110
2026-03-24,25,12,69.85,0.069850
2026-03-24,26,12,72.85,0.072850
2026-03-24,27,13,76.56,0.076560
2026-03-24,28,13,77.26,0.077260
2026-03-24,29,14,76.09,0.076090
2026-03-24,30,14,75.04,0.075040
2026-03-24,31,15,80.71,0.080710
2026-03-24,32,15,99.25,0.099250
2026-03-24,33,16,87.84,0.087840
2026-03-24,34,16,84.1,0.084100
2026-03-24,35,17,101.6,0.101600
2026-03-24,36,17,94.61,0.094610
2026-03-24,37,18,99.67,0.099670
2026-03-24,38,18,96.12,0.096120
2026-03-24,39,19,71.18,0.071180
2026-03-24,40,19,67.05,0.067050
2026-03-24,41,20,74.08,0.074080
2026-03-24,42,20,73.12,0.073120
2026-03-24,43,21,53.83,0.053830
2026-03-24,44,21,26.44,0.026440
2026-03-24,45,22,20.03,0.020030
2026-03-24,46,22,6.14,0.006140
2026-03-24,47,23,1.25,0.001250
2026-03-25,3,1,8.35,0.008350
2026-03-25,6,2,1.35,0.001350
2026-03-25,7,3,1.34,0.001340
2026-03-25,13,6,1.04,0.001040
2026-03-25,14,6,7.56,0.007560
2026-03-25,15,7,12.06,0.012060
2026-03-25,16,7,12.7,0.012700
2026-03-25,17,8,7.59,0.007590
2026-03-25,18,8,5.87,0.005870
2026-03-25,19,9,7.91,0.007910
2026-03-25,20,9,7.83,0.007830
2026-03-25,21,10,8.79,0.008790
2026-03-25,22,10,9.27,0.009270
2026-03-25,23,11,8.57,0.008570
2026-03-25,24,11,10.89,0.010890
2026-03-25,25,12,4.9,0.004900
2026-03-25,26,12,5.78,0.005780
2026-03-25,27,13,6.71,0.006710
2026-03-25,28,13,6.62,0.006620
2026-03-25,29,14,14.84,0.014840
2026-03-25,30,14,11.35,0.011350
2026-03-25,31,15,11.21,0.011210
2026-03-25,32,15,16.18,0.016180
2026-03-25,33,16,44.47,0.044470
2026-03-25,34,16,97.65,0.097650
2026-03-25,35,17,109.35,0.109350
2026-03-25,36,17,128.11,0.128110
2026-03-25,37,18,132.64,0.132640
2026-03-25,38,18,135.42,0.135420
2026-03-25,39,19,136.5,0.136500
2026-03-25,40,19,136.39,0.136390
2026-03-25,41,20,134.15,0.134150
2026-03-25,42,20,131.61,0.131610
2026-03-25,43,21,132.62,0.132620
2026-03-25,44,21,126.7,0.126700
2026-03-25,45,22,118.12,0.118120
2026-03-25,46,22,109.76,0.109760
2026-03-25,47,23,111.23,0.111230
2026-03-25,48,23,109.44,0.109440
2026-03-26,1,0,113.02,0.113020
2026-03-26,2,0,117.7,0.117700
2026-03-26,3,1,118.72,0.118720
2026-03-26,4,1,116.78,0.116780
2026-03-26,5,2,119.17,0.119170
2026-03-26,6,2,118.14,0.118140
2026-03-26,7,3,116.72,0.116720
2026-03-26,8,3,116.46,0.116460
2026-03-26,9,4,118.35,0.118350
2026-03-26,10,4,118.45,0.118450
2026-03-26,11,5,127.88,0.127880
2026-03-26,12,5,133.79,0.133790
2026-03-26,13,6,136.71,0.136710
2026-03-26,14,6,145.44,0.145440
2026-03-26,15,7,139.77,0.139770
2026-03-26,16,7,139.46,0.139460
2026-03-26,17,8,134.03,0.134030
2026-03-26,18,8,134.36,0.134360
2026-03-26,19,9,130.63,0.130630
2026-03-26,20,9,128.0,0.128000
2026-03-26,21,10,126.33,0.126330
2026-03-26,22,10,123.21,0.123210
2026-03-26,23,11,117.9,0.117900
2026-03-26,24,11,110.84,0.110840
2026-03-26,25,12,109.04,0.109040
2026-03-26,26,12,104.92,0.104920
2026-03-26,27,13,100.7,0.100700
2026-03-26,28,13,104.82,0.104820
2026-03-26,29,14,95.11,0.095110
2026-03-26,30,14,93.1,0.093100
2026-03-26,31,15,93.23,0.093230
2026-03-26,32,15,91.09,0.091090
2026-03-26,33,16,94.52,0.094520
2026-03-26,34,16,101.48,0.101480
2026-03-26,35,17,133.41,0.133410
2026-03-26,36,17,135.34,0.135340
2026-03-26,37,18,145.1,0.145100
2026-03-26,38,18,149.88,0.149880
2026-03-26,39,19,124.03,0.124030
2026-03-26,40,19,130.04,0.130040
2026-03-26,41,20,130.14,0.130140
2026-03-26,42,20,115.75,0.115750
2026-03-26,43,21,120.77,0.120770
2026-03-26,44,21,116.27,0.116270
2026-03-26,45,22,117.57,0.117570
2026-03-26,46,22,105.56,0.105560
2026-03-26,47,23,103.79,0.103790
2026-03-26,48,23,102.94,0.102940
2026-03-27,1,0,100.46,0.100460
2026-03-27,2,0,102.93,0.102930
2026-03-27,3,1,102.89,0.102890
2026-03-27,4,1,102.05,0.102050
2026-03-27,5,2,101.0,0.101000
2026-03-27,6,2,101.57,0.101570
2026-03-27,7,3,104.22,0.104220
2026-03-27,8,3,105.23,0.105230
2026-03-27,9,4,106.66,0.106660
2026-03-27,10,4,101.42,0.101420
2026-03-27,11,5,117.44,0.117440
2026-03-27,12,5,116.1,0.116100
2026-03-27,13,6,116.82,0.116820
2026-03-27,14,6,121.68,0.121680
2026-03-27,15,7,106.63,0.106630
2026-03-27,16,7,113.01,0.113010
2026-03-27,17,8,96.36,0.096360
2026-03-27,18,8,105.07,0.105070
2026-03-27,19,9,104.8,0.104800
2026-03-27,20,9,100.43,0.100430
2026-03-27,21,10,100.91,0.100910
2026-03-27,22,10,95.43,0.095430
2026-03-27,23,11,89.41,0.089410
2026-03-27,24,11,89.32,0.089320
2026-03-27,25,12,87.41,0.087410
2026-03-27,26,12,85.31,0.085310
2026-03-27,27,13,78.24,0.078240
2026-03-27,28,13,72.56,0.072560
2026-03-27,29,14,69.37,0.069370
2026-03-27,30,14,66.5,0.066500
2026-03-27,31,15,76.66,0.076660
2026-03-27,32,15,81.14,0.081140
2026-03-27,33,16,87.59,0.087590
2026-03-27,34,16,95.16,0.095160
2026-03-27,35,17,113.58,0.113580
2026-03-27,36,17,119.34,0.119340
2026-03-27,37,18,127.98,0.127980
2026-03-27,38,18,131.93,0.131930
2026-03-27,39,19,121.48,0.121480
2026-03-27,40,19,122.23,0.122230
2026-03-27,41,20,115.46,0.115460
2026-03-27,42,20,102.23,0.102230
2026-03-27,43,21,92.81,0.092810
2026-03-27,44,21,91.94,0.091940
2026-03-27,45,22,85.73,0.085730
2026-03-27,46,22,72.49,0.072490
2026-03-27,47,23,80.73,0.080730
2026-03-27,48,23,71.04,0.071040
2026-03-28,1,0,73.81,0.073810
2026-03-28,2,0,75.42,0.075420
2026-03-28,3,1,78.17,0.078170
2026-03-28,4,1,62.93,0.062930
2026-03-28,5,2,54.77,0.054770
2026-03-28,6,2,47.97,0.047970
2026-03-28,7,3,38.88,0.038880
2026-03-28,8,3,31.3,0.031300
2026-03-28,9,4,31.75,0.031750
2026-03-28,10,4,31.91,0.031910
2026-03-28,11,5,31.64,0.031640
2026-03-28,12,5,34.82,0.034820
2026-03-28,13,6,41.88,0.041880
2026-03-28,14,6,51.49,0.051490
2026-03-28,15,7,52.91,0.052910
2026-03-28,16,7,55.74,0.055740
2026-03-28,17,8,23.4,0.023400
2026-03-28,18,8,8.81,0.008810
2026-03-28,19,9,0.36,0.000360
2026-03-28,29,14,1.79,0.001790
2026-03-28,30,14,4.03,0.004030
2026-03-28,31,15,11.0,0.011000
2026-03-28,32,15,22.25,0.022250
2026-03-28,33,16,49.66,0.049660
2026-03-28,34,16,96.06,0.096060
2026-03-28,35,17,122.83,0.122830
2026-03-28,36,17,135.41,0.135410
2026-03-28,37,18,137.47,0.137470
2026-03-28,38,18,143.85,0.143850
2026-03-28,39,19,145.64,0.145640
2026-03-28,40,19,145.77,0.145770
2026-03-28,41,20,144.48,0.144480
2026-03-28,42,20,138.94,0.138940
2026-03-28,43,21,132.04,0.132040
2026-03-28,44,21,124.81,0.124810
2026-03-28,45,22,122.03,0.122030
2026-03-28,46,22,121.18,0.121180
2026-03-28,47,23,111.54,0.111540
2026-03-28,48,23,91.52,0.091520
2026-03-29,1,0,80.63,0.080630
2026-03-29,2,0,86.92,0.086920
2026-03-29,3,1,98.71,0.098710
2026-03-29,4,1,90.72,0.090720
2026-03-29,5,2,98.82,0.098820
2026-03-29,6,2,88.36,0.088360
2026-03-29,7,3,96.44,0.096440
2026-03-29,8,3,94.68,0.094680
2026-03-29,9,4,99.04,0.099040
2026-03-29,10,4,97.73,0.097730
2026-03-29,11,5,101.75,0.101750
2026-03-29,12,5,103.89,0.103890
2026-03-29,13,6,103.96,0.103960
2026-03-29,14,6,102.14,0.102140
2026-03-29,15,7,101.88,0.101880
2026-03-29,16,7,97.17,0.097170
2026-03-29,17,8,66.67,0.066670
2026-03-29,18,8,53.82,0.053820
2026-03-29,19,9,40.06,0.040060
2026-03-29,20,9,32.85,0.032850
2026-03-29,21,10,11.9,0.011900
2026-03-29,22,10,7.37,0.007370
2026-03-29,23,11,7.67,0.007670
2026-03-29,24,11,4.99,0.004990
2026-03-29,25,12,6.62,0.006620
2026-03-29,26,12,11.17,0.011170
2026-03-29,27,13,11.93,0.011930
2026-03-29,28,13,14.39,0.014390
2026-03-29,29,14,15.5,0.015500
2026-03-29,30,14,21.2,0.021200
2026-03-29,31,15,39.0,0.039000
2026-03-29,32,15,45.52,0.045520
2026-03-29,33,16,57.71,0.057710
2026-03-29,34,16,61.45,0.061450
2026-03-29,35,17,62.33,0.062330
2026-03-29,36,17,64.86,0.064860
2026-03-29,37,18,56.24,0.056240
2026-03-29,38,18,51.76,0.051760
2026-03-29,39,19,43.88,0.043880
2026-03-29,40,19,43.96,0.043960
2026-03-29,41,20,47.09,0.047090
2026-03-29,42,20,41.07,0.041070
2026-03-29,43,21,40.3,0.040300
2026-03-29,44,21,24.85,0.024850
2026-03-29,45,22,25.17,0.025170
2026-03-29,46,22,1.13,0.001130
2026-03-30,1,0,3.23,0.003230
2026-03-30,2,0,2.53,0.002530
2026-03-30,3,1,0.93,0.000930
2026-03-30,4,1,1.34,0.001340
2026-03-30,5,2,0.09,0.000090
2026-03-30,6,2,1.51,0.001510
2026-03-30,7,3,0.38,0.000380
2026-03-30,8,3,5.08,0.005080
2026-03-30,9,4,5.57,0.005570
2026-03-30,10,4,9.84,0.009840
2026-03-30,11,5,34.34,0.034340
2026-03-30,12,5,37.51,0.037510
2026-03-30,13,6,51.82,0.051820
2026-03-30,14,6,67.67,0.067670
2026-03-30,15,7,78.26,0.078260
2026-03-30,16,7,87.52,0.087520
2026-03-30,17,8,66.1,0.066100
2026-03-30,18,8,71.22,0.071220
2026-03-30,19,9,49.57,0.049570
2026-03-30,20,9,32.86,0.032860
2026-03-30,21,10,20.54,0.020540
2026-03-30,22,10,16.07,0.016070
2026-03-30,23,11,7.7,0.007700
2026-03-30,24,11,6.07,0.006070
2026-03-30,25,12,5.71,0.005710
2026-03-30,26,12,4.09,0.004090
2026-03-30,27,13,2.25,0.002250
2026-03-30,28,13,1.67,0.001670
2026-03-30,29,14,1.34,0.001340
2026-03-30,30,14,0.74,0.000740
2026-03-30,31,15,13.04,0.013040
2026-03-30,32,15,32.89,0.032890
2026-03-30,33,16,42.36,0.042360
2026-03-30,34,16,82.82,0.082820
2026-03-30,35,17,113.53,0.113530
2026-03-30,36,17,123.62,0.123620
2026-03-30,37,18,131.21,0.131210
2026-03-30,38,18,136.44,0.136440
2026-03-30,39,19,142.58,0.142580
2026-03-30,40,19,145.88,0.145880
2026-03-30,41,20,144.97,0.144970
2026-03-30,42,20,145.36,0.145360
2026-03-30,43,21,143.51,0.143510
2026-03-30,44,21,136.16,0.136160
2026-03-30,45,22,133.86,0.133860
2026-03-30,46,22,121.24,0.121240
2026-03-30,47,23,108.78,0.108780
2026-03-30,48,23,119.6,0.119600
2026-03-31,1,0,119.45,0.119450
2026-03-31,2,0,112.4,0.112400
2026-03-31,3,1,108.08,0.108080
2026-03-31,4,1,115.74,0.115740
2026-03-31,5,2,105.13,0.105130
2026-03-31,6,2,99.61,0.099610
2026-03-31,7,3,99.27,0.099270
2026-03-31,8,3,95.83,0.095830
2026-03-31,9,4,94.0,0.094000
2026-03-31,10,4,89.53,0.089530
2026-03-31,11,5,113.25,0.113250
2026-03-31,12,5,103.37,0.103370
2026-03-31,13,6,122.2,0.122200
2026-03-31,14,6,130.63,0.130630
2026-03-31,15,7,137.23,0.137230
2026-03-31,16,7,142.73,0.142730
2026-03-31,17,8,137.94,0.137940
2026-03-31,18,8,135.58,0.135580
2026-03-31,19,9,121.28,0.121280
2026-03-31,20,9,119.16,0.119160
2026-03-31,21,10,128.3,0.128300
2026-03-31,22,10,129.15,0.129150
2026-03-31,23,11,117.49,0.117490
2026-03-31,24,11,112.86,0.112860
2026-03-31,25,12,112.71,0.112710
2026-03-31,26,12,102.89,0.102890
2026-03-31,27,13,97.45,0.097450
2026-03-31,28,13,94.54,0.094540
2026-03-31,29,14,93.96,0.093960
2026-03-31,30,14,95.28,0.095280
2026-03-31,31,15,95.56,0.095560
2026-03-31,32,15,96.71,0.096710
2026-03-31,33,16,93.61,0.093610
2026-03-31,34,16,99.59,0.099590
2026-03-31,35,17,112.53,0.112530
2026-03-31,36,17,121.69,0.121690
2026-03-31,37,18,145.66,0.145660
2026-03-31,38,18,143.95,0.143950
2026-03-31,39,19,147.7,0.147700
2026-03-31,40,19,149.92,0.149920
2026-03-31,41,20,143.58,0.143580
2026-03-31,42,20,142.29,0.142290
2026-03-31,43,21,143.76,0.143760
2026-03-31,44,21,131.17,0.131170
2026-03-31,45,22,119.26,0.119260
2026-03-31,46,22,115.03,0.115030
2026-03-31,47,23,102.3,0.102300
2026-03-31,48,23,100.57,0.100570
2026-04-01,1,0,103.92,0.103920
2026-04-01,2,0,101.36,0.101360
2026-04-01,3,1,92.88,0.092880
2026-04-01,4,1,98.58,0.098580
2026-04-01,5,2,97.21,0.097210
2026-04-01,6,2,95.23,0.095230
2026-04-01,7,3,90.7,0.090700
2026-04-01,8,3,89.37,0.089370
2026-04-01,9,4,88.92,0.088920
2026-04-01,10,4,90.97,0.090970
2026-04-01,11,5,96.0,0.096000
2026-04-01,12,5,93.94,0.093940
2026-04-01,13,6,109.08,0.109080
2026-04-01,14,6,121.7,0.121700
2026-04-01,15,7,149.12,0.149120
2026-04-01,16,7,155.12,0.155120
2026-04-01,17,8,127.22,0.127220
2026-04-01,18,8,127.02,0.127020
2026-04-01,19,9,111.06,0.111060
2026-04-01,20,9,111.06,0.111060
2026-04-01,21,10,110.59,0.110590
2026-04-01,22,10,109.64,0.109640
2026-04-01,23,11,105.05,0.105050
2026-04-01,24,11,103.09,0.103090
2026-04-01,25,12,103.12,0.103120
2026-04-01,26,12,98.7,0.098700
2026-04-01,27,13,101.77,0.101770
2026-04-01,28,13,100.38,0.100380
2026-04-01,29,14,101.16,0.101160
2026-04-01,30,14,102.74,0.102740
2026-04-01,31,15,101.96,0.101960
2026-04-01,32,15,104.0,0.104000
2026-04-01,33,16,111.85,0.111850
2026-04-01,34,16,113.05,0.113050
2026-04-01,35,17,115.46,0.115460
2026-04-01,36,17,116.59,0.116590
2026-04-01,37,18,131.66,0.131660
2026-04-01,38,18,130.77,0.130770
2026-04-01,39,19,139.69,0.139690
2026-04-01,40,19,142.9,0.142900
2026-04-01,41,20,141.16,0.141160
2026-04-01,42,20,140.4,0.140400
2026-04-01,43,21,140.75,0.140750
2026-04-01,44,21,128.82,0.128820
2026-04-01,45,22,124.78,0.124780
2026-04-01,46,22,120.95,0.120950
2026-04-01,47,23,107.97,0.107970
2026-04-01,48,23,108.07,0.108070
2026-04-02,1,0,107.53,0.107530
2026-04-02,2,0,108.31,0.108310
2026-04-02,3,1,104.55,0.104550
2026-04-02,4,1,102.64,0.102640
2026-04-02,5,2,101.77,0.101770
2026-04-02,6,2,102.9,0.102900
2026-04-02,7,3,96.76,0.096760
2026-04-02,8,3,97.43,0.097430
2026-04-02,9,4,97.55,0.097550
2026-04-02,10,4,96.78,0.096780
2026-04-02,11,5,100.35,0.100350
2026-04-02,12,5,101.61,0.101610
2026-04-02,13,6,112.44,0.112440
2026-04-02,14,6,120.72,0.120720
2026-04-02,15,7,122.45,0.122450
2026-04-02,16,7,134.62,0.134620
2026-04-02,17,8,110.59,0.110590
2026-04-02,18,8,114.8,0.114800
2026-04-02,19,9,115.51,0.115510
2026-04-02,20,9,111.66,0.111660
2026-04-02,21,10,104.29,0.104290
2026-04-02,22,10,102.1,0.102100
2026-04-02,23,11,98.79,0.098790
2026-04-02,24,11,96.24,0.096240
2026-04-02,25,12,95.47,0.095470
2026-04-02,26,12,96.12,0.096120
2026-04-02,27,13,95.19,0.095190
2026-04-02,28,13,94.03,0.094030
2026-04-02,29,14,92.84,0.092840
2026-04-02,30,14,92.21,0.092210
2026-04-02,31,15,94.72,0.094720
2026-04-02,32,15,89.58,0.089580
2026-04-02,33,16,85.68,0.085680
2026-04-02,34,16,82.09,0.082090
2026-04-02,35,17,92.63,0.092630
2026-04-02,36,17,100.56,0.100560
2026-04-02,37,18,115.92,0.115920
2026-04-02,38,18,112.69,0.112690
2026-04-02,39,19,109.01,0.109010
2026-04-02,40,19,105.64,0.105640
2026-04-02,41,20,114.59,0.114590
2026-04-02,42,20,107.7,0.107700
2026-04-02,43,21,107.03,0.107030
2026-04-02,44,21,100.71,0.100710
2026-04-02,45,22,108.13,0.108130
2026-04-02,46,22,101.46,0.101460
2026-04-02,47,23,87.88,0.087880
2026-04-02,48,23,92.27,0.092270
2026-04-03,1,0,91.5,0.091500
2026-04-03,2,0,87.87,0.087870
2026-04-03,3,1,86.8,0.086800
2026-04-03,4,1,91.52,0.091520
2026-04-03,5,2,90.72,0.090720
2026-04-03,6,2,88.07,0.088070
2026-04-03,7,3,91.98,0.091980
2026-04-03,8,3,94.39,0.094390
2026-04-03,9,4,89.69,0.089690
2026-04-03,10,4,91.87,0.091870
2026-04-03,11,5,98.3,0.098300
2026-04-03,12,5,98.34,0.098340
2026-04-03,13,6,100.62,0.100620
2026-04-03,14,6,106.94,0.106940
2026-04-03,15,7,107.35,0.107350
2026-04-03,16,7,113.86,0.113860
2026-04-03,17,8,101.36,0.101360
2026-04-03,18,8,103.9,0.103900
2026-04-03,19,9,84.25,0.084250
2026-04-03,20,9,87.4,0.087400
2026-04-03,21,10,97.24,0.097240
2026-04-03,22,10,97.09,0.097090
2026-04-03,23,11,89.33,0.089330
2026-04-03,24,11,81.32,0.081320
2026-04-03,25,12,76.55,0.076550
2026-04-03,26,12,58.61,0.058610
2026-04-03,27,13,48.71,0.048710
2026-04-03,28,13,39.77,0.039770
2026-04-03,29,14,30.07,0.030070
2026-04-03,30,14,22.64,0.022640
2026-04-03,31,15,11.31,0.011310
2026-04-03,32,15,0.16,0.000160
2026-04-03,35,17,5.32,0.005320
2026-04-03,36,17,13.97,0.013970
2026-04-03,37,18,18.59,0.018590
2026-04-03,38,18,22.64,0.022640
2026-04-03,39,19,21.41,0.021410
2026-04-03,40,19,24.15,0.024150
2026-04-03,41,20,19.33,0.019330
2026-04-03,42,20,16.07,0.016070
2026-04-03,43,21,9.68,0.009680
2026-04-03,44,21,7.54,0.007540
2026-04-03,45,22,9.18,0.009180
2026-04-03,46,22,7.4,0.007400
2026-04-03,47,23,7.01,0.007010
2026-04-03,48,23,7.11,0.007110
2026-04-04,1,0,4.87,0.004870
2026-04-04,2,0,4.77,0.004770
2026-04-04,3,1,3.97,0.003970
2026-04-04,4,1,9.2,0.009200
2026-04-04,5,2,22.55,0.022550
2026-04-04,6,2,35.37,0.035370
2026-04-04,7,3,45.07,0.045070
2026-04-04,8,3,47.97,0.047970
2026-04-04,9,4,50.61,0.050610
2026-04-04,10,4,50.09,0.050090
2026-04-04,11,5,59.04,0.059040
2026-04-04,12,5,76.89,0.076890
2026-04-04,13,6,90.72,0.090720
2026-04-04,14,6,102.37,0.102370
2026-04-04,15,7,112.79,0.112790
2026-04-04,16,7,110.03,0.110030
2026-04-04,17,8,113.23,0.113230
2026-04-04,18,8,118.67,0.118670
2026-04-04,19,9,126.99,0.126990
2026-04-04,20,9,132.01,0.132010
2026-04-04,21,10,132.19,0.132190
2026-04-04,22,10,128.44,0.128440
2026-04-04,23,11,124.48,0.124480
2026-04-04,24,11,116.89,0.116890
2026-04-04,25,12,93.93,0.093930
2026-04-04,26,12,53.28,0.053280
2026-04-04,27,13,23.2,0.023200
2026-04-04,28,13,33.29,0.033290
2026-04-04,29,14,12.97,0.012970
2026-04-04,30,14,11.86,0.011860
2026-04-04,31,15,22.39,0.022390
2026-04-04,32,15,13.28,0.013280
2026-04-04,33,16,29.18,0.029180
2026-04-04,34,16,27.51,0.027510
2026-04-04,35,17,57.51,0.057510
2026-04-04,36,17,68.52,0.068520
2026-04-04,37,18,69.67,0.069670
2026-04-04,38,18,69.19,0.069190
2026-04-04,39,19,84.44,0.084440
2026-04-04,40,19,89.03,0.089030
2026-04-04,41,20,84.95,0.084950
2026-04-04,42,20,78.47,0.078470
2026-04-04,43,21,70.26,0.070260
2026-04-04,44,21,47.69,0.047690
2026-04-04,45,22,33.03,0.033030
2026-04-04,46,22,21.1,0.021100
2026-04-04,47,23,7.13,0.007130
2026-04-04,48,23,12.01,0.012010
2026-04-05,1,0,17.05,0.017050
2026-04-05,2,0,29.11,0.029110
2026-04-05,3,1,33.44,0.033440
2026-04-05,4,1,42.42,0.042420
2026-04-05,5,2,55.2,0.055200
2026-04-05,6,2,37.31,0.037310
2026-04-05,7,3,26.98,0.026980
2026-04-05,8,3,21.02,0.021020
2026-04-05,9,4,20.21,0.020210
2026-04-05,10,4,17.26,0.017260
2026-04-05,11,5,9.94,0.009940
2026-04-05,12,5,11.33,0.011330
2026-04-05,13,6,6.61,0.006610
2026-04-05,14,6,8.69,0.008690
2026-04-05,15,7,4.19,0.004190
2026-04-05,16,7,5.16,0.005160
2026-04-05,17,8,7.04,0.007040
2026-04-05,18,8,15.6,0.015600
2026-04-05,19,9,6.78,0.006780
2026-04-05,20,9,6.83,0.006830
2026-04-05,21,10,9.37,0.009370
2026-04-05,36,17,15.6,0.015600
2026-04-05,37,18,4.02,0.004020
2026-04-05,38,18,42.45,0.042450
2026-04-05,39,19,67.07,0.067070
2026-04-05,40,19,90.02,0.090020
2026-04-05,41,20,103.03,0.103030
2026-04-05,42,20,111.35,0.111350
2026-04-05,43,21,109.04,0.109040
2026-04-05,44,21,109.1,0.109100
2026-04-05,45,22,109.96,0.109960
2026-04-05,46,22,112.48,0.112480
2026-04-05,47,23,113.98,0.113980
2026-04-05,48,23,110.13,0.110130
2026-04-06,1,0,106.31,0.106310
2026-04-06,2,0,109.37,0.109370
2026-04-06,3,1,110.64,0.110640
2026-04-06,4,1,114.11,0.114110
2026-04-06,5,2,116.17,0.116170
2026-04-06,6,2,116.0,0.116000
2026-04-06,7,3,111.73,0.111730
2026-04-06,8,3,105.25,0.105250
2026-04-06,9,4,100.37,0.100370
2026-04-06,10,4,106.5,0.106500
2026-04-06,11,5,107.61,0.107610
2026-04-06,12,5,111.73,0.111730
2026-04-06,13,6,118.35,0.118350
2026-04-06,14,6,118.89,0.118890
2026-04-06,15,7,121.2,0.121200
2026-04-06,16,7,125.46,0.125460
2026-04-06,17,8,120.96,0.120960
2026-04-06,18,8,118.55,0.118550
2026-04-06,19,9,118.54,0.118540
2026-04-06,20,9,116.44,0.116440
2026-04-06,21,10,116.78,0.116780
2026-04-06,22,10,102.29,0.102290
2026-04-06,23,11,69.5,0.069500
2026-04-06,24,11,47.06,0.047060
2026-04-06,25,12,28.15,0.028150
2026-04-06,26,12,8.55,0.008550
2026-04-06,34,16,0.9,0.000900
2026-04-06,35,17,59.36,0.059360
2026-04-06,36,17,81.69,0.081690
2026-04-06,37,18,101.47,0.101470
2026-04-06,38,18,107.01,0.107010
2026-04-06,39,19,118.8,0.118800
2026-04-06,40,19,124.59,0.124590
2026-04-06,41,20,123.87,0.123870
2026-04-06,42,20,123.16,0.123160
2026-04-06,43,21,119.27,0.119270
2026-04-06,44,21,114.11,0.114110
2026-04-06,45,22,105.65,0.105650
2026-04-06,46,22,99.9,0.099900
2026-04-06,47,23,83.55,0.083550
2026-04-06,48,23,82.06,0.082060
2026-04-07,1,0,75.07,0.075070
2026-04-07,2,0,68.77,0.068770
2026-04-07,3,1,59.11,0.059110
2026-04-07,4,1,54.33,0.054330
2026-04-07,5,2,55.21,0.055210
2026-04-07,6,2,61.3,0.061300
2026-04-07,7,3,66.05,0.066050
2026-04-07,8,3,63.72,0.063720
2026-04-07,9,4,66.48,0.066480
2026-04-07,10,4,62.11,0.062110
2026-04-07,11,5,78.03,0.078030
2026-04-07,12,5,86.56,0.086560
2026-04-07,13,6,105.82,0.105820
2026-04-07,14,6,107.78,0.107780
2026-04-07,15,7,98.63,0.098630
2026-04-07,16,7,100.03,0.100030
2026-04-07,17,8,101.01,0.101010
2026-04-07,18,8,97.4,0.097400
2026-04-07,19,9,65.4,0.065400
2026-04-07,20,9,28.73,0.028730
2026-04-07,21,10,17.73,0.017730
2026-04-07,22,10,1.55,0.001550
2026-04-07,33,16,11.01,0.011010
2026-04-07,34,16,49.66,0.049660
2026-04-07,35,17,77.43,0.077430
2026-04-07,36,17,93.0,0.093000
2026-04-07,37,18,95.49,0.095490
2026-04-07,38,18,104.5,0.104500
2026-04-07,39,19,115.5,0.115500
2026-04-07,40,19,121.64,0.121640
2026-04-07,41,20,118.36,0.118360
2026-04-07,42,20,116.97,0.116970
2026-04-07,43,21,100.87,0.100870
2026-04-07,44,21,99.93,0.099930
2026-04-07,45,22,104.82,0.104820
2026-04-07,46,22,93.27,0.093270
2026-04-07,47,23,91.15,0.091150
2026-04-07,48,23,94.66,0.094660
2026-04-08,1,0,91.83,0.091830
2026-04-08,2,0,88.86,0.088860
2026-04-08,3,1,90.6,0.090600
2026-04-08,4,1,92.7,0.092700
2026-04-08,5,2,88.9,0.088900
2026-04-08,6,2,90.48,0.090480
2026-04-08,7,3,86.27,0.086270
2026-04-08,8,3,89.09,0.089090
2026-04-08,9,4,93.66,0.093660
2026-04-08,10,4,93.68,0.093680
2026-04-08,11,5,111.23,0.111230
2026-04-08,12,5,121.8,0.121800
2026-04-08,13,6,127.1,0.127100
2026-04-08,14,6,135.38,0.135380
2026-04-08,15,7,130.33,0.130330
2026-04-08,16,7,139.43,0.139430
2026-04-08,17,8,141.0,0.141000
2026-04-08,18,8,136.87,0.136870
2026-04-08,19,9,132.7,0.132700
2026-04-08,20,9,118.05,0.118050
2026-04-08,21,10,116.02,0.116020
2026-04-08,22,10,110.92,0.110920
2026-04-08,23,11,100.76,0.100760
2026-04-08,24,11,92.6,0.092600
2026-04-08,25,12,87.98,0.087980
2026-04-08,26,12,85.59,0.085590
2026-04-08,27,13,88.4,0.088400
2026-04-08,28,13,81.93,0.081930
2026-04-08,29,14,81.93,0.081930
2026-04-08,30,14,82.97,0.082970
2026-04-08,31,15,85.84,0.085840
2026-04-08,32,15,87.78,0.087780
2026-04-08,33,16,91.14,0.091140
2026-04-08,34,16,94.02,0.094020
2026-04-08,35,17,111.48,0.111480
2026-04-08,36,17,120.72,0.120720
2026-04-08,37,18,134.41,0.134410
2026-04-08,38,18,135.12,0.135120
2026-04-08,39,19,137.3,0.137300
2026-04-08,40,19,129.69,0.129690
2026-04-08,41,20,125.04,0.125040
2026-04-08,42,20,119.79,0.119790
2026-04-08,43,21,106.38,0.106380
2026-04-08,44,21,97.74,0.097740
2026-04-08,45,22,96.29,0.096290
2026-04-08,46,22,95.6,0.095600
2026-04-08,47,23,82.73,0.082730
2026-04-08,48,23,87.41,0.087410
2026-04-09,1,0,84.61,0.084610
2026-04-09,2,0,82.39,0.082390
2026-04-09,3,1,81.76,0.081760
2026-04-09,4,1,82.24,0.082240
2026-04-09,5,2,84.58,0.084580
2026-04-09,6,2,83.07,0.083070
2026-04-09,7,3,81.78,0.081780
2026-04-09,8,3,80.3,0.080300
2026-04-09,9,4,87.92,0.087920
2026-04-09,10,4,89.3,0.089300
2026-04-09,11,5,107.45,0.107450
2026-04-09,12,5,105.38,0.105380
2026-04-09,13,6,112.16,0.112160
2026-04-09,14,6,118.26,0.118260
2026-04-09,15,7,113.71,0.113710
2026-04-09,16,7,110.79,0.110790
2026-04-09,17,8,102.14,0.102140
2026-04-09,18,8,98.4,0.098400
2026-04-09,19,9,104.78,0.104780
2026-04-09,20,9,104.17,0.104170
2026-04-09,21,10,103.59,0.103590
2026-04-09,22,10,106.62,0.106620
2026-04-09,23,11,108.92,0.108920
2026-04-09,24,11,109.88,0.109880
2026-04-09,25,12,111.26,0.111260
2026-04-09,26,12,107.46,0.107460
2026-04-09,27,13,98.49,0.098490
2026-04-09,28,13,93.18,0.093180
2026-04-09,29,14,95.51,0.095510
2026-04-09,30,14,89.83,0.089830
2026-04-09,31,15,104.27,0.104270
2026-04-09,32,15,107.79,0.107790
2026-04-09,33,16,106.89,0.106890
2026-04-09,34,16,111.31,0.111310
2026-04-09,35,17,117.41,0.117410
2026-04-09,36,17,116.3,0.116300
2026-04-09,37,18,118.37,0.118370
2026-04-09,38,18,119.75,0.119750
2026-04-09,39,19,114.77,0.114770
2026-04-09,40,19,120.43,0.120430
2026-04-09,41,20,111.33,0.111330
2026-04-09,42,20,114.8,0.114800
2026-04-09,43,21,103.3,0.103300
2026-04-09,44,21,79.92,0.079920
2026-04-09,45,22,75.82,0.075820
2026-04-09,46,22,74.64,0.074640
2026-04-09,47,23,69.19,0.069190
2026-04-09,48,23,63.42,0.063420
2026-04-10,1,0,60.74,0.060740
2026-04-10,2,0,53.86,0.053860
2026-04-10,3,1,51.22,0.051220
2026-04-10,4,1,54.67,0.054670
2026-04-10,5,2,41.67,0.041670
2026-04-10,6,2,37.93,0.037930
2026-04-10,7,3,27.8,0.027800
2026-04-10,8,3,24.51,0.024510
2026-04-10,9,4,23.93,0.023930
2026-04-10,10,4,26.91,0.026910
2026-04-10,11,5,39.67,0.039670
2026-04-10,12,5,60.11,0.060110
2026-04-10,13,6,85.76,0.085760
2026-04-10,14,6,97.71,0.097710
2026-04-10,15,7,101.13,0.101130
2026-04-10,16,7,108.88,0.108880
2026-04-10,17,8,116.29,0.116290
2026-04-10,18,8,121.14,0.121140
2026-04-10,19,9,118.03,0.118030
2026-04-10,20,9,115.67,0.115670
2026-04-10,21,10,101.06,0.101060
2026-04-10,22,10,101.31,0.101310
2026-04-10,23,11,95.98,0.095980
2026-04-10,24,11,96.49,0.096490
2026-04-10,25,12,94.16,0.094160
2026-04-10,26,12,93.84,0.093840
2026-04-10,27,13,92.03,0.092030
2026-04-10,28,13,89.55,0.089550
2026-04-10,29,14,82.11,0.082110
2026-04-10,30,14,74.33,0.074330
2026-04-10,31,15,69.01,0.069010
2026-04-10,32,15,81.16,0.081160
2026-04-10,33,16,86.95,0.086950
2026-04-10,34,16,101.2,0.101200
2026-04-10,35,17,119.86,0.119860
2026-04-10,36,17,119.1,0.119100
2026-04-10,37,18,124.63,0.124630
2026-04-10,38,18,122.97,0.122970
2026-04-10,39,19,126.15,0.126150
2026-04-10,40,19,123.1,0.123100
2026-04-10,41,20,122.18,0.122180
2026-04-10,42,20,117.87,0.117870
2026-04-10,43,21,112.03,0.112030
2026-04-10,44,21,100.96,0.100960
2026-04-10,45,22,101.63,0.101630
2026-04-10,46,22,68.55,0.068550
2026-04-10,47,23,70.94,0.070940
2026-04-10,48,23,24.52,0.024520
2026-04-11,1,0,15.29,0.015290
2026-04-11,2,0,7.25,0.007250
2026-04-11,3,1,4.33,0.004330
2026-04-11,4,1,0.21,0.000210
2026-04-11,15,7,7.59,0.007590
2026-04-11,16,7,11.74,0.011740
2026-04-11,17,8,11.08,0.011080
2026-04-11,18,8,11.93,0.011930
2026-04-11,31,15,6.63,0.006630
2026-04-11,32,15,6.05,0.006050
2026-04-11,33,16,13.56,0.013560
2026-04-11,34,16,16.48,0.016480
2026-04-11,35,17,9.55,0.009550
2026-04-11,36,17,17.72,0.017720
2026-04-11,37,18,18.2,0.018200
2026-04-11,38,18,19.47,0.019470
2026-04-11,39,19,29.55,0.029550
2026-04-11,40,19,30.66,0.030660
2026-04-11,41,20,35.56,0.035560
2026-04-11,42,20,29.79,0.029790
2026-04-11,43,21,30.96,0.030960
2026-04-11,44,21,16.3,0.016300
2026-04-11,45,22,19.68,0.019680
2026-04-11,46,22,10.26,0.010260
2026-04-11,47,23,9.57,0.009570
2026-04-11,48,23,14.23,0.014230
2026-04-12,1,0,14.95,0.014950
2026-04-12,2,0,13.23,0.013230
2026-04-12,3,1,13.35,0.013350
2026-04-12,4,1,13.95,0.013950
2026-04-12,5,2,13.53,0.013530
2026-04-12,6,2,16.48,0.016480
2026-04-12,7,3,20.72,0.020720
2026-04-12,8,3,22.56,0.022560
2026-04-12,9,4,21.28,0.021280
2026-04-12,10,4,21.33,0.021330
2026-04-12,11,5,25.94,0.025940
2026-04-12,12,5,29.87,0.029870
2026-04-12,13,6,29.02,0.029020
2026-04-12,14,6,33.45,0.033450
2026-04-12,15,7,52.73,0.052730
2026-04-12,16,7,63.41,0.063410
2026-04-12,17,8,50.61,0.050610
2026-04-12,18,8,50.43,0.050430
2026-04-12,19,9,34.15,0.034150
2026-04-12,20,9,24.82,0.024820
2026-04-12,21,10,25.13,0.025130
2026-04-12,22,10,26.73,0.026730
2026-04-12,23,11,28.63,0.028630
2026-04-12,24,11,32.24,0.032240
2026-04-12,25,12,31.25,0.031250
2026-04-12,26,12,31.22,0.031220
2026-04-12,27,13,41.35,0.041350
2026-04-12,28,13,29.82,0.029820
2026-04-12,29,14,24.7,0.024700
2026-04-12,30,14,30.43,0.030430
2026-04-12,31,15,30.28,0.030280
2026-04-12,32,15,41.28,0.041280
2026-04-12,33,16,52.94,0.052940
2026-04-12,34,16,80.32,0.080320
2026-04-12,35,17,99.48,0.099480
2026-04-12,36,17,108.56,0.108560
2026-04-12,37,18,115.51,0.115510
2026-04-12,38,18,125.62,0.125620
2026-04-12,39,19,133.01,0.133010
2026-04-12,40,19,139.85,0.139850
2026-04-12,41,20,135.04,0.135040
2026-04-12,42,20,136.15,0.136150
2026-04-12,43,21,132.64,0.132640
2026-04-12,44,21,119.59,0.119590
2026-04-12,45,22,118.2,0.118200
2026-04-12,46,22,110.41,0.110410
2026-04-12,47,23,107.48,0.107480
2026-04-12,48,23,104.51,0.104510
2026-04-13,1,0,107.0,0.107000
2026-04-13,2,0,105.14,0.105140
2026-04-13,3,1,103.41,0.103410
2026-04-13,4,1,109.74,0.109740
2026-04-13,5,2,107.45,0.107450
2026-04-13,6,2,112.32,0.112320
2026-04-13,7,3,112.48,0.112480
2026-04-13,8,3,114.97,0.114970
2026-04-13,9,4,119.86,0.119860
2026-04-13,10,4,119.01,0.119010
2026-04-13,11,5,129.2,0.129200
2026-04-13,12,5,133.13,0.133130
2026-04-13,13,6,136.4,0.136400
2026-04-13,14,6,148.29,0.148290
2026-04-13,15,7,159.28,0.159280
2026-04-13,16,7,185.11,0.185110
2026-04-13,17,8,184.05,0.184050
2026-04-13,18,8,186.39,0.186390
2026-04-13,19,9,145.29,0.145290
2026-04-13,20,9,122.45,0.122450
2026-04-13,21,10,121.73,0.121730
2026-04-13,22,10,117.73,0.117730
2026-04-13,23,11,97.3,0.097300
2026-04-13,24,11,98.9,0.098900
2026-04-13,25,12,97.74,0.097740
2026-04-13,26,12,98.35,0.098350
2026-04-13,27,13,98.08,0.098080
2026-04-13,28,13,96.52,0.096520
2026-04-13,29,14,100.3,0.100300
2026-04-13,30,14,96.74,0.096740
2026-04-13,31,15,94.11,0.094110
2026-04-13,32,15,94.76,0.094760
2026-04-13,33,16,93.54,0.093540
2026-04-13,34,16,101.12,0.101120
2026-04-13,35,17,118.25,0.118250
2026-04-13,36,17,120.45,0.120450
2026-04-13,37,18,121.62,0.121620
2026-04-13,38,18,126.72,0.126720
2026-04-13,39,19,117.11,0.117110
2026-04-13,40,19,119.19,0.119190
2026-04-13,41,20,124.2,0.124200
2026-04-13,42,20,122.61,0.122610
2026-04-13,43,21,118.67,0.118670
2026-04-13,44,21,105.67,0.105670
2026-04-13,45,22,105.85,0.105850
2026-04-13,46,22,110.33,0.110330
2026-04-13,47,23,96.9,0.096900
2026-04-13,48,23,99.02,0.099020
2026-04-14,1,0,99.34,0.099340
2026-04-14,2,0,98.33,0.098330
2026-04-14,3,1,96.07,0.096070
2026-04-14,4,1,94.9,0.094900
2026-04-14,5,2,92.09,0.092090
2026-04-14,6,2,89.97,0.089970
2026-04-14,7,3,94.88,0.094880
2026-04-14,8,3,93.17,0.093170
2026-04-14,9,4,100.13,0.100130
2026-04-14,10,4,97.31,0.097310
2026-04-14,11,5,119.48,0.119480
2026-04-14,12,5,124.59,0.124590
2026-04-14,13,6,131.57,0.131570
2026-04-14,14,6,136.58,0.136580
2026-04-14,15,7,133.72,0.133720
2026-04-14,16,7,138.11,0.138110
2026-04-14,17,8,128.89,0.128890
2026-04-14,18,8,129.43,0.129430
2026-04-14,19,9,102.97,0.102970
2026-04-14,20,9,100.84,0.100840
2026-04-14,21,10,96.61,0.096610
2026-04-14,22,10,90.28,0.090280
2026-04-14,23,11,90.23,0.090230
2026-04-14,24,11,87.28,0.087280
2026-04-14,25,12,80.38,0.080380
2026-04-14,26,12,79.43,0.079430
2026-04-14,27,13,72.42,0.072420
2026-04-14,28,13,68.53,0.068530
2026-04-14,29,14,72.65,0.072650
2026-04-14,30,14,71.01,0.071010
2026-04-14,31,15,85.23,0.085230
2026-04-14,32,15,89.55,0.089550
2026-04-14,33,16,97.28,0.097280
2026-04-14,34,16,98.99,0.098990
2026-04-14,35,17,101.89,0.101890
2026-04-14,36,17,107.0,0.107000
2026-04-14,37,18,105.95,0.105950
2026-04-14,38,18,111.43,0.111430
2026-04-14,39,19,113.91,0.113910
2026-04-14,40,19,112.17,0.112170
2026-04-14,41,20,116.47,0.116470
2026-04-14,42,20,113.24,0.113240
2026-04-14,43,21,113.29,0.113290
2026-04-14,44,21,103.95,0.103950
2026-04-14,45,22,97.72,0.097720
2026-04-14,46,22,94.95,0.094950
2026-04-14,47,23,83.48,0.083480
2026-04-14,48,23,73.94,0.073940
2026-04-15,1,0,79.27,0.079270
2026-04-15,2,0,72.7,0.072700
2026-04-15,3,1,67.23,0.067230
2026-04-15,4,1,69.61,0.069610
2026-04-15,5,2,70.15,0.070150
2026-04-15,6,2,71.53,0.071530
2026-04-15,7,3,75.72,0.075720
2026-04-15,8,3,75.61,0.075610
2026-04-15,9,4,80.51,0.080510
2026-04-15,10,4,78.1,0.078100
2026-04-15,11,5,82.43,0.082430
2026-04-15,12,5,92.97,0.092970
2026-04-15,13,6,101.54,0.101540
2026-04-15,14,6,109.4,0.109400
2026-04-15,15,7,119.8,0.119800
2026-04-15,16,7,124.76,0.124760
2026-04-15,17,8,110.88,0.110880
2026-04-15,18,8,112.94,0.112940
2026-04-15,19,9,88.15,0.088150
2026-04-15,20,9,74.34,0.074340
2026-04-15,21,10,69.66,0.069660
2026-04-15,22,10,63.4,0.063400
2026-04-15,23,11,44.34,0.044340
2026-04-15,24,11,39.86,0.039860
2026-04-15,25,12,34.96,0.034960
2026-04-15,26,12,31.6,0.031600
2026-04-15,27,13,45.49,0.045490
2026-04-15,28,13,49.9,0.049900
2026-04-15,29,14,64.45,0.064450
2026-04-15,30,14,69.99,0.069990
2026-04-15,31,15,83.41,0.083410
2026-04-15,32,15,84.82,0.084820
2026-04-15,33,16,89.43,0.089430
2026-04-15,34,16,91.01,0.091010
2026-04-15,35,17,103.93,0.103930
2026-04-15,36,17,92.42,0.092420
2026-04-15,37,18,103.1,0.103100
2026-04-15,38,18,104.45,0.104450
2026-04-15,39,19,103.6,0.103600
2026-04-15,40,19,110.92,0.110920
2026-04-15,41,20,111.23,0.111230
2026-04-15,42,20,112.04,0.112040
2026-04-15,43,21,110.03,0.110030
2026-04-15,44,21,107.12,0.107120
2026-04-15,45,22,101.91,0.101910
2026-04-15,46,22,96.28,0.096280
2026-04-15,47,23,101.19,0.101190
2026-04-15,48,23,92.7,0.092700
2026-04-16,1,0,92.28,0.092280
2026-04-16,2,0,90.96,0.090960
2026-04-16,3,1,92.56,0.092560
2026-04-16,4,1,94.56,0.094560
2026-04-16,5,2,92.14,0.092140
2026-04-16,6,2,90.82,0.090820
2026-04-16,7,3,87.05,0.087050
2026-04-16,8,3,86.7,0.086700
2026-04-16,9,4,89.97,0.089970
2026-04-16,10,4,89.96,0.089960
2026-04-16,11,5,99.19,0.099190
2026-04-16,12,5,105.42,0.105420
2026-04-16,13,6,108.64,0.108640
2026-04-16,14,6,111.9,0.111900
2026-04-16,15,7,111.42,0.111420
2026-04-16,16,7,114.72,0.114720
2026-04-16,17,8,108.89,0.108890
2026-04-16,18,8,109.23,0.109230
2026-04-16,19,9,97.08,0.097080
2026-04-16,20,9,78.01,0.078010
2026-04-16,21,10,79.49,0.079490
2026-04-16,22,10,83.28,0.083280
2026-04-16,23,11,80.47,0.080470
2026-04-16,24,11,85.91,0.085910
2026-04-16,25,12,88.92,0.088920
2026-04-16,26,12,88.27,0.088270
2026-04-16,27,13,83.29,0.083290
2026-04-16,28,13,74.05,0.074050
2026-04-16,29,14,73.38,0.073380
2026-04-16,30,14,69.38,0.069380
2026-04-16,31,15,71.36,0.071360
2026-04-16,32,15,68.53,0.068530
2026-04-16,33,16,85.72,0.085720
2026-04-16,34,16,76.32,0.076320
2026-04-16,35,17,86.68,0.086680
2026-04-16,36,17,93.08,0.093080
2026-04-16,37,18,102.45,0.102450
2026-04-16,38,18,112.22,0.112220
2026-04-16,39,19,108.46,0.108460
2026-04-16,40,19,115.39,0.115390
2026-04-16,41,20,110.83,0.110830
2026-04-16,42,20,113.27,0.113270
2026-04-16,43,21,109.03,0.109030
2026-04-16,44,21,102.3,0.102300
2026-04-16,45,22,99.89,0.099890
2026-04-16,46,22,102.41,0.102410
2026-04-16,47,23,99.93,0.099930
2026-04-16,48,23,103.34,0.103340
2026-04-17,1,0,102.18,0.102180
2026-04-17,2,0,102.03,0.102030
2026-04-17,3,1,98.77,0.098770
2026-04-17,4,1,93.27,0.093270
2026-04-17,5,2,90.38,0.090380
2026-04-17,6,2,85.93,0.085930
2026-04-17,7,3,85.82,0.085820
2026-04-17,8,3,83.0,0.083000
2026-04-17,9,4,87.58,0.087580
2026-04-17,10,4,88.38,0.088380
2026-04-17,11,5,94.68,0.094680
2026-04-17,12,5,98.96,0.098960
2026-04-17,13,6,103.09,0.103090
2026-04-17,14,6,112.68,0.112680
2026-04-17,15,7,91.79,0.091790
2026-04-17,16,7,103.55,0.103550
2026-04-17,17,8,87.96,0.087960
2026-04-17,18,8,78.57,0.078570
2026-04-17,19,9,52.87,0.052870
2026-04-17,20,9,54.31,0.054310
2026-04-17,21,10,51.35,0.051350
2026-04-17,22,10,44.05,0.044050
2026-04-17,23,11,30.16,0.030160
2026-04-17,24,11,24.51,0.024510
2026-04-17,25,12,24.43,0.024430
2026-04-17,26,12,23.5,0.023500
2026-04-17,27,13,23.82,0.023820
2026-04-17,28,13,21.31,0.021310
2026-04-17,29,14,36.99,0.036990
2026-04-17,30,14,38.89,0.038890
2026-04-17,31,15,71.28,0.071280
2026-04-17,32,15,71.2,0.071200
2026-04-17,33,16,72.17,0.072170
2026-04-17,34,16,80.1,0.080100
2026-04-17,35,17,87.08,0.087080
2026-04-17,36,17,90.01,0.090010
2026-04-17,37,18,85.95,0.085950
2026-04-17,38,18,96.34,0.096340
2026-04-17,39,19,107.87,0.107870
2026-04-17,40,19,111.0,0.111000
2026-04-17,41,20,109.42,0.109420
2026-04-17,42,20,112.83,0.112830
2026-04-17,43,21,100.19,0.100190
2026-04-17,44,21,97.26,0.097260
2026-04-17,45,22,94.6,0.094600
2026-04-17,46,22,92.57,0.092570
2026-04-17,47,23,97.05,0.097050
2026-04-17,48,23,97.95,0.097950
2026-04-18,1,0,97.47,0.097470
2026-04-18,2,0,95.11,0.095110
2026-04-18,3,1,88.89,0.088890
2026-04-18,4,1,86.42,0.086420
2026-04-18,5,2,85.16,0.085160
2026-04-18,6,2,82.84,0.082840
2026-04-18,7,3,74.61,0.074610
2026-04-18,8,3,69.81,0.069810
2026-04-18,9,4,66.36,0.066360
2026-04-18,10,4,67.22,0.067220
2026-04-18,11,5,66.55,0.066550
2026-04-18,12,5,68.78,0.068780
2026-04-18,13,6,67.57,0.067570
2026-04-18,14,6,76.88,0.076880
2026-04-18,15,7,69.14,0.069140
2026-04-18,16,7,75.15,0.075150
2026-04-18,17,8,64.49,0.064490
2026-04-18,18,8,67.2,0.067200
2026-04-18,19,9,56.54,0.056540
2026-04-18,20,9,39.55,0.039550
2026-04-18,21,10,38.83,0.038830
2026-04-18,22,10,31.06,0.031060
2026-04-18,23,11,42.17,0.042170
2026-04-18,24,11,42.92,0.042920
2026-04-18,25,12,38.52,0.038520
2026-04-18,26,12,42.97,0.042970
2026-04-18,27,13,48.03,0.048030
2026-04-18,28,13,50.52,0.050520
2026-04-18,29,14,52.33,0.052330
2026-04-18,30,14,59.21,0.059210
2026-04-18,31,15,78.86,0.078860
2026-04-18,32,15,78.53,0.078530
2026-04-18,33,16,80.04,0.080040
2026-04-18,34,16,82.01,0.082010
2026-04-18,35,17,91.13,0.091130
2026-04-18,36,17,93.55,0.093550
2026-04-18,37,18,99.51,0.099510
2026-04-18,38,18,106.32,0.106320
2026-04-18,39,19,108.38,0.108380
2026-04-18,40,19,112.7,0.112700
2026-04-18,41,20,109.36,0.109360
2026-04-18,42,20,111.28,0.111280
2026-04-18,43,21,108.1,0.108100
2026-04-18,44,21,105.39,0.105390
2026-04-18,45,22,96.21,0.096210
2026-04-18,46,22,90.29,0.090290
2026-04-18,47,23,95.92,0.095920
2026-04-18,48,23,90.06,0.090060
2026-04-19,1,0,91.1,0.091100
2026-04-19,2,0,90.35,0.090350
2026-04-19,3,1,94.27,0.094270
2026-04-19,4,1,98.53,0.098530
2026-04-19,5,2,102.72,0.102720
2026-04-19,6,2,102.48,0.102480
2026-04-19,7,3,94.35,0.094350
2026-04-19,8,3,92.65,0.092650
2026-04-19,9,4,93.82,0.093820
2026-04-19,10,4,94.48,0.094480
2026-04-19,11,5,95.55,0.095550
2026-04-19,12,5,98.5,0.098500
2026-04-19,13,6,94.62,0.094620
2026-04-19,14,6,96.35,0.096350
2026-04-19,15,7,88.37,0.088370
2026-04-19,16,7,83.51,0.083510
2026-04-19,17,8,91.19,0.091190
2026-04-19,18,8,77.83,0.077830
2026-04-19,19,9,76.91,0.076910
2026-04-19,20,9,53.83,0.053830
2026-04-19,21,10,64.73,0.064730
2026-04-19,22,10,57.88,0.057880
2026-04-19,23,11,48.53,0.048530
2026-04-19,24,11,66.95,0.066950
2026-04-19,25,12,62.07,0.062070
2026-04-19,26,12,67.2,0.067200
2026-04-19,27,13,80.75,0.080750
2026-04-19,28,13,83.27,0.083270
2026-04-19,29,14,83.91,0.083910
2026-04-19,30,14,85.75,0.085750
2026-04-19,31,15,98.94,0.098940
2026-04-19,32,15,97.05,0.097050
2026-04-19,33,16,94.76,0.094760
2026-04-19,34,16,98.81,0.098810
2026-04-19,35,17,94.39,0.094390
2026-04-19,36,17,95.63,0.095630
2026-04-19,37,18,103.34,0.103340
2026-04-19,38,18,110.54,0.110540
2026-04-19,39,19,116.04,0.116040
2026-04-19,40,19,114.14,0.114140
2026-04-19,41,20,119.64,0.119640
2026-04-19,42,20,118.73,0.118730
2026-04-19,43,21,117.57,0.117570
2026-04-19,44,21,113.08,0.113080
2026-04-19,45,22,114.61,0.114610
2026-04-19,46,22,104.37,0.104370
2026-04-19,47,23,99.4,0.099400
2026-04-19,48,23,94.45,0.094450
2026-04-20,1,0,89.23,0.089230
2026-04-20,2,0,87.71,0.087710
2026-04-20,3,1,84.74,0.084740
2026-04-20,4,1,84.5,0.084500
2026-04-20,5,2,82.69,0.082690
2026-04-20,6,2,81.99,0.081990
2026-04-20,7,3,82.72,0.082720
2026-04-20,8,3,81.65,0.081650
2026-04-20,9,4,81.93,0.081930
2026-04-20,10,4,81.45,0.081450
2026-04-20,11,5,97.02,0.097020
2026-04-20,12,5,96.23,0.096230
2026-04-20,13,6,105.47,0.105470
2026-04-20,14,6,111.27,0.111270
2026-04-20,15,7,121.02,0.121020
2026-04-20,16,7,125.41,0.125410
2026-04-20,17,8,116.48,0.116480
2026-04-20,18,8,119.22,0.119220
2026-04-20,19,9,109.25,0.109250
2026-04-20,20,9,99.35,0.099350
2026-04-20,21,10,92.61,0.092610
2026-04-20,22,10,87.16,0.087160
2026-04-20,23,11,83.53,0.083530
2026-04-20,24,11,82.61,0.082610
2026-04-20,25,12,84.74,0.084740
2026-04-20,26,12,85.6,0.085600
2026-04-20,27,13,84.36,0.084360
2026-04-20,28,13,82.19,0.082190
2026-04-20,29,14,84.19,0.084190
2026-04-20,30,14,87.55,0.087550
2026-04-20,31,15,95.49,0.095490
2026-04-20,32,15,98.48,0.098480
2026-04-20,33,16,95.13,0.095130
2026-04-20,34,16,97.36,0.097360
2026-04-20,35,17,104.68,0.104680
2026-04-20,36,17,98.27,0.098270
2026-04-20,37,18,107.67,0.107670
2026-04-20,38,18,100.39,0.100390
2026-04-20,39,19,106.9,0.106900
2026-04-20,40,19,107.51,0.107510
2026-04-20,41,20,108.38,0.108380
2026-04-20,42,20,109.51,0.109510
2026-04-20,43,21,106.59,0.106590
2026-04-20,44,21,104.47,0.104470
2026-04-20,45,22,101.06,0.101060
2026-04-20,46,22,104.6,0.104600
2026-04-20,47,23,89.92,0.089920
2026-04-20,48,23,88.2,0.088200
2026-04-21,1,0,90.78,0.090780
2026-04-21,2,0,85.63,0.085630
2026-04-21,3,1,85.01,0.085010
2026-04-21,4,1,82.87,0.082870
2026-04-21,5,2,83.0,0.083000
2026-04-21,6,2,82.24,0.082240
2026-04-21,7,3,82.35,0.082350
2026-04-21,8,3,81.61,0.081610
2026-04-21,9,4,85.75,0.085750
2026-04-21,10,4,87.14,0.087140
2026-04-21,11,5,111.38,0.111380
2026-04-21,12,5,110.58,0.110580
2026-04-21,13,6,109.2,0.109200
2026-04-21,14,6,117.91,0.117910
2026-04-21,15,7,115.57,0.115570
2026-04-21,16,7,115.61,0.115610
2026-04-21,17,8,114.39,0.114390
2026-04-21,18,8,115.56,0.115560
2026-04-21,19,9,111.33,0.111330
2026-04-21,20,9,110.2,0.110200
2026-04-21,21,10,110.75,0.110750
2026-04-21,22,10,96.0,0.096000
2026-04-21,23,11,89.1,0.089100
2026-04-21,24,11,78.88,0.078880
2026-04-21,25,12,66.05,0.066050
2026-04-21,26,12,55.8,0.055800
2026-04-21,27,13,46.18,0.046180
2026-04-21,28,13,38.92,0.038920
2026-04-21,29,14,25.92,0.025920
2026-04-21,30,14,15.26,0.015260
2026-04-21,31,15,14.28,0.014280
2026-04-21,32,15,23.49,0.023490
2026-04-21,33,16,50.29,0.050290
2026-04-21,34,16,74.55,0.074550
2026-04-21,35,17,79.27,0.079270
2026-04-21,36,17,98.88,0.098880
2026-04-21,37,18,99.89,0.099890
2026-04-21,38,18,100.57,0.100570
2026-04-21,39,19,119.91,0.119910
2026-04-21,40,19,114.84,0.114840
2026-04-21,41,20,112.2,0.112200
2026-04-21,42,20,112.34,0.112340
2026-04-21,43,21,113.22,0.113220
2026-04-21,44,21,119.89,0.119890
2026-04-21,45,22,102.78,0.102780
2026-04-21,46,22,97.73,0.097730
2026-04-21,47,23,79.96,0.079960
2026-04-21,48,23,77.78,0.077780
2026-04-22,1,0,77.25,0.077250
2026-04-22,2,0,76.39,0.076390
2026-04-22,3,1,74.2,0.074200
2026-04-22,4,1,74.99,0.074990
2026-04-22,5,2,75.57,0.075570
2026-04-22,6,2,74.9,0.074900
2026-04-22,7,3,73.38,0.073380
2026-04-22,8,3,74.06,0.074060
2026-04-22,9,4,74.86,0.074860
2026-04-22,10,4,76.16,0.076160
2026-04-22,11,5,96.48,0.096480
2026-04-22,12,5,86.91,0.086910
2026-04-22,13,6,97.78,0.097780
2026-04-22,14,6,109.04,0.109040
2026-04-22,15,7,91.11,0.091110
2026-04-22,16,7,101.66,0.101660
2026-04-22,17,8,79.15,0.079150
2026-04-22,18,8,72.87,0.072870
2026-04-22,19,9,50.11,0.050110
2026-04-22,20,9,30.61,0.030610
2026-04-22,21,10,15.81,0.015810
2026-04-22,34,16,57.3,0.057300
2026-04-22,35,17,64.42,0.064420
2026-04-22,36,17,84.8,0.084800
2026-04-22,37,18,99.59,0.099590
2026-04-22,38,18,111.57,0.111570
2026-04-22,39,19,120.61,0.120610
2026-04-22,40,19,126.9,0.126900
2026-04-22,41,20,120.52,0.120520
2026-04-22,42,20,124.84,0.124840
2026-04-22,43,21,118.66,0.118660
2026-04-22,44,21,102.81,0.102810
2026-04-22,45,22,98.11,0.098110
2026-04-22,46,22,95.87,0.095870
2026-04-22,47,23,89.31,0.089310
2026-04-22,48,23,87.64,0.087640
2026-04-23,1,0,86.48,0.086480
2026-04-23,2,0,88.19,0.088190
2026-04-23,3,1,85.25,0.085250
2026-04-23,4,1,88.94,0.088940
2026-04-23,5,2,87.2,0.087200
2026-04-23,6,2,89.85,0.089850
2026-04-23,7,3,93.7,0.093700
2026-04-23,8,3,88.17,0.088170
2026-04-23,9,4,92.12,0.092120
2026-04-23,10,4,90.74,0.090740
2026-04-23,11,5,98.22,0.098220
2026-04-23,12,5,105.09,0.105090
2026-04-23,13,6,112.85,0.112850
2026-04-23,14,6,124.53,0.124530
2026-04-23,15,7,128.78,0.128780
2026-04-23,16,7,121.89,0.121890
2026-04-23,17,8,131.44,0.131440
2026-04-23,18,8,130.35,0.130350
2026-04-23,19,9,128.45,0.128450
2026-04-23,20,9,117.82,0.117820
2026-04-23,21,10,111.84,0.111840
2026-04-23,22,10,107.3,0.107300
2026-04-23,23,11,93.52,0.093520
2026-04-23,24,11,92.2,0.092200
2026-04-23,25,12,90.53,0.090530
2026-04-23,26,12,89.22,0.089220
2026-04-23,27,13,86.62,0.086620
2026-04-23,28,13,85.81,0.085810
2026-04-23,29,14,85.6,0.085600
2026-04-23,30,14,87.93,0.087930
2026-04-23,31,15,94.43,0.094430
2026-04-23,32,15,93.6,0.093600
2026-04-23,33,16,104.05,0.104050
2026-04-23,34,16,104.14,0.104140
2026-04-23,35,17,105.81,0.105810
2026-04-23,36,17,112.25,0.112250
2026-04-23,37,18,114.45,0.114450
2026-04-23,38,18,122.73,0.122730
2026-04-23,39,19,129.16,0.129160
2026-04-23,40,19,132.02,0.132020
2026-04-23,41,20,132.75,0.132750
2026-04-23,42,20,133.15,0.133150
2026-04-23,43,21,130.51,0.130510
2026-04-23,44,21,125.44,0.125440
2026-04-23,45,22,122.5,0.122500
2026-04-23,46,22,113.53,0.113530
2026-04-23,47,23,93.71,0.093710
2026-04-23,48,23,92.49,0.092490
2026-04-24,1,0,92.6,0.092600
2026-04-24,2,0,96.7,0.096700
2026-04-24,3,1,91.12,0.091120
2026-04-24,4,1,91.0,0.091000
2026-04-24,5,2,90.81,0.090810
2026-04-24,6,2,89.81,0.089810
2026-04-24,7,3,87.29,0.087290
2026-04-24,8,3,86.16,0.086160
2026-04-24,9,4,86.72,0.086720
2026-04-24,10,4,86.48,0.086480
2026-04-24,11,5,94.86,0.094860
2026-04-24,12,5,96.91,0.096910
2026-04-24,13,6,104.03,0.104030
2026-04-24,14,6,112.16,0.112160
2026-04-24,15,7,106.67,0.106670
2026-04-24,16,7,113.03,0.113030
2026-04-24,17,8,114.7,0.114700
2026-04-24,18,8,113.21,0.113210
2026-04-24,19,9,101.25,0.101250
2026-04-24,20,9,101.89,0.101890
2026-04-24,21,10,101.35,0.101350
2026-04-24,22,10,96.88,0.096880
2026-04-24,23,11,85.25,0.085250
2026-04-24,24,11,99.08,0.099080
2026-04-24,25,12,99.92,0.099920
2026-04-24,26,12,95.84,0.095840
2026-04-24,27,13,92.65,0.092650
2026-04-24,28,13,90.67,0.090670
2026-04-24,29,14,97.1,0.097100
2026-04-24,30,14,99.48,0.099480
2026-04-24,31,15,105.05,0.105050
2026-04-24,32,15,100.51,0.100510
2026-04-24,33,16,108.84,0.108840
2026-04-24,34,16,107.11,0.107110
2026-04-24,35,17,106.09,0.106090
2026-04-24,36,17,107.41,0.107410
2026-04-24,37,18,118.9,0.118900
2026-04-24,38,18,123.56,0.123560
2026-04-24,39,19,126.96,0.126960
2026-04-24,40,19,126.44,0.126440
2026-04-24,41,20,129.14,0.129140
2026-04-24,42,20,124.89,0.124890
2026-04-24,43,21,118.4,0.118400
2026-04-24,44,21,122.97,0.122970
2026-04-24,45,22,119.35,0.119350
2026-04-24,46,22,113.65,0.113650
2026-04-24,47,23,107.79,0.107790
2026-04-24,48,23,103.9,0.103900
2026-04-25,1,0,104.46,0.104460
2026-04-25,2,0,105.36,0.105360
2026-04-25,3,1,113.07,0.113070
2026-04-25,4,1,115.87,0.115870
2026-04-25,5,2,106.99,0.106990
2026-04-25,6,2,104.64,0.104640
2026-04-25,7,3,91.66,0.091660
2026-04-25,8,3,87.83,0.087830
2026-04-25,9,4,87.83,0.087830
2026-04-25,10,4,87.44,0.087440
2026-04-25,11,5,88.46,0.088460
2026-04-25,12,5,93.21,0.093210
2026-04-25,13,6,94.4,0.094400
2026-04-25,14,6,97.53,0.097530
2026-04-25,15,7,96.81,0.096810
2026-04-25,16,7,94.94,0.094940
2026-04-25,17,8,94.92,0.094920
2026-04-25,18,8,95.43,0.095430
2026-04-25,19,9,100.74,0.100740
2026-04-25,20,9,95.2,0.095200
2026-04-25,21,10,99.06,0.099060
2026-04-25,22,10,104.92,0.104920
2026-04-25,23,11,101.36,0.101360
2026-04-25,24,11,107.46,0.107460
2026-04-25,25,12,98.23,0.098230
2026-04-25,26,12,96.09,0.096090
2026-04-25,27,13,86.21,0.086210
2026-04-25,28,13,83.57,0.083570
2026-04-25,29,14,91.66,0.091660
2026-04-25,30,14,92.33,0.092330
2026-04-25,31,15,108.13,0.108130
2026-04-25,32,15,91.6,0.091600
2026-04-25,33,16,98.59,0.098590
2026-04-25,34,16,97.63,0.097630
2026-04-25,35,17,95.64,0.095640
2026-04-25,36,17,101.1,0.101100
2026-04-25,37,18,107.46,0.107460
2026-04-25,38,18,117.22,0.117220
2026-04-25,39,19,122.71,0.122710
2026-04-25,40,19,126.26,0.126260
2026-04-25,41,20,125.04,0.125040
2026-04-25,42,20,120.65,0.120650
2026-04-25,43,21,123.65,0.123650
2026-04-25,44,21,119.82,0.119820
2026-04-25,45,22,115.55,0.115550
2026-04-25,46,22,113.3,0.113300
2026-04-25,47,23,99.65,0.099650
2026-04-25,48,23,92.13,0.092130
2026-04-26,1,0,95.81,0.095810
2026-04-26,2,0,96.72,0.096720
2026-04-26,3,1,98.56,0.098560
2026-04-26,4,1,102.93,0.102930
2026-04-26,5,2,104.31,0.104310
2026-04-26,6,2,94.84,0.094840
2026-04-26,7,3,94.2,0.094200
2026-04-26,8,3,92.46,0.092460
2026-04-26,9,4,92.4,0.092400
2026-04-26,10,4,92.9,0.092900
2026-04-26,11,5,96.95,0.096950
2026-04-26,12,5,96.39,0.096390
2026-04-26,13,6,97.67,0.097670
2026-04-26,14,6,97.41,0.097410
2026-04-26,15,7,95.32,0.095320
2026-04-26,16,7,93.56,0.093560
2026-04-26,17,8,93.38,0.093380
2026-04-26,18,8,91.63,0.091630
2026-04-26,19,9,94.52,0.094520
2026-04-26,20,9,93.97,0.093970
2026-04-26,21,10,89.85,0.089850
2026-04-26,22,10,87.15,0.087150
2026-04-26,23,11,85.06,0.085060
2026-04-26,24,11,84.0,0.084000
2026-04-26,25,12,74.8,0.074800
2026-04-26,26,12,80.72,0.080720
2026-04-26,27,13,75.41,0.075410
2026-04-26,28,13,85.94,0.085940
2026-04-26,29,14,90.09,0.090090
2026-04-26,30,14,91.12,0.091120
2026-04-26,31,15,105.12,0.105120
2026-04-26,32,15,101.02,0.101020
2026-04-26,33,16,100.95,0.100950
2026-04-26,34,16,96.7,0.096700
2026-04-26,35,17,106.02,0.106020
2026-04-26,36,17,102.09,0.102090
2026-04-26,37,18,120.65,0.120650
2026-04-26,38,18,122.71,0.122710
2026-04-26,39,19,121.27,0.121270
2026-04-26,40,19,123.52,0.123520
2026-04-26,41,20,116.03,0.116030
2026-04-26,42,20,119.68,0.119680
2026-04-26,43,21,110.24,0.110240
2026-04-26,44,21,102.05,0.102050
2026-04-26,45,22,103.92,0.103920
2026-04-26,46,22,93.09,0.093090
2026-04-26,47,23,89.66,0.089660
2026-04-26,48,23,96.87,0.096870
2026-04-27,1,0,87.69,0.087690
2026-04-27,2,0,95.18,0.095180
2026-04-27,3,1,91.14,0.091140
2026-04-27,4,1,93.05,0.093050
2026-04-27,5,2,93.69,0.093690
2026-04-27,6,2,87.67,0.087670
2026-04-27,7,3,90.59,0.090590
2026-04-27,8,3,87.68,0.087680
2026-04-27,9,4,90.89,0.090890
2026-04-27,10,4,88.71,0.088710
2026-04-27,11,5,117.22,0.117220
2026-04-27,12,5,114.13,0.114130
2026-04-27,13,6,108.38,0.108380
2026-04-27,14,6,113.84,0.113840
2026-04-27,15,7,107.29,0.107290
2026-04-27,16,7,107.16,0.107160
2026-04-27,17,8,99.31,0.099310
2026-04-27,18,8,96.11,0.096110
2026-04-27,19,9,86.56,0.086560
2026-04-27,20,9,84.0,0.084000
2026-04-27,21,10,83.86,0.083860
2026-04-27,22,10,81.14,0.081140
2026-04-27,23,11,71.74,0.071740
2026-04-27,24,11,78.51,0.078510
2026-04-27,25,12,78.52,0.078520
2026-04-27,26,12,78.59,0.078590
2026-04-27,27,13,71.82,0.071820
2026-04-27,28,13,76.47,0.076470
2026-04-27,29,14,73.9,0.073900
2026-04-27,30,14,78.56,0.078560
2026-04-27,31,15,76.57,0.076570
2026-04-27,32,15,72.67,0.072670
2026-04-27,33,16,75.0,0.075000
2026-04-27,34,16,93.0,0.093000
2026-04-27,35,17,116.03,0.116030
2026-04-27,36,17,116.14,0.116140
2026-04-27,37,18,131.27,0.131270
2026-04-27,38,18,135.9,0.135900
2026-04-27,39,19,131.31,0.131310
2026-04-27,40,19,132.88,0.132880
2026-04-27,41,20,118.0,0.118000
2026-04-27,42,20,115.52,0.115520
2026-04-27,43,21,102.31,0.102310
2026-04-27,44,21,95.83,0.095830
2026-04-27,45,22,94.29,0.094290
2026-04-27,46,22,96.45,0.096450
2026-04-27,47,23,96.79,0.096790
2026-04-27,48,23,93.16,0.093160
2026-04-28,1,0,89.6,0.089600
2026-04-28,2,0,87.12,0.087120
2026-04-28,3,1,79.04,0.079040
2026-04-28,4,1,82.79,0.082790
2026-04-28,5,2,78.84,0.078840
2026-04-28,6,2,83.25,0.083250
2026-04-28,7,3,78.99,0.078990
2026-04-28,8,3,78.62,0.078620
2026-04-28,9,4,76.77,0.076770
2026-04-28,10,4,75.53,0.075530
2026-04-28,11,5,76.06,0.076060
2026-04-28,12,5,77.07,0.077070
2026-04-28,13,6,76.13,0.076130
2026-04-28,14,6,84.71,0.084710
2026-04-28,15,7,84.35,0.084350
2026-04-28,16,7,92.38,0.092380
2026-04-28,17,8,101.61,0.101610
2026-04-28,18,8,106.29,0.106290
2026-04-28,19,9,100.19,0.100190
2026-04-28,20,9,103.65,0.103650
2026-04-28,21,10,106.85,0.106850
2026-04-28,22,10,110.29,0.110290
2026-04-28,23,11,110.44,0.110440
2026-04-28,24,11,112.58,0.112580
2026-04-28,25,12,113.34,0.113340
2026-04-28,26,12,113.15,0.113150
2026-04-28,27,13,104.32,0.104320
2026-04-28,28,13,98.31,0.098310
2026-04-28,29,14,97.44,0.097440
2026-04-28,30,14,98.32,0.098320
2026-04-28,31,15,95.53,0.095530
2026-04-28,32,15,98.57,0.098570
2026-04-28,33,16,96.13,0.096130
2026-04-28,34,16,94.95,0.094950
2026-04-28,35,17,89.48,0.089480
2026-04-28,36,17,91.21,0.091210
2026-04-28,37,18,98.96,0.098960
2026-04-28,38,18,100.11,0.100110
2026-04-28,39,19,98.85,0.098850
2026-04-28,40,19,103.28,0.103280
2026-04-28,41,20,107.64,0.107640
2026-04-28,42,20,100.07,0.100070
2026-04-28,43,21,99.66,0.099660
2026-04-28,44,21,101.56,0.101560
2026-04-28,45,22,94.62,0.094620
2026-04-28,46,22,89.28,0.089280
2026-04-28,47,23,84.23,0.084230
2026-04-28,48,23,81.17,0.081170
2026-04-29,1,0,84.29,0.084290
2026-04-29,2,0,81.7,0.081700
2026-04-29,3,1,79.49,0.079490
2026-04-29,4,1,94.76,0.094760
2026-04-29,5,2,111.08,0.111080
2026-04-29,6,2,108.15,0.108150
2026-04-29,7,3,99.7,0.099700
2026-04-29,8,3,95.85,0.095850
2026-04-29,9,4,95.02,0.095020
2026-04-29,10,4,95.56,0.095560
2026-04-29,11,5,110.86,0.110860
2026-04-29,12,5,110.02,0.110020
2026-04-29,13,6,113.7,0.113700
2026-04-29,14,6,115.38,0.115380
2026-04-29,15,7,118.9,0.118900
2026-04-29,16,7,118.76,0.118760
2026-04-29,17,8,117.35,0.117350
2026-04-29,18,8,100.26,0.100260
2026-04-29,19,9,85.28,0.085280
2026-04-29,20,9,63.4,0.063400
2026-04-29,21,10,57.22,0.057220
2026-04-29,22,10,38.79,0.038790
2026-04-29,23,11,25.46,0.025460
2026-04-29,24,11,34.69,0.034690
2026-04-29,25,12,37.99,0.037990
2026-04-29,26,12,27.66,0.027660
2026-04-29,27,13,28.03,0.028030
2026-04-29,28,13,24.72,0.024720
2026-04-29,29,14,35.13,0.035130
2026-04-29,30,14,36.34,0.036340
2026-04-29,31,15,43.01,0.043010
2026-04-29,32,15,52.32,0.052320
2026-04-29,33,16,58.13,0.058130
2026-04-29,34,16,67.84,0.067840
2026-04-29,35,17,87.91,0.087910
2026-04-29,36,17,103.2,0.103200
2026-04-29,37,18,102.33,0.102330
2026-04-29,38,18,108.06,0.108060
2026-04-29,39,19,126.63,0.126630
2026-04-29,40,19,126.95,0.126950
2026-04-29,41,20,114.34,0.114340
2026-04-29,42,20,117.32,0.117320
2026-04-29,43,21,109.02,0.109020
2026-04-29,44,21,102.51,0.102510
2026-04-29,45,22,101.29,0.101290
2026-04-29,46,22,93.39,0.093390
2026-04-29,47,23,84.34,0.084340
2026-04-29,48,23,81.95,0.081950
2026-04-30,1,0,86.12,0.086120
2026-04-30,2,0,84.41,0.084410
2026-04-30,3,1,82.41,0.082410
2026-04-30,4,1,78.65,0.078650
2026-04-30,5,2,73.92,0.073920
2026-04-30,6,2,67.43,0.067430
2026-04-30,7,3,59.98,0.059980
2026-04-30,8,3,56.38,0.056380
2026-04-30,9,4,52.76,0.052760
2026-04-30,10,4,54.83,0.054830
2026-04-30,11,5,62.95,0.062950
2026-04-30,12,5,65.83,0.065830
2026-04-30,13,6,71.48,0.071480
2026-04-30,14,6,96.85,0.096850
2026-04-30,15,7,94.04,0.094040
2026-04-30,16,7,95.04,0.095040
2026-04-30,17,8,73.4,0.073400
2026-04-30,18,8,33.63,0.033630
2026-04-30,19,9,24.02,0.024020
2026-04-30,20,9,4.93,0.004930
2026-04-30,34,16,23.75,0.023750
2026-04-30,35,17,53.49,0.053490
2026-04-30,36,17,98.02,0.098020
2026-04-30,37,18,108.99,0.108990
2026-04-30,38,18,117.01,0.117010
2026-04-30,39,19,129.47,0.129470
2026-04-30,40,19,133.67,0.133670
2026-04-30,41,20,122.33,0.122330
2026-04-30,42,20,125.59,0.125590
2026-04-30,43,21,114.16,0.114160
2026-04-30,44,21,101.6,0.101600
2026-04-30,45,22,96.54,0.096540
2026-04-30,46,22,88.59,0.088590
2026-04-30,47,23,89.16,0.089160
2026-04-30,48,23,79.72,0.079720
2026-05-01,1,0,76.38,0.076380
2026-05-01,2,0,83.33,0.083330
2026-05-01,3,1,81.59,0.081590
2026-05-01,4,1,77.99,0.077990
2026-05-01,5,2,77.31,0.077310
2026-05-01,6,2,77.15,0.077150
2026-05-01,7,3,75.04,0.075040
2026-05-01,8,3,75.58,0.075580
2026-05-01,9,4,74.82,0.074820
2026-05-01,10,4,76.43,0.076430
2026-05-01,11,5,77.06,0.077060
2026-05-01,12,5,92.33,0.092330
2026-05-01,13,6,96.17,0.096170
2026-05-01,14,6,116.68,0.116680
2026-05-01,15,7,127.73,0.127730
2026-05-01,16,7,120.87,0.120870
2026-05-01,17,8,123.02,0.123020
2026-05-01,18,8,129.72,0.129720
2026-05-01,19,9,118.97,0.118970
2026-05-01,20,9,120.86,0.120860
2026-05-01,21,10,119.74,0.119740
2026-05-01,22,10,110.93,0.110930
2026-05-01,23,11,109.5,0.109500
2026-05-01,24,11,97.01,0.097010
2026-05-01,25,12,96.83,0.096830
2026-05-01,26,12,98.96,0.098960
2026-05-01,27,13,94.21,0.094210
2026-05-01,28,13,90.53,0.090530
2026-05-01,29,14,96.36,0.096360
2026-05-01,30,14,99.45,0.099450
2026-05-01,31,15,99.13,0.099130
2026-05-01,32,15,99.75,0.099750
2026-05-01,33,16,108.76,0.108760
2026-05-01,34,16,107.83,0.107830
2026-05-01,35,17,115.15,0.115150
2026-05-01,36,17,120.78,0.120780
2026-05-01,37,18,134.01,0.134010
2026-05-01,38,18,137.08,0.137080
2026-05-01,39,19,145.83,0.145830
2026-05-01,40,19,154.71,0.154710
2026-05-01,41,20,149.39,0.149390
2026-05-01,42,20,150.33,0.150330
2026-05-01,43,21,134.45,0.134450
2026-05-01,44,21,113.88,0.113880
2026-05-01,45,22,116.82,0.116820
2026-05-01,46,22,112.42,0.112420
2026-05-01,47,23,102.1,0.102100
2026-05-01,48,23,104.18,0.104180
2026-05-02,1,0,100.78,0.100780
2026-05-02,2,0,98.96,0.098960
2026-05-02,3,1,101.48,0.101480
2026-05-02,4,1,98.58,0.098580
2026-05-02,5,2,99.84,0.099840
2026-05-02,6,2,98.83,0.098830
2026-05-02,7,3,96.23,0.096230
2026-05-02,8,3,97.3,0.097300
2026-05-02,9,4,98.28,0.098280
2026-05-02,10,4,99.94,0.099940
2026-05-02,11,5,100.83,0.100830
2026-05-02,12,5,99.95,0.099950
2026-05-02,13,6,95.6,0.095600
2026-05-02,14,6,96.92,0.096920
2026-05-02,15,7,100.21,0.100210
2026-05-02,16,7,101.21,0.101210
2026-05-02,17,8,101.35,0.101350
2026-05-02,18,8,97.01,0.097010
2026-05-02,19,9,87.93,0.087930
2026-05-02,20,9,84.28,0.084280
2026-05-02,21,10,84.3,0.084300
2026-05-02,22,10,79.78,0.079780
2026-05-02,23,11,77.85,0.077850
2026-05-02,24,11,67.6,0.067600
2026-05-02,25,12,63.94,0.063940
2026-05-02,26,12,63.77,0.063770
2026-05-02,27,13,65.46,0.065460
2026-05-02,28,13,67.99,0.067990
2026-05-02,29,14,56.06,0.056060
2026-05-02,30,14,63.77,0.063770
2026-05-02,31,15,75.22,0.075220
2026-05-02,32,15,88.73,0.088730
2026-05-02,33,16,98.22,0.098220
2026-05-02,34,16,95.76,0.095760
2026-05-02,35,17,128.63,0.128630
2026-05-02,36,17,135.82,0.135820
2026-05-02,37,18,142.98,0.142980
2026-05-02,38,18,143.88,0.143880
2026-05-02,39,19,152.2,0.152200
2026-05-02,40,19,151.14,0.151140
2026-05-02,41,20,145.49,0.145490
2026-05-02,42,20,141.07,0.141070
2026-05-02,43,21,121.3,0.121300
2026-05-02,44,21,119.08,0.119080
2026-05-02,45,22,105.7,0.105700
2026-05-02,46,22,106.98,0.106980
2026-05-02,47,23,105.35,0.105350
2026-05-02,48,23,110.76,0.110760
2026-05-03,1,0,109.27,0.109270
2026-05-03,2,0,106.92,0.106920
2026-05-03,3,1,103.08,0.103080
2026-05-03,4,1,101.09,0.101090
2026-05-03,5,2,99.35,0.099350
2026-05-03,6,2,99.97,0.099970
2026-05-03,7,3,103.3,0.103300
2026-05-03,8,3,100.75,0.100750
2026-05-03,9,4,103.29,0.103290
2026-05-03,10,4,101.7,0.101700
2026-05-03,11,5,102.87,0.102870
2026-05-03,12,5,102.58,0.102580
2026-05-03,13,6,104.14,0.104140
2026-05-03,14,6,103.89,0.103890
2026-05-03,15,7,102.16,0.102160
2026-05-03,16,7,105.37,0.105370
2026-05-03,17,8,104.03,0.104030
2026-05-03,18,8,106.45,0.106450
2026-05-03,19,9,104.77,0.104770
2026-05-03,20,9,105.59,0.105590
2026-05-03,21,10,103.94,0.103940
2026-05-03,22,10,103.45,0.103450
2026-05-03,23,11,98.94,0.098940
2026-05-03,24,11,97.98,0.097980
2026-05-03,25,12,98.69,0.098690
2026-05-03,26,12,101.49,0.101490
2026-05-03,27,13,107.1,0.107100
2026-05-03,28,13,104.71,0.104710
2026-05-03,29,14,103.63,0.103630
2026-05-03,30,14,101.34,0.101340
2026-05-03,31,15,98.72,0.098720
2026-05-03,32,15,98.01,0.098010
2026-05-03,33,16,99.04,0.099040
2026-05-03,34,16,101.84,0.101840
2026-05-03,35,17,104.11,0.104110
2026-05-03,36,17,119.08,0.119080
2026-05-03,37,18,124.27,0.124270
2026-05-03,38,18,123.51,0.123510
2026-05-03,39,19,114.44,0.114440
2026-05-03,40,19,117.25,0.117250
2026-05-03,41,20,115.18,0.115180
2026-05-03,42,20,117.1,0.117100
2026-05-03,43,21,119.63,0.119630
2026-05-03,44,21,111.22,0.111220
2026-05-03,45,22,106.42,0.106420
2026-05-03,46,22,101.98,0.101980
2026-05-03,47,23,97.35,0.097350
2026-05-03,48,23,93.11,0.093110
2026-05-04,1,0,92.52,0.092520
2026-05-04,2,0,90.65,0.090650
2026-05-04,3,1,89.72,0.089720
2026-05-04,4,1,88.76,0.088760
2026-05-04,5,2,88.92,0.088920
2026-05-04,6,2,87.97,0.087970
2026-05-04,7,3,90.0,0.090000
2026-05-04,8,3,87.97,0.087970
2026-05-04,9,4,95.05,0.095050
2026-05-04,10,4,93.23,0.093230
2026-05-04,11,5,107.0,0.107000
2026-05-04,12,5,105.31,0.105310
2026-05-04,13,6,105.19,0.105190
2026-05-04,14,6,104.06,0.104060
2026-05-04,15,7,102.24,0.102240
2026-05-04,16,7,104.99,0.104990
2026-05-04,17,8,99.39,0.099390
2026-05-04,18,8,104.82,0.104820
2026-05-04,19,9,95.18,0.095180
2026-05-04,20,9,95.26,0.095260
2026-05-04,21,10,92.94,0.092940
2026-05-04,22,10,93.4,0.093400
2026-05-04,23,11,92.65,0.092650
2026-05-04,24,11,93.74,0.093740
2026-05-04,25,12,97.54,0.097540
2026-05-04,26,12,90.83,0.090830
2026-05-04,27,13,92.1,0.092100
2026-05-04,28,13,93.54,0.093540
2026-05-04,29,14,92.11,0.092110
2026-05-04,30,14,97.4,0.097400
2026-05-04,31,15,107.53,0.107530
2026-05-04,32,15,108.71,0.108710
2026-05-04,33,16,115.35,0.115350
2026-05-04,34,16,115.19,0.115190
2026-05-04,35,17,129.65,0.129650
2026-05-04,36,17,134.62,0.134620
2026-05-04,37,18,145.29,0.145290
2026-05-04,38,18,146.45,0.146450
2026-05-04,39,19,142.64,0.142640
2026-05-04,40,19,141.52,0.141520
2026-05-04,41,20,143.35,0.143350
2026-05-04,42,20,145.11,0.145110
2026-05-04,43,21,135.93,0.135930
2026-05-04,44,21,124.97,0.124970
2026-05-04,45,22,117.59,0.117590
2026-05-04,46,22,117.35,0.117350
2026-05-04,47,23,118.7,0.118700
2026-05-04,48,23,111.64,0.111640
2026-05-05,1,0,115.13,0.115130
2026-05-05,2,0,111.71,0.111710
2026-05-05,3,1,105.53,0.105530
2026-05-05,4,1,104.58,0.104580
2026-05-05,5,2,105.15,0.105150
2026-05-05,6,2,104.39,0.104390
2026-05-05,7,3,103.19,0.103190
2026-05-05,8,3,101.01,0.101010
2026-05-05,9,4,101.12,0.101120
2026-05-05,10,4,103.07,0.103070
2026-05-05,11,5,105.08,0.105080
2026-05-05,12,5,113.96,0.113960
2026-05-05,13,6,117.02,0.117020
2026-05-05,14,6,115.71,0.115710
2026-05-05,15,7,123.03,0.123030
2026-05-05,16,7,127.76,0.127760
2026-05-05,17,8,116.72,0.116720
2026-05-05,18,8,109.22,0.109220
2026-05-05,19,9,110.49,0.110490
2026-05-05,20,9,110.14,0.110140
2026-05-05,21,10,100.97,0.100970
2026-05-05,22,10,99.64,0.099640
2026-05-05,23,11,95.83,0.095830
2026-05-05,24,11,95.91,0.095910
2026-05-05,25,12,97.25,0.097250
2026-05-05,26,12,95.0,0.095000
2026-05-05,27,13,94.27,0.094270
2026-05-05,28,13,93.69,0.093690
2026-05-05,29,14,98.4,0.098400
2026-05-05,30,14,103.91,0.103910
2026-05-05,31,15,111.37,0.111370
2026-05-05,32,15,109.11,0.109110
2026-05-05,33,16,120.72,0.120720
2026-05-05,34,16,115.32,0.115320
2026-05-05,35,17,130.41,0.130410
2026-05-05,36,17,138.43,0.138430
2026-05-05,37,18,138.19,0.138190
2026-05-05,38,18,140.97,0.140970
2026-05-05,39,19,145.24,0.145240
2026-05-05,40,19,150.02,0.150020
2026-05-05,41,20,140.9,0.140900
2026-05-05,42,20,136.77,0.136770
2026-05-05,43,21,121.86,0.121860
2026-05-05,44,21,110.19,0.110190
2026-05-05,45,22,116.71,0.116710
2026-05-05,46,22,114.68,0.114680
2026-05-05,47,23,108.76,0.108760
2026-05-05,48,23,111.34,0.111340
2026-05-06,1,0,106.71,0.106710
2026-05-06,2,0,108.83,0.108830
2026-05-06,3,1,103.94,0.103940
2026-05-06,4,1,102.63,0.102630
2026-05-06,5,2,106.41,0.106410
2026-05-06,6,2,104.14,0.104140
2026-05-06,7,3,102.38,0.102380
2026-05-06,8,3,107.65,0.107650
2026-05-06,9,4,105.43,0.105430
2026-05-06,10,4,104.19,0.104190
2026-05-06,11,5,118.29,0.118290
2026-05-06,12,5,118.26,0.118260
2026-05-06,13,6,121.66,0.121660
2026-05-06,14,6,126.77,0.126770
2026-05-06,15,7,115.89,0.115890
2026-05-06,16,7,119.55,0.119550
2026-05-06,17,8,112.3,0.112300
2026-05-06,18,8,111.36,0.111360
2026-05-06,19,9,96.17,0.096170
2026-05-06,20,9,93.7,0.093700
2026-05-06,21,10,92.04,0.092040
2026-05-06,22,10,90.53,0.090530
2026-05-06,23,11,85.27,0.085270
2026-05-06,24,11,84.36,0.084360
2026-05-06,25,12,83.3,0.083300
2026-05-06,26,12,82.56,0.082560
2026-05-06,27,13,78.57,0.078570
2026-05-06,28,13,78.25,0.078250
2026-05-06,29,14,77.68,0.077680
2026-05-06,30,14,81.37,0.081370
2026-05-06,31,15,83.87,0.083870
2026-05-06,32,15,86.7,0.086700
2026-05-06,33,16,91.9,0.091900
2026-05-06,34,16,97.32,0.097320
2026-05-06,35,17,110.6,0.110600
2026-05-06,36,17,123.14,0.123140
2026-05-06,37,18,128.0,0.128000
2026-05-06,38,18,126.31,0.126310
2026-05-06,39,19,126.51,0.126510
2026-05-06,40,19,127.61,0.127610
2026-05-06,41,20,128.07,0.128070
2026-05-06,42,20,129.33,0.129330
2026-05-06,43,21,122.78,0.122780
2026-05-06,44,21,120.22,0.120220
2026-05-06,45,22,119.37,0.119370
2026-05-06,46,22,111.72,0.111720
2026-05-06,47,23,102.13,0.102130
2026-05-06,48,23,97.24,0.097240
2026-05-07,1,0,93.61,0.093610
2026-05-07,2,0,97.18,0.097180
2026-05-07,3,1,99.05,0.099050
2026-05-07,4,1,99.61,0.099610
2026-05-07,5,2,100.93,0.100930
2026-05-07,6,2,106.28,0.106280
2026-05-07,7,3,105.64,0.105640
2026-05-07,8,3,110.18,0.110180
2026-05-07,9,4,112.09,0.112090
2026-05-07,10,4,113.45,0.113450
2026-05-07,11,5,123.43,0.123430
2026-05-07,12,5,130.69,0.130690
2026-05-07,13,6,135.65,0.135650
2026-05-07,14,6,144.08,0.144080
2026-05-07,15,7,133.03,0.133030
2026-05-07,16,7,134.6,0.134600
2026-05-07,17,8,129.14,0.129140
2026-05-07,18,8,120.53,0.120530
2026-05-07,19,9,110.67,0.110670
2026-05-07,20,9,110.0,0.110000
2026-05-07,21,10,101.75,0.101750
2026-05-07,22,10,96.44,0.096440
2026-05-07,23,11,89.84,0.089840
2026-05-07,24,11,90.5,0.090500
2026-05-07,25,12,89.72,0.089720
2026-05-07,26,12,89.65,0.089650
2026-05-07,27,13,92.09,0.092090
2026-05-07,28,13,92.07,0.092070
2026-05-07,29,14,97.37,0.097370
2026-05-07,30,14,100.05,0.100050
2026-05-07,31,15,108.52,0.108520
2026-05-07,32,15,112.38,0.112380
2026-05-07,33,16,126.55,0.126550
2026-05-07,34,16,132.48,0.132480
2026-05-07,35,17,152.15,0.152150
2026-05-07,36,17,153.99,0.153990
2026-05-07,37,18,151.95,0.151950
2026-05-07,38,18,159.65,0.159650
2026-05-07,39,19,158.62,0.158620
2026-05-07,40,19,155.59,0.155590
2026-05-07,41,20,157.0,0.157000
2026-05-07,42,20,154.09,0.154090
2026-05-07,43,21,147.12,0.147120
2026-05-07,44,21,139.68,0.139680
2026-05-07,45,22,133.03,0.133030
2026-05-07,46,22,123.73,0.123730
2026-05-07,47,23,109.03,0.109030
2026-05-07,48,23,109.24,0.109240
2026-05-08,1,0,108.73,0.108730
2026-05-08,2,0,110.68,0.110680
2026-05-08,3,1,109.6,0.109600
2026-05-08,4,1,112.72,0.112720
2026-05-08,5,2,115.41,0.115410
2026-05-08,6,2,118.72,0.118720
2026-05-08,7,3,122.39,0.122390
2026-05-08,8,3,126.83,0.126830
2026-05-08,9,4,126.97,0.126970
2026-05-08,10,4,125.16,0.125160
2026-05-08,11,5,132.55,0.132550
2026-05-08,12,5,131.12,0.131120
2026-05-08,13,6,131.58,0.131580
2026-05-08,14,6,134.78,0.134780
2026-05-08,15,7,130.38,0.130380
2026-05-08,16,7,129.84,0.129840
2026-05-08,17,8,122.21,0.122210
2026-05-08,18,8,122.79,0.122790
2026-05-08,19,9,97.53,0.097530
2026-05-08,20,9,100.17,0.100170
2026-05-08,21,10,95.76,0.095760
2026-05-08,22,10,89.19,0.089190
2026-05-08,23,11,92.34,0.092340
2026-05-08,24,11,91.26,0.091260
2026-05-08,25,12,89.24,0.089240
2026-05-08,26,12,88.75,0.088750
2026-05-08,27,13,89.53,0.089530
2026-05-08,28,13,89.51,0.089510
2026-05-08,29,14,89.39,0.089390
2026-05-08,30,14,89.55,0.089550
2026-05-08,31,15,89.72,0.089720
2026-05-08,32,15,91.34,0.091340
2026-05-08,33,16,95.96,0.095960
2026-05-08,34,16,96.78,0.096780
2026-05-08,35,17,101.51,0.101510
2026-05-08,36,17,108.71,0.108710
2026-05-08,37,18,120.19,0.120190
2026-05-08,38,18,121.53,0.121530
2026-05-08,39,19,126.56,0.126560
2026-05-08,40,19,121.3,0.121300
2026-05-08,41,20,120.67,0.120670
2026-05-08,42,20,119.77,0.119770
2026-05-08,43,21,117.97,0.117970
2026-05-08,44,21,116.89,0.116890
2026-05-08,45,22,118.61,0.118610
2026-05-08,46,22,114.16,0.114160
2026-05-08,47,23,106.4,0.106400
2026-05-08,48,23,99.21,0.099210
2026-05-09,1,0,99.81,0.099810
2026-05-09,2,0,96.42,0.096420
2026-05-09,3,1,97.85,0.097850
2026-05-09,4,1,97.64,0.097640
2026-05-09,5,2,99.22,0.099220
2026-05-09,6,2,100.65,0.100650
2026-05-09,7,3,103.16,0.103160
2026-05-09,8,3,100.31,0.100310
2026-05-09,9,4,103.51,0.103510
2026-05-09,10,4,103.72,0.103720
2026-05-09,11,5,102.18,0.102180
2026-05-09,12,5,104.17,0.104170
2026-05-09,13,6,103.11,0.103110
2026-05-09,14,6,99.88,0.099880
2026-05-09,15,7,89.32,0.089320
2026-05-09,16,7,97.84,0.097840
2026-05-09,17,8,92.8,0.092800
2026-05-09,18,8,93.08,0.093080
2026-05-09,19,9,85.83,0.085830
2026-05-09,20,9,81.11,0.081110
2026-05-09,21,10,83.75,0.083750
2026-05-09,22,10,84.12,0.084120
2026-05-09,25,12,63.33,0.063330
2026-05-09,26,12,53.83,0.053830
2026-05-09,27,13,67.82,0.067820
2026-05-09,28,13,59.39,0.059390
2026-05-09,29,14,63.39,0.063390
2026-05-09,30,14,55.93,0.055930
2026-05-09,31,15,46.19,0.046190
2026-05-09,32,15,47.68,0.047680
2026-05-09,33,16,78.68,0.078680
2026-05-09,34,16,86.94,0.086940
2026-05-09,35,17,107.86,0.107860
2026-05-09,36,17,109.85,0.109850
2026-05-09,37,18,115.06,0.115060
2026-05-09,38,18,122.66,0.122660
2026-05-09,39,19,124.97,0.124970
2026-05-09,40,19,127.58,0.127580
2026-05-09,41,20,130.28,0.130280
2026-05-09,42,20,133.27,0.133270
2026-05-09,43,21,132.36,0.132360
2026-05-09,44,21,130.55,0.130550
2026-05-09,45,22,123.01,0.123010
2026-05-09,46,22,109.66,0.109660
2026-05-09,47,23,103.73,0.103730
2026-05-09,48,23,102.28,0.102280
2026-05-10,1,0,101.26,0.101260
2026-05-10,2,0,100.08,0.100080
2026-05-10,3,1,99.36,0.099360
2026-05-10,4,1,98.16,0.098160
2026-05-10,5,2,98.93,0.098930
2026-05-10,6,2,98.18,0.098180
2026-05-10,7,3,98.69,0.098690
2026-05-10,8,3,95.04,0.095040
2026-05-10,9,4,97.85,0.097850
2026-05-10,10,4,94.34,0.094340
2026-05-10,11,5,91.0,0.091000
2026-05-10,12,5,83.39,0.083390
2026-05-10,13,6,76.71,0.076710
2026-05-10,14,6,74.86,0.074860
2026-05-10,15,7,52.82,0.052820
2026-05-10,16,7,51.98,0.051980
2026-05-10,17,8,42.64,0.042640
2026-05-10,18,8,42.07,0.042070
2026-05-10,19,9,29.11,0.029110
2026-05-10,20,9,19.36,0.019360
2026-05-10,21,10,18.47,0.018470
2026-05-10,22,10,14.03,0.014030
2026-05-10,23,11,14.96,0.014960
2026-05-10,24,11,21.66,0.021660
2026-05-10,25,12,21.76,0.021760
2026-05-10,26,12,25.96,0.025960
2026-05-10,27,13,24.98,0.024980
2026-05-10,28,13,23.86,0.023860
2026-05-10,29,14,17.87,0.017870
2026-05-10,30,14,13.17,0.013170
2026-05-10,31,15,10.45,0.010450
2026-05-10,32,15,11.58,0.011580
2026-05-10,33,16,31.7,0.031700
2026-05-10,34,16,46.95,0.046950
2026-05-10,35,17,89.88,0.089880
2026-05-10,36,17,94.81,0.094810
2026-05-10,37,18,92.59,0.092590
2026-05-10,38,18,101.85,0.101850
2026-05-10,39,19,106.64,0.106640
2026-05-10,40,19,105.83,0.105830
2026-05-10,41,20,108.88,0.108880
2026-05-10,42,20,110.37,0.110370
2026-05-10,43,21,108.73,0.108730
2026-05-10,44,21,104.92,0.104920
2026-05-10,45,22,108.52,0.108520
2026-05-10,46,22,101.89,0.101890
2026-05-10,47,23,106.01,0.106010
2026-05-10,48,23,94.15,0.094150
2026-05-11,1,0,91.51,0.091510
2026-05-11,2,0,87.16,0.087160
2026-05-11,3,1,91.07,0.091070
2026-05-11,4,1,91.27,0.091270
2026-05-11,5,2,85.63,0.085630
2026-05-11,6,2,91.67,0.091670
2026-05-11,7,3,89.39,0.089390
2026-05-11,8,3,85.31,0.085310
2026-05-11,9,4,89.03,0.089030
2026-05-11,10,4,90.55,0.090550
2026-05-11,11,5,89.09,0.089090
2026-05-11,12,5,88.91,0.088910
2026-05-11,13,6,90.98,0.090980
2026-05-11,14,6,106.49,0.106490
2026-05-11,15,7,110.35,0.110350
2026-05-11,16,7,116.8,0.116800
2026-05-11,17,8,113.3,0.113300
2026-05-11,18,8,111.02,0.111020
2026-05-11,19,9,98.18,0.098180
2026-05-11,20,9,97.62,0.097620
2026-05-11,21,10,94.63,0.094630
2026-05-11,22,10,100.48,0.100480
2026-05-11,23,11,108.5,0.108500
2026-05-11,24,11,109.51,0.109510
2026-05-11,25,12,119.98,0.119980
2026-05-11,26,12,122.39,0.122390
2026-05-11,27,13,120.33,0.120330
2026-05-11,28,13,112.53,0.112530
2026-05-11,29,14,106.91,0.106910
2026-05-11,30,14,106.94,0.106940
2026-05-11,31,15,109.82,0.109820
2026-05-11,32,15,106.66,0.106660
2026-05-11,33,16,101.71,0.101710
2026-05-11,34,16,103.43,0.103430
2026-05-11,35,17,102.18,0.102180
2026-05-11,36,17,104.62,0.104620
2026-05-11,37,18,103.35,0.103350
2026-05-11,38,18,105.03,0.105030
2026-05-11,39,19,108.23,0.108230
2026-05-11,40,19,111.87,0.111870
2026-05-11,41,20,112.64,0.112640
2026-05-11,42,20,111.73,0.111730
2026-05-11,43,21,112.33,0.112330
2026-05-11,44,21,111.85,0.111850
2026-05-11,45,22,110.9,0.110900
2026-05-11,46,22,109.07,0.109070
2026-05-11,47,23,107.82,0.107820
2026-05-11,48,23,106.42,0.106420
2026-05-12,1,0,106.17,0.106170
2026-05-12,2,0,104.46,0.104460
2026-05-12,3,1,99.4,0.099400
2026-05-12,4,1,99.19,0.099190
2026-05-12,5,2,107.26,0.107260
2026-05-12,6,2,97.04,0.097040
2026-05-12,7,3,90.84,0.090840
2026-05-12,8,3,89.78,0.089780
2026-05-12,9,4,85.24,0.085240
2026-05-12,10,4,86.64,0.086640
2026-05-12,11,5,91.73,0.091730
2026-05-12,12,5,94.78,0.094780
2026-05-12,13,6,93.78,0.093780
2026-05-12,14,6,109.57,0.109570
2026-05-12,15,7,114.14,0.114140
2026-05-12,16,7,117.55,0.117550
2026-05-12,17,8,112.32,0.112320
2026-05-12,18,8,89.04,0.089040
2026-05-12,19,9,82.33,0.082330
2026-05-12,20,9,76.46,0.076460
2026-05-12,21,10,79.38,0.079380
2026-05-12,22,10,68.82,0.068820
2026-05-12,23,11,55.58,0.055580
2026-05-12,24,11,69.81,0.069810
2026-05-12,25,12,63.6,0.063600
2026-05-12,26,12,64.32,0.064320
2026-05-12,27,13,65.29,0.065290
2026-05-12,28,13,71.23,0.071230
2026-05-12,29,14,77.83,0.077830
2026-05-12,30,14,81.53,0.081530
2026-05-12,31,15,93.96,0.093960
2026-05-12,32,15,93.45,0.093450
2026-05-12,33,16,92.63,0.092630
2026-05-12,34,16,96.46,0.096460
2026-05-12,35,17,107.29,0.107290
2026-05-12,36,17,113.14,0.113140
2026-05-12,37,18,114.07,0.114070
2026-05-12,38,18,121.12,0.121120
2026-05-12,39,19,132.49,0.132490
2026-05-12,40,19,143.19,0.143190
2026-05-12,41,20,146.53,0.146530
2026-05-12,42,20,155.45,0.155450
2026-05-12,43,21,153.56,0.153560
2026-05-12,44,21,147.9,0.147900
2026-05-12,45,22,142.39,0.142390
2026-05-12,46,22,124.28,0.124280
2026-05-12,47,23,117.02,0.117020
2026-05-12,48,23,112.13,0.112130
2026-05-13,1,0,114.61,0.114610
2026-05-13,2,0,111.42,0.111420
2026-05-13,3,1,122.8,0.122800
2026-05-13,4,1,121.76,0.121760
2026-05-13,5,2,117.18,0.117180
2026-05-13,6,2,113.63,0.113630
2026-05-13,7,3,108.81,0.108810
2026-05-13,8,3,104.33,0.104330
2026-05-13,9,4,112.59,0.112590
2026-05-13,10,4,117.96,0.117960
2026-05-13,11,5,132.51,0.132510
2026-05-13,12,5,132.74,0.132740
2026-05-13,13,6,127.7,0.127700
2026-05-13,14,6,127.47,0.127470
2026-05-13,15,7,135.09,0.135090
2026-05-13,16,7,140.45,0.140450
2026-05-13,17,8,136.27,0.136270
2026-05-13,18,8,130.24,0.130240
2026-05-13,19,9,124.72,0.124720
2026-05-13,20,9,114.89,0.114890
2026-05-13,21,10,110.03,0.110030
2026-05-13,22,10,111.81,0.111810
2026-05-13,23,11,109.4,0.109400
2026-05-13,24,11,110.3,0.110300
2026-05-13,25,12,107.49,0.107490
2026-05-13,26,12,111.31,0.111310
2026-05-13,27,13,100.29,0.100290
2026-05-13,28,13,94.53,0.094530
2026-05-13,29,14,107.22,0.107220
2026-05-13,30,14,98.2,0.098200
2026-05-13,31,15,99.09,0.099090
2026-05-13,32,15,110.79,0.110790
2026-05-13,33,16,109.29,0.109290
2026-05-13,34,16,120.28,0.120280
2026-05-13,35,17,128.46,0.128460
2026-05-13,36,17,131.85,0.131850
2026-05-13,37,18,140.02,0.140020
2026-05-13,38,18,142.78,0.142780
2026-05-13,39,19,152.0,0.152000
2026-05-13,40,19,152.7,0.152700
2026-05-13,41,20,148.83,0.148830
2026-05-13,42,20,145.18,0.145180
2026-05-13,43,21,132.07,0.132070
2026-05-13,44,21,125.0,0.125000
2026-05-13,45,22,126.24,0.126240
2026-05-13,46,22,116.28,0.116280
2026-05-13,47,23,105.49,0.105490
2026-05-13,48,23,105.4,0.105400
2026-05-14,1,0,101.62,0.101620
2026-05-14,2,0,99.4,0.099400
2026-05-14,3,1,92.32,0.092320
2026-05-14,4,1,91.16,0.091160
2026-05-14,5,2,92.8,0.092800
2026-05-14,6,2,90.01,0.090010
2026-05-14,7,3,88.79,0.088790
2026-05-14,8,3,86.62,0.086620
2026-05-14,9,4,85.62,0.085620
2026-05-14,10,4,84.9,0.084900
2026-05-14,11,5,84.87,0.084870
2026-05-14,12,5,86.67,0.086670
2026-05-14,13,6,81.84,0.081840
2026-05-14,14,6,89.84,0.089840
2026-05-14,15,7,107.17,0.107170
2026-05-14,16,7,114.71,0.114710
2026-05-14,17,8,112.75,0.112750
2026-05-14,18,8,113.08,0.113080
2026-05-14,19,9,109.95,0.109950
2026-05-14,20,9,104.32,0.104320
2026-05-14,21,10,104.48,0.104480
2026-05-14,22,10,108.71,0.108710
2026-05-14,23,11,97.91,0.097910
2026-05-14,24,11,97.15,0.097150
2026-05-14,25,12,93.46,0.093460
2026-05-14,26,12,91.58,0.091580
2026-05-14,27,13,91.92,0.091920
2026-05-14,28,13,87.11,0.087110
2026-05-14,29,14,82.39,0.082390
2026-05-14,30,14,77.91,0.077910
2026-05-14,31,15,88.84,0.088840
2026-05-14,32,15,86.33,0.086330
2026-05-14,33,16,91.61,0.091610
2026-05-14,34,16,92.63,0.092630
2026-05-14,35,17,101.42,0.101420
2026-05-14,36,17,103.92,0.103920
2026-05-14,37,18,102.36,0.102360
2026-05-14,38,18,106.25,0.106250
2026-05-14,39,19,117.84,0.117840
2026-05-14,40,19,127.02,0.127020
2026-05-14,41,20,132.34,0.132340
2026-05-14,42,20,127.27,0.127270
2026-05-14,43,21,126.14,0.126140
2026-05-14,44,21,123.65,0.123650
2026-05-14,45,22,121.17,0.121170
2026-05-14,46,22,117.69,0.117690
2026-05-14,47,23,110.64,0.110640
2026-05-14,48,23,112.82,0.112820
2026-05-15,1,0,112.65,0.112650
2026-05-15,2,0,111.62,0.111620
2026-05-15,3,1,106.18,0.106180
2026-05-15,4,1,109.32,0.109320
2026-05-15,5,2,112.04,0.112040
2026-05-15,6,2,108.08,0.108080
2026-05-15,7,3,108.7,0.108700
2026-05-15,8,3,105.5,0.105500
2026-05-15,9,4,108.22,0.108220
2026-05-15,10,4,113.81,0.113810
2026-05-15,11,5,116.56,0.116560
2026-05-15,12,5,121.79,0.121790
2026-05-15,13,6,114.61,0.114610
2026-05-15,14,6,122.59,0.122590
2026-05-15,15,7,117.64,0.117640
2026-05-15,16,7,119.51,0.119510
2026-05-15,17,8,116.9,0.116900
2026-05-15,18,8,109.0,0.109000
2026-05-15,19,9,109.59,0.109590
2026-05-15,20,9,102.55,0.102550
2026-05-15,21,10,101.59,0.101590
2026-05-15,22,10,100.16,0.100160
2026-05-15,23,11,101.95,0.101950
2026-05-15,24,11,100.89,0.100890
2026-05-15,25,12,102.71,0.102710
2026-05-15,26,12,100.53,0.100530
2026-05-15,27,13,103.41,0.103410
2026-05-15,28,13,101.3,0.101300
2026-05-15,29,14,104.04,0.104040
2026-05-15,30,14,106.56,0.106560
2026-05-15,31,15,106.73,0.106730
2026-05-15,32,15,105.39,0.105390
2026-05-15,33,16,104.79,0.104790
2026-05-15,34,16,110.12,0.110120
2026-05-15,35,17,104.36,0.104360
2026-05-15,36,17,102.61,0.102610
2026-05-15,37,18,104.96,0.104960
2026-05-15,38,18,112.21,0.112210
2026-05-15,39,19,115.09,0.115090
2026-05-15,40,19,122.42,0.122420
2026-05-15,41,20,126.26,0.126260
2026-05-15,42,20,125.25,0.125250
2026-05-15,43,21,125.12,0.125120
2026-05-15,44,21,128.82,0.128820
2026-05-15,45,22,119.81,0.119810
2026-05-15,46,22,108.64,0.108640
2026-05-15,47,23,104.81,0.104810
2026-05-15,48,23,111.51,0.111510
2026-05-16,1,0,109.18,0.109180
2026-05-16,2,0,110.66,0.110660
2026-05-16,3,1,108.93,0.108930
2026-05-16,4,1,108.2,0.108200
2026-05-16,5,2,108.4,0.108400
2026-05-16,6,2,105.25,0.105250
2026-05-16,7,3,104.45,0.104450
2026-05-16,8,3,102.09,0.102090
2026-05-16,9,4,100.08,0.100080
2026-05-16,10,4,97.52,0.097520
2026-05-16,11,5,101.62,0.101620
2026-05-16,12,5,105.08,0.105080
2026-05-16,13,6,101.13,0.101130
2026-05-16,14,6,99.8,0.099800
2026-05-16,15,7,100.05,0.100050
2026-05-16,16,7,104.87,0.104870
2026-05-16,17,8,108.81,0.108810
2026-05-16,18,8,113.13,0.113130
2026-05-16,19,9,109.01,0.109010
2026-05-16,20,9,105.94,0.105940
2026-05-16,21,10,104.3,0.104300
2026-05-16,22,10,103.84,0.103840
2026-05-16,23,11,101.18,0.101180
2026-05-16,24,11,106.11,0.106110
2026-05-16,25,12,108.4,0.108400
2026-05-16,26,12,115.97,0.115970
2026-05-16,27,13,114.61,0.114610
2026-05-16,28,13,115.73,0.115730
2026-05-16,29,14,114.81,0.114810
2026-05-16,30,14,111.73,0.111730
2026-05-16,31,15,106.82,0.106820
2026-05-16,32,15,106.58,0.106580
2026-05-16,33,16,112.36,0.112360
2026-05-16,34,16,119.59,0.119590
2026-05-16,35,17,122.15,0.122150
2026-05-16,36,17,125.07,0.125070
2026-05-16,37,18,120.13,0.120130
2026-05-16,38,18,121.13,0.121130
2026-05-16,39,19,119.37,0.119370
2026-05-16,40,19,116.28,0.116280
2026-05-16,41,20,117.75,0.117750
2026-05-16,42,20,113.09,0.113090
2026-05-16,43,21,110.05,0.110050
2026-05-16,44,21,109.38,0.109380
2026-05-16,45,22,109.69,0.109690
2026-05-16,46,22,110.31,0.110310
2026-05-16,47,23,101.24,0.101240
2026-05-16,48,23,102.65,0.102650
2026-05-17,1,0,101.08,0.101080
2026-05-17,2,0,96.83,0.096830
2026-05-17,3,1,91.92,0.091920
2026-05-17,4,1,90.72,0.090720
2026-05-17,5,2,86.08,0.086080
2026-05-17,6,2,83.5,0.083500
2026-05-17,7,3,81.87,0.081870
2026-05-17,8,3,81.04,0.081040
2026-05-17,9,4,79.1,0.079100
2026-05-17,10,4,79.04,0.079040
2026-05-17,11,5,78.89,0.078890
2026-05-17,12,5,78.41,0.078410
2026-05-17,13,6,84.79,0.084790
2026-05-17,14,6,74.93,0.074930
2026-05-17,15,7,80.63,0.080630
2026-05-17,16,7,86.79,0.086790
2026-05-17,17,8,89.91,0.089910
2026-05-17,18,8,95.54,0.095540
2026-05-17,19,9,94.5,0.094500
2026-05-17,20,9,100.12,0.100120
2026-05-17,21,10,98.14,0.098140
2026-05-17,22,10,98.79,0.098790
2026-05-17,23,11,108.27,0.108270
2026-05-17,24,11,106.25,0.106250
2026-05-17,25,12,109.07,0.109070
2026-05-17,26,12,108.31,0.108310
2026-05-17,27,13,102.61,0.102610
2026-05-17,28,13,85.64,0.085640
2026-05-17,29,14,72.96,0.072960
2026-05-17,30,14,57.39,0.057390
2026-05-17,31,15,55.46,0.055460
2026-05-17,32,15,62.62,0.062620
2026-05-17,33,16,83.72,0.083720
2026-05-17,34,16,110.2,0.110200
2026-05-17,35,17,114.96,0.114960
2026-05-17,36,17,125.66,0.125660
2026-05-17,37,18,130.37,0.130370
2026-05-17,38,18,129.08,0.129080
2026-05-17,39,19,141.18,0.141180
2026-05-17,40,19,140.92,0.140920
2026-05-17,41,20,136.19,0.136190
2026-05-17,42,20,134.5,0.134500
2026-05-17,43,21,131.4,0.131400
2026-05-17,44,21,134.61,0.134610
2026-05-17,45,22,131.84,0.131840
2026-05-17,46,22,121.07,0.121070
2026-05-17,47,23,121.91,0.121910
2026-05-17,48,23,117.92,0.117920
2026-05-18,1,0,118.7,0.118700
2026-05-18,2,0,119.32,0.119320
2026-05-18,3,1,115.38,0.115380
2026-05-18,4,1,118.29,0.118290
2026-05-18,5,2,119.63,0.119630
2026-05-18,6,2,117.23,0.117230
2026-05-18,7,3,115.62,0.115620
2026-05-18,8,3,115.97,0.115970
2026-05-18,9,4,118.89,0.118890
2026-05-18,10,4,125.14,0.125140
2026-05-18,11,5,128.31,0.128310
2026-05-18,12,5,129.55,0.129550
2026-05-18,13,6,135.41,0.135410
2026-05-18,14,6,137.81,0.137810
2026-05-18,15,7,126.49,0.126490
2026-05-18,16,7,128.79,0.128790
2026-05-18,17,8,128.38,0.128380
2026-05-18,18,8,120.84,0.120840
2026-05-18,19,9,121.82,0.121820
2026-05-18,20,9,120.81,0.120810
2026-05-18,21,10,121.73,0.121730
2026-05-18,22,10,125.25,0.125250
2026-05-18,23,11,117.6,0.117600
2026-05-18,24,11,121.66,0.121660
2026-05-18,25,12,122.7,0.122700
2026-05-18,26,12,113.78,0.113780
2026-05-18,27,13,103.6,0.103600
2026-05-18,28,13,102.65,0.102650
2026-05-18,29,14,99.87,0.099870
2026-05-18,30,14,99.06,0.099060
2026-05-18,31,15,98.28,0.098280
2026-05-18,32,15,101.74,0.101740
2026-05-18,33,16,102.55,0.102550
2026-05-18,34,16,104.96,0.104960
2026-05-18,35,17,123.45,0.123450
2026-05-18,36,17,108.99,0.108990
2026-05-18,37,18,126.14,0.126140
2026-05-18,38,18,125.86,0.125860
2026-05-18,39,19,124.99,0.124990
2026-05-18,40,19,122.42,0.122420
2026-05-18,41,20,126.57,0.126570
2026-05-18,42,20,122.21,0.122210
2026-05-18,43,21,117.42,0.117420
2026-05-18,44,21,117.62,0.117620
2026-05-18,45,22,114.88,0.114880
2026-05-18,46,22,114.18,0.114180
2026-05-18,47,23,114.17,0.114170
2026-05-18,48,23,103.35,0.103350
2026-05-19,1,0,96.7,0.096700
2026-05-19,2,0,93.35,0.093350
2026-05-19,3,1,92.2,0.092200
2026-05-19,4,1,77.36,0.077360
2026-05-19,5,2,73.91,0.073910
2026-05-19,6,2,73.01,0.073010
2026-05-19,7,3,67.38,0.067380
2026-05-19,8,3,65.87,0.065870
2026-05-19,9,4,65.58,0.065580
2026-05-19,10,4,66.12,0.066120
2026-05-19,11,5,77.52,0.077520
2026-05-19,12,5,77.4,0.077400
2026-05-19,13,6,89.95,0.089950
2026-05-19,14,6,101.89,0.101890
2026-05-19,15,7,98.85,0.098850
2026-05-19,16,7,119.01,0.119010
2026-05-19,17,8,108.06,0.108060
2026-05-19,18,8,109.62,0.109620
2026-05-19,19,9,105.06,0.105060
2026-05-19,20,9,101.23,0.101230
2026-05-19,21,10,102.14,0.102140
2026-05-19,22,10,103.32,0.103320
2026-05-19,23,11,87.96,0.087960
2026-05-19,24,11,95.35,0.095350
2026-05-19,25,12,92.94,0.092940
2026-05-19,26,12,94.45,0.094450
2026-05-19,27,13,78.17,0.078170
2026-05-19,28,13,66.24,0.066240
2026-05-19,29,14,79.98,0.079980
2026-05-19,30,14,73.35,0.073350
2026-05-19,31,15,85.47,0.085470
2026-05-19,32,15,85.94,0.085940
2026-05-19,33,16,87.88,0.087880
2026-05-19,34,16,100.09,0.100090
2026-05-19,35,17,109.55,0.109550
2026-05-19,36,17,103.93,0.103930
2026-05-19,37,18,111.24,0.111240
2026-05-19,38,18,112.84,0.112840
2026-05-19,39,19,110.65,0.110650
2026-05-19,40,19,118.43,0.118430
2026-05-19,41,20,123.47,0.123470
2026-05-19,42,20,123.69,0.123690
2026-05-19,43,21,122.56,0.122560
2026-05-19,44,21,122.34,0.122340
2026-05-19,45,22,124.32,0.124320
2026-05-19,46,22,116.5,0.116500
2026-05-19,47,23,116.43,0.116430
2026-05-19,48,23,112.49,0.112490
2026-05-20,1,0,113.89,0.113890
2026-05-20,2,0,107.29,0.107290
2026-05-20,3,1,98.34,0.098340
2026-05-20,4,1,98.75,0.098750
2026-05-20,5,2,94.17,0.094170
2026-05-20,6,2,94.65,0.094650
2026-05-20,7,3,97.77,0.097770
2026-05-20,8,3,98.41,0.098410
2026-05-20,9,4,98.37,0.098370
2026-05-20,10,4,98.08,0.098080
2026-05-20,11,5,102.5,0.102500
2026-05-20,12,5,100.51,0.100510
2026-05-20,13,6,108.07,0.108070
2026-05-20,14,6,118.21,0.118210
2026-05-20,15,7,112.54,0.112540
2026-05-20,16,7,123.08,0.123080
2026-05-20,17,8,125.14,0.125140
2026-05-20,18,8,122.31,0.122310
2026-05-20,19,9,119.78,0.119780
2026-05-20,20,9,120.58,0.120580
2026-05-20,21,10,120.77,0.120770
2026-05-20,22,10,118.86,0.118860
2026-05-20,23,11,115.91,0.115910
2026-05-20,24,11,114.8,0.114800
2026-05-20,25,12,116.49,0.116490
2026-05-20,26,12,115.26,0.115260
2026-05-20,27,13,113.25,0.113250
2026-05-20,28,13,115.49,0.115490
2026-05-20,29,14,113.39,0.113390
2026-05-20,30,14,110.29,0.110290
2026-05-20,31,15,107.48,0.107480
2026-05-20,32,15,107.64,0.107640
2026-05-20,33,16,112.75,0.112750
2026-05-20,34,16,110.81,0.110810
2026-05-20,35,17,108.31,0.108310
2026-05-20,36,17,102.5,0.102500
2026-05-20,37,18,115.49,0.115490
2026-05-20,38,18,123.46,0.123460
2026-05-20,39,19,122.04,0.122040
2026-05-20,40,19,122.17,0.122170
2026-05-20,41,20,115.73,0.115730
2026-05-20,42,20,128.29,0.128290
2026-05-20,43,21,113.92,0.113920
2026-05-20,44,21,119.78,0.119780
2026-05-20,45,22,126.15,0.126150
2026-05-20,46,22,122.17,0.122170
2026-05-20,47,23,117.09,0.117090
2026-05-20,48,23,107.06,0.107060
2026-05-21,1,0,100.2,0.100200
2026-05-21,2,0,97.71,0.097710
2026-05-21,3,1,95.76,0.095760
2026-05-21,4,1,96.15,0.096150
2026-05-21,5,2,94.47,0.094470
2026-05-21,6,2,93.54,0.093540
2026-05-21,7,3,92.64,0.092640
2026-05-21,8,3,91.23,0.091230
2026-05-21,9,4,91.3,0.091300
2026-05-21,10,4,89.74,0.089740
2026-05-21,11,5,96.37,0.096370
2026-05-21,12,5,98.1,0.098100
2026-05-21,13,6,105.36,0.105360
2026-05-21,14,6,118.13,0.118130
2026-05-21,15,7,110.86,0.110860
2026-05-21,16,7,112.27,0.112270
2026-05-21,17,8,110.59,0.110590
2026-05-21,18,8,111.72,0.111720
2026-05-21,19,9,109.97,0.109970
2026-05-21,20,9,107.9,0.107900
2026-05-21,21,10,108.07,0.108070
2026-05-21,22,10,103.95,0.103950
2026-05-21,23,11,91.92,0.091920
2026-05-21,24,11,89.16,0.089160
2026-05-21,25,12,87.38,0.087380
2026-05-21,26,12,86.53,0.086530
2026-05-21,27,13,84.46,0.084460
2026-05-21,28,13,78.26,0.078260
2026-05-21,29,14,74.32,0.074320
2026-05-21,30,14,69.96,0.069960
2026-05-21,31,15,74.21,0.074210
2026-05-21,32,15,78.59,0.078590
2026-05-21,33,16,80.68,0.080680
2026-05-21,34,16,98.13,0.098130
2026-05-21,35,17,117.88,0.117880
2026-05-21,36,17,119.46,0.119460
2026-05-21,37,18,125.98,0.125980
2026-05-21,38,18,130.53,0.130530
2026-05-21,39,19,142.4,0.142400
2026-05-21,40,19,144.86,0.144860
2026-05-21,41,20,150.45,0.150450
2026-05-21,42,20,161.71,0.161710
2026-05-21,43,21,158.08,0.158080
2026-05-21,44,21,145.51,0.145510
2026-05-21,45,22,145.18,0.145180
2026-05-21,46,22,131.58,0.131580
2026-05-21,47,23,121.78,0.121780
2026-05-21,48,23,115.37,0.115370
2026-05-22,1,0,117.68,0.117680
2026-05-22,2,0,115.75,0.115750
2026-05-22,3,1,115.88,0.115880
2026-05-22,4,1,117.52,0.117520
2026-05-22,5,2,116.55,0.116550
2026-05-22,6,2,111.34,0.111340
2026-05-22,7,3,109.25,0.109250
2026-05-22,8,3,108.4,0.108400
2026-05-22,9,4,111.1,0.111100
2026-05-22,10,4,116.9,0.116900
2026-05-22,11,5,122.7,0.122700
2026-05-22,12,5,114.9,0.114900
2026-05-22,13,6,109.3,0.109300
2026-05-22,14,6,110.68,0.110680
2026-05-22,15,7,111.83,0.111830
2026-05-22,16,7,116.7,0.116700
2026-05-22,17,8,109.56,0.109560
2026-05-22,18,8,104.74,0.104740
2026-05-22,19,9,93.88,0.093880
2026-05-22,20,9,88.25,0.088250
2026-05-22,21,10,92.01,0.092010
2026-05-22,22,10,95.35,0.095350
2026-05-22,23,11,89.5,0.089500
2026-05-22,24,11,85.07,0.085070
2026-05-22,25,12,81.56,0.081560
2026-05-22,26,12,80.49,0.080490
2026-05-22,27,13,82.23,0.082230
2026-05-22,28,13,83.42,0.083420
2026-05-22,29,14,82.39,0.082390
2026-05-22,30,14,83.27,0.083270
2026-05-22,31,15,90.12,0.090120
2026-05-22,32,15,94.34,0.094340
2026-05-22,33,16,97.17,0.097170
2026-05-22,34,16,99.18,0.099180
2026-05-22,35,17,106.94,0.106940
2026-05-22,36,17,102.24,0.102240
2026-05-22,37,18,113.44,0.113440
2026-05-22,38,18,122.05,0.122050
2026-05-22,39,19,134.74,0.134740
2026-05-22,40,19,143.92,0.143920
2026-05-22,41,20,145.02,0.145020
2026-05-22,42,20,150.14,0.150140
2026-05-22,43,21,144.16,0.144160
2026-05-22,44,21,145.99,0.145990
2026-05-22,45,22,132.02,0.132020
2026-05-22,46,22,119.7,0.119700
2026-05-22,47,23,124.96,0.124960
2026-05-22,48,23,121.45,0.121450
2026-05-23,1,0,115.05,0.115050
2026-05-23,2,0,119.59,0.119590
2026-05-23,3,1,112.94,0.112940
2026-05-23,4,1,112.52,0.112520
2026-05-23,5,2,112.54,0.112540
2026-05-23,6,2,108.18,0.108180
2026-05-23,7,3,105.99,0.105990
2026-05-23,8,3,106.15,0.106150
2026-05-23,9,4,100.45,0.100450
2026-05-23,10,4,111.4,0.111400
2026-05-23,11,5,101.13,0.101130
2026-05-23,12,5,101.1,0.101100
2026-05-23,13,6,97.72,0.097720
2026-05-23,14,6,97.85,0.097850
2026-05-23,15,7,96.5,0.096500
2026-05-23,16,7,99.33,0.099330
2026-05-23,17,8,95.2,0.095200
2026-05-23,18,8,96.25,0.096250
2026-05-23,19,9,108.49,0.108490
2026-05-23,20,9,100.35,0.100350
2026-05-23,21,10,114.19,0.114190
2026-05-23,22,10,114.31,0.114310
2026-05-23,23,11,99.73,0.099730
2026-05-23,24,11,96.19,0.096190
2026-05-23,25,12,97.28,0.097280
2026-05-23,26,12,89.68,0.089680
2026-05-23,27,13,86.53,0.086530
2026-05-23,28,13,86.38,0.086380
2026-05-23,29,14,87.65,0.087650
2026-05-23,30,14,92.99,0.092990
2026-05-23,31,15,102.09,0.102090
2026-05-23,32,15,102.74,0.102740
2026-05-23,33,16,111.32,0.111320
2026-05-23,34,16,102.65,0.102650
2026-05-23,35,17,104.8,0.104800
2026-05-23,36,17,105.5,0.105500
2026-05-23,37,18,119.54,0.119540
2026-05-23,38,18,129.14,0.129140
2026-05-23,39,19,137.85,0.137850
2026-05-23,40,19,140.8,0.140800
2026-05-23,41,20,144.17,0.144170
2026-05-23,42,20,141.61,0.141610
2026-05-23,43,21,140.47,0.140470
2026-05-23,44,21,140.55,0.140550
2026-05-23,45,22,130.32,0.130320
2026-05-23,46,22,125.5,0.125500
2026-05-23,47,23,115.84,0.115840
2026-05-23,48,23,113.41,0.113410
2026-05-24,1,0,111.81,0.111810
2026-05-24,2,0,113.21,0.113210
2026-05-24,3,1,112.61,0.112610
2026-05-24,4,1,110.81,0.110810
2026-05-24,5,2,108.38,0.108380
2026-05-24,6,2,106.19,0.106190
2026-05-24,7,3,108.16,0.108160
2026-05-24,8,3,113.68,0.113680
2026-05-24,9,4,106.91,0.106910
2026-05-24,10,4,104.69,0.104690
2026-05-24,11,5,102.17,0.102170
2026-05-24,12,5,103.81,0.103810
2026-05-24,13,6,97.46,0.097460
2026-05-24,14,6,95.53,0.095530
2026-05-24,15,7,104.83,0.104830
2026-05-24,16,7,97.52,0.097520
2026-05-24,17,8,91.65,0.091650
2026-05-24,18,8,88.96,0.088960
2026-05-24,19,9,91.47,0.091470
2026-05-24,20,9,87.89,0.087890
2026-05-24,21,10,84.3,0.084300
2026-05-24,22,10,77.54,0.077540
2026-05-24,23,11,66.78,0.066780
2026-05-24,24,11,65.14,0.065140
2026-05-24,25,12,61.77,0.061770
2026-05-24,26,12,59.74,0.059740
2026-05-24,27,13,74.08,0.074080
2026-05-24,28,13,72.08,0.072080
2026-05-24,29,14,75.24,0.075240
2026-05-24,30,14,77.72,0.077720
2026-05-24,31,15,80.02,0.080020
2026-05-24,32,15,80.92,0.080920
2026-05-24,33,16,89.02,0.089020
2026-05-24,34,16,85.51,0.085510
2026-05-24,35,17,94.91,0.094910
2026-05-24,36,17,100.86,0.100860
2026-05-24,37,18,99.46,0.099460
2026-05-24,38,18,96.63,0.096630
2026-05-24,39,19,109.06,0.109060
2026-05-24,40,19,114.72,0.114720
2026-05-24,41,20,116.34,0.116340
2026-05-24,42,20,115.18,0.115180
2026-05-24,43,21,115.71,0.115710
2026-05-24,44,21,110.83,0.110830
2026-05-24,45,22,110.23,0.110230
2026-05-24,46,22,107.57,0.107570
2026-05-24,47,23,105.05,0.105050
2026-05-24,48,23,101.44,0.101440
2026-05-25,1,0,104.05,0.104050
2026-05-25,2,0,104.2,0.104200
2026-05-25,3,1,101.4,0.101400
2026-05-25,4,1,99.83,0.099830
2026-05-25,5,2,102.74,0.102740
2026-05-25,6,2,100.37,0.100370
2026-05-25,7,3,97.58,0.097580
2026-05-25,8,3,96.01,0.096010
2026-05-25,9,4,103.36,0.103360
2026-05-25,10,4,101.14,0.101140
2026-05-25,11,5,96.35,0.096350
2026-05-25,12,5,95.6,0.095600
2026-05-25,13,6,91.93,0.091930
2026-05-25,14,6,93.4,0.093400
2026-05-25,15,7,92.11,0.092110
2026-05-25,16,7,94.47,0.094470
2026-05-25,17,8,92.67,0.092670
2026-05-25,18,8,94.35,0.094350
2026-05-25,19,9,93.67,0.093670
2026-05-25,20,9,88.63,0.088630
2026-05-25,21,10,86.91,0.086910
2026-05-25,22,10,84.72,0.084720
2026-05-25,23,11,83.16,0.083160
2026-05-25,24,11,79.11,0.079110
2026-05-25,25,12,87.33,0.087330
2026-05-25,26,12,85.28,0.085280
2026-05-25,27,13,86.23,0.086230
2026-05-25,28,13,84.41,0.084410
2026-05-25,29,14,88.83,0.088830
2026-05-25,30,14,90.22,0.090220
2026-05-25,31,15,102.36,0.102360
2026-05-25,32,15,108.27,0.108270
2026-05-25,33,16,113.36,0.113360
2026-05-25,34,16,114.96,0.114960
2026-05-25,35,17,117.78,0.117780
2026-05-25,36,17,112.32,0.112320
2026-05-25,37,18,121.74,0.121740
2026-05-25,38,18,130.68,0.130680
2026-05-25,39,19,145.45,0.145450
2026-05-25,40,19,149.33,0.149330
2026-05-25,41,20,154.26,0.154260
2026-05-25,42,20,160.94,0.160940
2026-05-25,43,21,158.07,0.158070
2026-05-25,44,21,146.62,0.146620
2026-05-25,45,22,140.5,0.140500
2026-05-25,46,22,122.58,0.122580
2026-05-25,47,23,114.71,0.114710
2026-05-25,48,23,108.6,0.108600
2026-05-26,1,0,112.58,0.112580
2026-05-26,2,0,108.28,0.108280
2026-05-26,3,1,104.87,0.104870
2026-05-26,4,1,103.74,0.103740
2026-05-26,5,2,107.41,0.107410
2026-05-26,6,2,107.04,0.107040
2026-05-26,7,3,101.34,0.101340
2026-05-26,8,3,101.26,0.101260
2026-05-26,9,4,101.54,0.101540
2026-05-26,10,4,101.35,0.101350
2026-05-26,11,5,111.21,0.111210
2026-05-26,12,5,126.75,0.126750
2026-05-26,13,6,115.62,0.115620
2026-05-26,14,6,118.11,0.118110
2026-05-26,15,7,117.67,0.117670
2026-05-26,16,7,120.2,0.120200
2026-05-26,17,8,123.73,0.123730
2026-05-26,18,8,123.43,0.123430
2026-05-26,19,9,131.0,0.131000
2026-05-26,20,9,123.61,0.123610
2026-05-26,21,10,124.3,0.124300
2026-05-26,22,10,123.6,0.123600
2026-05-26,23,11,118.33,0.118330
2026-05-26,24,11,111.78,0.111780
2026-05-26,25,12,110.89,0.110890
2026-05-26,26,12,109.6,0.109600
2026-05-26,27,13,103.94,0.103940
2026-05-26,28,13,108.19,0.108190
2026-05-26,29,14,107.59,0.107590
2026-05-26,30,14,107.07,0.107070
2026-05-26,31,15,115.02,0.115020
2026-05-26,32,15,117.77,0.117770
2026-05-26,33,16,116.34,0.116340
2026-05-26,34,16,114.88,0.114880
2026-05-26,35,17,135.98,0.135980
2026-05-26,36,17,134.97,0.134970
2026-05-26,37,18,150.69,0.150690
2026-05-26,38,18,149.21,0.149210
2026-05-26,39,19,152.45,0.152450
2026-05-26,40,19,154.11,0.154110
2026-05-26,41,20,158.52,0.158520
2026-05-26,42,20,154.27,0.154270
2026-05-26,43,21,146.37,0.146370
2026-05-26,44,21,142.94,0.142940
2026-05-26,45,22,124.62,0.124620
2026-05-26,46,22,131.86,0.131860
2026-05-26,47,23,131.15,0.131150
2026-05-26,48,23,127.97,0.127970
2026-05-27,1,0,125.98,0.125980
2026-05-27,2,0,108.53,0.108530
2026-05-27,3,1,104.56,0.104560
2026-05-27,4,1,107.23,0.107230
2026-05-27,5,2,108.53,0.108530
2026-05-27,6,2,103.1,0.103100
2026-05-27,7,3,102.75,0.102750
2026-05-27,8,3,104.78,0.104780
2026-05-27,9,4,104.49,0.104490
2026-05-27,10,4,101.26,0.101260
2026-05-27,11,5,112.99,0.112990
2026-05-27,12,5,118.32,0.118320
2026-05-27,13,6,116.54,0.116540
2026-05-27,14,6,122.37,0.122370
2026-05-27,15,7,123.19,0.123190
2026-05-27,16,7,115.92,0.115920
2026-05-27,17,8,114.96,0.114960
2026-05-27,18,8,112.04,0.112040
2026-05-27,19,9,101.61,0.101610
2026-05-27,20,9,101.86,0.101860
2026-05-27,21,10,94.52,0.094520
2026-05-27,22,10,100.45,0.100450
2026-05-27,23,11,92.52,0.092520
2026-05-27,24,11,86.62,0.086620
2026-05-27,25,12,88.4,0.088400
2026-05-27,26,12,88.48,0.088480
2026-05-27,27,13,83.75,0.083750
2026-05-27,28,13,85.01,0.085010
2026-05-27,29,14,78.44,0.078440
2026-05-27,30,14,79.23,0.079230
2026-05-27,31,15,74.7,0.074700
2026-05-27,32,15,73.89,0.073890
2026-05-27,33,16,73.52,0.073520
2026-05-27,34,16,75.7,0.075700
2026-05-27,35,17,81.98,0.081980
2026-05-27,36,17,78.56,0.078560
2026-05-27,37,18,89.72,0.089720
2026-05-27,38,18,105.64,0.105640
2026-05-27,39,19,115.0,0.115000
2026-05-27,40,19,122.44,0.122440
2026-05-27,41,20,122.18,0.122180
2026-05-27,42,20,121.42,0.121420
2026-05-27,43,21,117.46,0.117460
2026-05-27,44,21,121.08,0.121080
2026-05-27,45,22,117.28,0.117280
2026-05-27,46,22,109.2,0.109200
2026-05-27,47,23,109.91,0.109910
2026-05-27,48,23,109.82,0.109820
2026-05-28,1,0,107.43,0.107430
2026-05-28,2,0,104.79,0.104790
2026-05-28,3,1,101.58,0.101580
2026-05-28,4,1,99.12,0.099120
2026-05-28,5,2,99.08,0.099080
2026-05-28,6,2,93.21,0.093210
2026-05-28,7,3,87.47,0.087470
2026-05-28,8,3,85.32,0.085320
2026-05-28,9,4,84.84,0.084840
2026-05-28,10,4,84.19,0.084190
2026-05-28,11,5,91.42,0.091420
2026-05-28,12,5,95.04,0.095040
2026-05-28,13,6,98.3,0.098300
2026-05-28,14,6,103.77,0.103770
2026-05-28,15,7,104.5,0.104500
2026-05-28,16,7,114.54,0.114540
2026-05-28,17,8,102.88,0.102880
2026-05-28,18,8,93.35,0.093350
2026-05-28,19,9,79.35,0.079350
2026-05-28,20,9,65.14,0.065140
2026-05-28,21,10,53.17,0.053170
2026-05-28,22,10,45.17,0.045170
2026-05-28,23,11,25.83,0.025830
2026-05-28,24,11,21.14,0.021140
2026-05-28,25,12,17.73,0.017730
2026-05-28,26,12,14.45,0.014450
2026-05-28,27,13,11.07,0.011070
2026-05-28,28,13,9.51,0.009510
2026-05-28,29,14,9.3,0.009300
2026-05-28,30,14,10.58,0.010580
2026-05-28,31,15,24.41,0.024410
2026-05-28,32,15,41.25,0.041250
2026-05-28,33,16,70.18,0.070180
2026-05-28,34,16,79.5,0.079500
2026-05-28,35,17,98.24,0.098240
2026-05-28,36,17,93.74,0.093740
2026-05-28,37,18,107.37,0.107370
2026-05-28,38,18,104.26,0.104260
2026-05-28,39,19,109.35,0.109350
2026-05-28,40,19,112.52,0.112520
2026-05-28,41,20,114.52,0.114520
2026-05-28,42,20,117.67,0.117670
2026-05-28,43,21,114.03,0.114030
2026-05-28,44,21,111.54,0.111540
2026-05-28,45,22,112.96,0.112960
2026-05-28,46,22,109.37,0.109370
2026-05-28,47,23,106.32,0.106320
2026-05-28,48,23,101.71,0.101710
2026-05-29,1,0,106.26,0.106260
2026-05-29,2,0,105.81,0.105810
2026-05-29,3,1,103.02,0.103020
2026-05-29,4,1,111.06,0.111060
2026-05-29,5,2,108.92,0.108920
2026-05-29,6,2,112.35,0.112350
2026-05-29,7,3,114.65,0.114650
2026-05-29,8,3,114.28,0.114280
2026-05-29,9,4,111.64,0.111640
2026-05-29,10,4,110.03,0.110030
2026-05-29,11,5,111.35,0.111350
2026-05-29,12,5,111.51,0.111510
2026-05-29,13,6,106.83,0.106830
2026-05-29,14,6,110.96,0.110960
2026-05-29,15,7,104.65,0.104650
2026-05-29,16,7,112.9,0.112900
2026-05-29,17,8,108.83,0.108830
2026-05-29,18,8,104.69,0.104690
2026-05-29,19,9,92.6,0.092600
2026-05-29,20,9,91.42,0.091420
2026-05-29,21,10,95.48,0.095480
2026-05-29,22,10,93.21,0.093210
2026-05-29,23,11,82.72,0.082720
2026-05-29,24,11,82.3,0.082300
2026-05-29,25,12,76.99,0.076990
2026-05-29,26,12,71.32,0.071320
2026-05-29,27,13,66.06,0.066060
2026-05-29,28,13,68.75,0.068750
2026-05-29,29,14,80.19,0.080190
2026-05-29,30,14,75.96,0.075960
2026-05-29,31,15,86.74,0.086740
2026-05-29,32,15,83.38,0.083380
2026-05-29,33,16,85.03,0.085030
2026-05-29,34,16,88.74,0.088740
2026-05-29,35,17,89.77,0.089770
2026-05-29,36,17,95.76,0.095760
2026-05-29,37,18,101.3,0.101300
2026-05-29,38,18,113.96,0.113960
2026-05-29,39,19,122.68,0.122680
2026-05-29,40,19,126.46,0.126460
2026-05-29,41,20,130.43,0.130430
2026-05-29,42,20,139.74,0.139740
2026-05-29,43,21,129.02,0.129020
2026-05-29,44,21,128.02,0.128020
2026-05-29,45,22,117.2,0.117200
2026-05-29,46,22,116.16,0.116160
2026-05-29,47,23,109.33,0.109330
2026-05-29,48,23,110.96,0.110960
2026-05-30,1,0,109.94,0.109940
2026-05-30,2,0,107.54,0.107540
2026-05-30,3,1,109.58,0.109580
2026-05-30,4,1,107.47,0.107470
2026-05-30,5,2,105.28,0.105280
2026-05-30,6,2,111.36,0.111360
2026-05-30,7,3,108.12,0.108120
2026-05-30,8,3,111.2,0.111200
2026-05-30,9,4,108.77,0.108770
2026-05-30,10,4,106.86,0.106860
2026-05-30,11,5,111.89,0.111890
2026-05-30,12,5,101.65,0.101650
2026-05-30,13,6,111.69,0.111690
2026-05-30,14,6,105.85,0.105850
2026-05-30,15,7,110.17,0.110170
2026-05-30,16,7,108.44,0.108440
2026-05-30,17,8,110.04,0.110040
2026-05-30,18,8,103.41,0.103410
2026-05-30,19,9,93.86,0.093860
2026-05-30,20,9,99.34,0.099340
2026-05-30,21,10,102.38,0.102380
2026-05-30,22,10,97.48,0.097480
2026-05-30,23,11,94.16,0.094160
2026-05-30,24,11,92.37,0.092370
2026-05-30,25,12,91.56,0.091560
2026-05-30,26,12,97.02,0.097020
2026-05-30,27,13,96.74,0.096740
2026-05-30,28,13,88.25,0.088250
2026-05-30,29,14,90.58,0.090580
2026-05-30,30,14,94.71,0.094710
2026-05-30,31,15,92.63,0.092630
2026-05-30,32,15,106.93,0.106930
2026-05-30,33,16,108.22,0.108220
2026-05-30,34,16,112.42,0.112420
2026-05-30,35,17,111.03,0.111030
2026-05-30,36,17,106.63,0.106630
2026-05-30,37,18,115.27,0.115270
2026-05-30,38,18,114.67,0.114670
2026-05-30,39,19,120.69,0.120690
2026-05-30,40,19,121.3,0.121300
2026-05-30,41,20,118.52,0.118520
2026-05-30,42,20,118.07,0.118070
2026-05-30,43,21,121.37,0.121370
2026-05-30,44,21,115.67,0.115670
2026-05-30,45,22,120.82,0.120820
2026-05-30,46,22,116.48,0.116480
2026-05-30,47,23,107.68,0.107680
2026-05-30,48,23,106.56,0.106560
2026-05-31,1,0,98.53,0.098530
2026-05-31,2,0,98.29,0.098290
2026-05-31,3,1,98.28,0.098280
2026-05-31,4,1,102.08,0.102080
2026-05-31,5,2,99.56,0.099560
2026-05-31,6,2,99.87,0.099870
2026-05-31,7,3,103.06,0.103060
2026-05-31,8,3,101.66,0.101660
2026-05-31,9,4,103.16,0.103160
2026-05-31,10,4,102.75,0.102750
2026-05-31,11,5,104.67,0.104670
2026-05-31,12,5,101.86,0.101860
2026-05-31,13,6,99.96,0.099960
2026-05-31,14,6,103.55,0.103550
2026-05-31,15,7,100.86,0.100860
2026-05-31,16,7,98.23,0.098230
2026-05-31,17,8,95.64,0.095640
2026-05-31,18,8,93.7,0.093700
2026-05-31,19,9,86.62,0.086620
2026-05-31,20,9,87.3,0.087300
2026-05-31,21,10,86.6,0.086600
2026-05-31,22,10,91.55,0.091550
2026-05-31,23,11,86.83,0.086830
2026-05-31,24,11,88.16,0.088160
2026-05-31,25,12,95.39,0.095390
2026-05-31,26,12,90.68,0.090680
2026-05-31,27,13,90.0,0.090000
2026-05-31,28,13,85.94,0.085940
2026-05-31,29,14,86.31,0.086310
2026-05-31,30,14,84.1,0.084100
2026-05-31,31,15,79.61,0.079610
2026-05-31,32,15,90.47,0.090470
2026-05-31,33,16,95.2,0.095200
2026-05-31,34,16,99.41,0.099410
2026-05-31,35,17,111.94,0.111940
2026-05-31,36,17,104.24,0.104240
2026-05-31,37,18,118.18,0.118180
2026-05-31,38,18,124.41,0.124410
2026-05-31,39,19,126.84,0.126840
2026-05-31,40,19,129.28,0.129280
2026-05-31,41,20,128.53,0.128530
2026-05-31,42,20,132.12,0.132120
2026-05-31,43,21,133.54,0.133540
2026-05-31,44,21,130.2,0.130200
2026-05-31,45,22,127.16,0.127160
2026-05-31,46,22,121.72,0.121720
2026-05-31,47,23,123.66,0.123660
2026-05-31,48,23,113.11,0.113110
2026-06-01,1,0,112.13,0.112130
2026-06-01,2,0,109.02,0.109020
2026-06-01,3,1,106.23,0.106230
2026-06-01,4,1,107.5,0.107500
2026-06-01,5,2,106.48,0.106480
2026-06-01,6,2,104.32,0.104320
2026-06-01,7,3,104.98,0.104980
2026-06-01,8,3,102.43,0.102430
2026-06-01,9,4,105.47,0.105470
2026-06-01,10,4,106.03,0.106030
2026-06-01,11,5,108.1,0.108100
2026-06-01,12,5,101.09,0.101090
2026-06-01,13,6,108.44,0.108440
2026-06-01,14,6,108.37,0.108370
2026-06-01,15,7,103.0,0.103000
2026-06-01,16,7,109.91,0.109910
2026-06-01,17,8,99.14,0.099140
2026-06-01,18,8,107.68,0.107680
2026-06-01,19,9,93.2,0.093200
2026-06-01,20,9,93.87,0.093870
2026-06-01,21,10,98.51,0.098510
2026-06-01,22,10,99.68,0.099680
2026-06-01,23,11,88.69,0.088690
2026-06-01,24,11,89.44,0.089440
2026-06-01,25,12,89.77,0.089770
2026-06-01,26,12,88.18,0.088180
2026-06-01,27,13,89.05,0.089050
2026-06-01,28,13,85.75,0.085750
2026-06-01,29,14,84.93,0.084930
2026-06-01,30,14,85.83,0.085830
2026-06-01,31,15,94.4,0.094400
2026-06-01,32,15,107.92,0.107920
2026-06-01,33,16,109.63,0.109630
2026-06-01,34,16,109.74,0.109740
2026-06-01,35,17,115.82,0.115820
2026-06-01,36,17,115.73,0.115730
2026-06-01,37,18,130.51,0.130510
2026-06-01,38,18,133.2,0.133200
2026-06-01,39,19,137.04,0.137040
2026-06-01,40,19,140.7,0.140700
2026-06-01,41,20,136.95,0.136950
2026-06-01,42,20,138.71,0.138710
2026-06-01,43,21,131.81,0.131810
2026-06-01,44,21,129.88,0.129880
2026-06-01,45,22,126.23,0.126230
2026-06-01,46,22,121.42,0.121420
2026-06-01,47,23,111.69,0.111690
2026-06-01,48,23,113.68,0.113680
2026-06-02,1,0,112.01,0.112010
2026-06-02,2,0,108.51,0.108510
2026-06-02,3,1,103.85,0.103850
2026-06-02,4,1,103.16,0.103160
2026-06-02,5,2,104.51,0.104510
2026-06-02,6,2,106.76,0.106760
2026-06-02,7,3,102.76,0.102760
2026-06-02,8,3,104.9,0.104900
2026-06-02,9,4,114.42,0.114420
2026-06-02,10,4,118.96,0.118960
2026-06-02,11,5,131.51,0.131510
2026-06-02,12,5,136.28,0.136280
2026-06-02,13,6,136.16,0.136160
2026-06-02,14,6,139.03,0.139030
2026-06-02,15,7,135.38,0.135380
2026-06-02,16,7,133.03,0.133030
2026-06-02,17,8,127.48,0.127480
2026-06-02,18,8,132.37,0.132370
2026-06-02,19,9,133.18,0.133180
2026-06-02,20,9,130.24,0.130240
2026-06-02,21,10,130.53,0.130530
2026-06-02,22,10,122.6,0.122600
2026-06-02,23,11,100.04,0.100040
2026-06-02,24,11,94.31,0.094310
2026-06-02,25,12,93.87,0.093870
2026-06-02,26,12,95.73,0.095730
2026-06-02,27,13,96.24,0.096240
2026-06-02,28,13,94.32,0.094320
2026-06-02,29,14,92.58,0.092580
2026-06-02,30,14,94.77,0.094770
2026-06-02,31,15,116.36,0.116360
2026-06-02,32,15,104.29,0.104290
2026-06-02,33,16,109.5,0.109500
2026-06-02,34,16,111.0,0.111000
2026-06-02,35,17,121.8,0.121800
2026-06-02,36,17,120.03,0.120030
2026-06-02,37,18,122.16,0.122160
2026-06-02,38,18,123.87,0.123870
2026-06-02,39,19,119.78,0.119780
2026-06-02,40,19,121.54,0.121540
2026-06-02,41,20,119.43,0.119430
2026-06-02,42,20,118.87,0.118870
2026-06-02,43,21,113.53,0.113530
2026-06-02,44,21,107.03,0.107030
2026-06-02,45,22,104.14,0.104140
2026-06-02,46,22,102.84,0.102840
2026-06-02,47,23,104.82,0.104820
2026-06-02,48,23,109.94,0.109940
2026-06-03,1,0,109.76,0.109760
2026-06-03,2,0,108.69,0.108690
2026-06-03,3,1,106.47,0.106470
2026-06-03,4,1,104.53,0.104530
2026-06-03,5,2,104.98,0.104980
2026-06-03,6,2,105.1,0.105100
2026-06-03,7,3,105.9,0.105900
2026-06-03,8,3,104.54,0.104540
2026-06-03,9,4,109.05,0.109050
2026-06-03,10,4,111.09,0.111090
2026-06-03,11,5,122.41,0.122410
2026-06-03,12,5,125.7,0.125700
2026-06-03,13,6,127.44,0.127440
2026-06-03,14,6,128.42,0.128420
2026-06-03,15,7,128.21,0.128210
2026-06-03,16,7,129.09,0.129090
2026-06-03,17,8,130.43,0.130430
2026-06-03,18,8,132.43,0.132430
2026-06-03,19,9,122.95,0.122950
2026-06-03,20,9,110.43,0.110430
2026-06-03,21,10,109.24,0.109240
2026-06-03,22,10,100.55,0.100550
2026-06-03,23,11,99.18,0.099180
2026-06-03,24,11,91.08,0.091080
2026-06-03,25,12,76.28,0.076280
2026-06-03,26,12,63.18,0.063180
2026-06-03,27,13,34.06,0.034060
2026-06-03,28,13,21.71,0.021710
2026-06-03,29,14,28.74,0.028740
2026-06-03,30,14,28.6,0.028600
2026-06-03,31,15,52.1,0.052100
2026-06-03,32,15,57.56,0.057560
2026-06-03,33,16,69.12,0.069120
2026-06-03,34,16,85.85,0.085850
2026-06-03,35,17,113.86,0.113860
2026-06-03,36,17,110.88,0.110880
2026-06-03,37,18,117.35,0.117350
2026-06-03,38,18,114.5,0.114500
2026-06-03,39,19,116.41,0.116410
2026-06-03,40,19,118.35,0.118350
2026-06-03,41,20,112.47,0.112470
2026-06-03,42,20,108.42,0.108420
2026-06-03,43,21,96.79,0.096790
2026-06-03,44,21,97.07,0.097070
2026-06-03,45,22,101.29,0.101290
2026-06-03,46,22,90.02,0.090020
2026-06-03,47,23,73.44,0.073440
2026-06-03,48,23,52.26,0.052260
2026-06-04,1,0,46.82,0.046820
2026-06-04,2,0,42.81,0.042810
2026-06-04,3,1,35.37,0.035370
2026-06-04,4,1,30.9,0.030900
2026-06-04,5,2,21.83,0.021830
2026-06-04,6,2,15.62,0.015620
2026-06-04,7,3,13.19,0.013190
2026-06-04,8,3,11.03,0.011030
2026-06-04,9,4,11.97,0.011970
2026-06-04,10,4,14.55,0.014550
2026-06-04,11,5,18.35,0.018350
2026-06-04,12,5,27.22,0.027220
2026-06-04,13,6,22.84,0.022840
2026-06-04,14,6,56.28,0.056280
2026-06-04,15,7,68.22,0.068220
2026-06-04,16,7,66.98,0.066980
2026-06-04,17,8,66.49,0.066490
2026-06-04,18,8,60.15,0.060150
2026-06-04,19,9,59.11,0.059110
2026-06-04,20,9,52.91,0.052910
2026-06-04,21,10,53.92,0.053920
2026-06-04,22,10,42.35,0.042350
2026-06-04,23,11,22.04,0.022040
2026-06-04,24,11,18.47,0.018470
2026-06-04,25,12,12.22,0.012220
2026-06-04,26,12,8.82,0.008820
2026-06-04,27,13,0.11,0.000110
2026-06-04,34,16,4.05,0.004050
2026-06-04,35,17,57.04,0.057040
2026-06-04,36,17,87.15,0.087150
2026-06-04,37,18,89.84,0.089840
2026-06-04,38,18,87.74,0.087740
2026-06-04,39,19,94.15,0.094150
2026-06-04,40,19,91.39,0.091390
2026-06-04,41,20,87.81,0.087810
2026-06-04,42,20,93.65,0.093650
2026-06-04,43,21,98.45,0.098450
2026-06-04,44,21,103.42,0.103420
2026-06-04,45,22,105.77,0.105770
2026-06-04,46,22,97.76,0.097760
2026-06-04,47,23,82.12,0.082120
2026-06-04,48,23,70.46,0.070460
2026-06-05,1,0,67.37,0.067370
2026-06-05,2,0,65.88,0.065880
2026-06-05,3,1,66.09,0.066090
2026-06-05,4,1,64.65,0.064650
2026-06-05,5,2,59.97,0.059970
2026-06-05,6,2,62.21,0.062210
2026-06-05,7,3,65.42,0.065420
2026-06-05,8,3,66.03,0.066030
2026-06-05,9,4,72.95,0.072950
2026-06-05,10,4,70.95,0.070950
2026-06-05,11,5,93.73,0.093730
2026-06-05,12,5,94.11,0.094110
2026-06-05,13,6,99.39,0.099390
2026-06-05,14,6,106.96,0.106960
2026-06-05,15,7,99.3,0.099300
2026-06-05,16,7,112.2,0.112200
2026-06-05,17,8,115.54,0.115540
2026-06-05,18,8,114.14,0.114140
2026-06-05,19,9,111.62,0.111620
2026-06-05,20,9,109.16,0.109160
2026-06-05,21,10,108.02,0.108020
2026-06-05,22,10,111.66,0.111660
2026-06-05,23,11,109.54,0.109540
2026-06-05,24,11,108.95,0.108950
2026-06-05,25,12,109.12,0.109120
2026-06-05,26,12,104.75,0.104750
2026-06-05,27,13,98.65,0.098650
2026-06-05,28,13,95.4,0.095400
2026-06-05,29,14,94.74,0.094740
2026-06-05,30,14,93.45,0.093450
2026-06-05,31,15,91.54,0.091540
2026-06-05,32,15,91.49,0.091490
2026-06-05,33,16,98.11,0.098110
2026-06-05,34,16,91.75,0.091750
2026-06-05,35,17,108.68,0.108680
2026-06-05,36,17,112.04,0.112040
2026-06-05,37,18,121.54,0.121540
2026-06-05,38,18,126.66,0.126660
2026-06-05,39,19,127.69,0.127690
2026-06-05,40,19,121.86,0.121860
2026-06-05,41,20,121.86,0.121860
2026-06-05,42,20,128.91,0.128910
2026-06-05,43,21,112.1,0.112100
2026-06-05,44,21,112.98,0.112980
2026-06-05,45,22,112.64,0.112640
2026-06-05,46,22,104.95,0.104950
2026-06-05,47,23,100.43,0.100430
2026-06-05,48,23,98.56,0.098560
2026-06-06,1,0,97.54,0.097540
2026-06-06,2,0,100.06,0.100060
2026-06-06,3,1,96.83,0.096830
2026-06-06,4,1,100.45,0.100450
2026-06-06,5,2,100.03,0.100030
2026-06-06,6,2,103.28,0.103280
2026-06-06,7,3,104.68,0.104680
2026-06-06,8,3,106.41,0.106410
2026-06-06,9,4,102.31,0.102310
2026-06-06,10,4,104.57,0.104570
2026-06-06,11,5,100.51,0.100510
2026-06-06,12,5,102.49,0.102490
2026-06-06,13,6,84.39,0.084390
2026-06-06,14,6,83.13,0.083130
2026-06-06,15,7,63.56,0.063560
2026-06-06,16,7,66.1,0.066100
2026-06-06,17,8,60.11,0.060110
2026-06-06,18,8,58.39,0.058390
2026-06-06,19,9,47.83,0.047830
2026-06-06,20,9,43.96,0.043960
2026-06-06,21,10,38.82,0.038820
2026-06-06,22,10,34.16,0.034160
2026-06-06,23,11,24.29,0.024290
2026-06-06,24,11,20.48,0.020480
2026-06-06,25,12,24.52,0.024520
2026-06-06,26,12,21.79,0.021790
2026-06-06,27,13,28.98,0.028980
2026-06-06,28,13,26.29,0.026290
2026-06-06,29,14,32.22,0.032220
2026-06-06,30,14,46.03,0.046030
2026-06-06,31,15,60.43,0.060430
2026-06-06,32,15,80.25,0.080250
2026-06-06,33,16,90.6,0.090600
2026-06-06,34,16,96.6,0.096600
2026-06-06,35,17,108.96,0.108960
2026-06-06,36,17,114.44,0.114440
2026-06-06,37,18,119.02,0.119020
2026-06-06,38,18,120.36,0.120360
2026-06-06,39,19,116.13,0.116130
2026-06-06,40,19,122.49,0.122490
2026-06-06,41,20,119.81,0.119810
2026-06-06,42,20,120.99,0.120990
2026-06-06,43,21,113.71,0.113710
2026-06-06,44,21,113.78,0.113780
2026-06-06,45,22,109.65,0.109650
2026-06-06,46,22,102.51,0.102510
2026-06-06,47,23,102.64,0.102640
2026-06-06,48,23,92.07,0.092070
2026-06-07,1,0,93.1,0.093100
2026-06-07,2,0,82.85,0.082850
2026-06-07,3,1,75.28,0.075280
2026-06-07,4,1,67.33,0.067330
2026-06-07,5,2,52.5,0.052500
2026-06-07,6,2,40.93,0.040930
2026-06-07,7,3,28.15,0.028150
2026-06-07,8,3,19.7,0.019700
2026-06-07,9,4,13.17,0.013170
2026-06-07,10,4,8.12,0.008120
2026-06-07,11,5,4.17,0.004170
2026-06-07,12,5,3.51,0.003510
2026-06-07,13,6,0.79,0.000790
2026-06-07,14,6,0.52,0.000520
2026-06-07,34,16,34.04,0.034040
2026-06-07,35,17,70.16,0.070160
2026-06-07,36,17,103.81,0.103810
2026-06-07,37,18,113.34,0.113340
2026-06-07,38,18,115.81,0.115810
2026-06-07,39,19,122.73,0.122730
2026-06-07,40,19,121.46,0.121460
2026-06-07,41,20,124.39,0.124390
2026-06-07,42,20,124.09,0.124090
2026-06-07,43,21,121.95,0.121950
2026-06-07,44,21,117.1,0.117100
2026-06-07,45,22,117.55,0.117550
2026-06-07,46,22,109.32,0.109320
2026-06-07,47,23,102.84,0.102840
2026-06-07,48,23,98.17,0.098170
2026-06-08,1,0,96.73,0.096730
2026-06-08,2,0,100.6,0.100600
2026-06-08,3,1,99.74,0.099740
2026-06-08,4,1,99.53,0.099530
2026-06-08,5,2,98.02,0.098020
2026-06-08,6,2,101.3,0.101300
2026-06-08,7,3,102.81,0.102810
2026-06-08,8,3,107.01,0.107010
2026-06-08,9,4,110.32,0.110320
2026-06-08,10,4,103.57,0.103570
2026-06-08,11,5,107.63,0.107630
2026-06-08,12,5,104.55,0.104550
2026-06-08,13,6,102.27,0.102270
2026-06-08,14,6,110.46,0.110460
2026-06-08,15,7,91.42,0.091420
2026-06-08,16,7,95.66,0.095660
2026-06-08,17,8,102.08,0.102080
2026-06-08,18,8,105.81,0.105810
2026-06-08,19,9,101.48,0.101480
2026-06-08,20,9,101.3,0.101300
2026-06-08,21,10,102.78,0.102780
2026-06-08,22,10,104.53,0.104530
2026-06-08,23,11,103.01,0.103010
2026-06-08,24,11,100.28,0.100280
2026-06-08,25,12,95.1,0.095100
2026-06-08,26,12,93.84,0.093840
2026-06-08,27,13,97.52,0.097520
2026-06-08,28,13,95.24,0.095240
2026-06-08,29,14,93.74,0.093740
2026-06-08,30,14,91.52,0.091520
2026-06-08,31,15,98.13,0.098130
2026-06-08,32,15,97.17,0.097170
2026-06-08,33,16,111.57,0.111570
2026-06-08,34,16,106.85,0.106850
2026-06-08,35,17,106.83,0.106830
2026-06-08,36,17,112.35,0.112350
2026-06-08,37,18,117.06,0.117060
2026-06-08,38,18,124.19,0.124190
2026-06-08,39,19,131.67,0.131670
2026-06-08,40,19,133.84,0.133840
2026-06-08,41,20,134.53,0.134530
2026-06-08,42,20,138.73,0.138730
2026-06-08,43,21,126.7,0.126700
2026-06-08,44,21,127.89,0.127890
2026-06-08,45,22,114.16,0.114160
2026-06-08,46,22,107.3,0.107300
2026-06-08,47,23,106.19,0.106190
2026-06-08,48,23,107.53,0.107530
2026-06-09,1,0,104.97,0.104970
2026-06-09,2,0,105.65,0.105650
2026-06-09,3,1,105.07,0.105070
2026-06-09,4,1,102.35,0.102350
2026-06-09,5,2,100.5,0.100500
2026-06-09,6,2,98.77,0.098770
2026-06-09,7,3,94.32,0.094320
2026-06-09,8,3,97.5,0.097500
2026-06-09,9,4,96.12,0.096120
2026-06-09,10,4,99.29,0.099290
2026-06-09,11,5,104.36,0.104360
2026-06-09,12,5,103.54,0.103540
2026-06-09,13,6,103.26,0.103260
2026-06-09,14,6,107.27,0.107270
2026-06-09,15,7,101.83,0.101830
2026-06-09,16,7,107.16,0.107160
2026-06-09,17,8,112.66,0.112660
2026-06-09,18,8,101.95,0.101950
2026-06-09,19,9,94.2,0.094200
2026-06-09,20,9,89.9,0.089900
2026-06-09,21,10,90.97,0.090970
2026-06-09,22,10,86.47,0.086470
2026-06-09,23,11,81.22,0.081220
2026-06-09,24,11,69.15,0.069150
2026-06-09,25,12,61.98,0.061980
2026-06-09,26,12,65.99,0.065990
2026-06-09,27,13,57.35,0.057350
2026-06-09,28,13,47.22,0.047220
2026-06-09,29,14,47.11,0.047110
2026-06-09,30,14,61.09,0.061090
2026-06-09,31,15,64.64,0.064640
2026-06-09,32,15,82.83,0.082830
2026-06-09,33,16,97.56,0.097560
2026-06-09,34,16,102.94,0.102940
2026-06-09,35,17,114.13,0.114130
2026-06-09,36,17,106.35,0.106350
2026-06-09,37,18,105.48,0.105480
2026-06-09,38,18,99.5,0.099500
2026-06-09,39,19,117.25,0.117250
2026-06-09,40,19,121.79,0.121790
2026-06-09,41,20,129.85,0.129850
2026-06-09,42,20,129.29,0.129290
2026-06-09,43,21,127.27,0.127270
2026-06-09,44,21,129.84,0.129840
2026-06-09,45,22,125.0,0.125000
2026-06-09,46,22,123.64,0.123640
2026-06-09,47,23,111.56,0.111560
2026-06-09,48,23,102.91,0.102910
2026-06-10,1,0,99.46,0.099460
2026-06-10,2,0,99.83,0.099830
2026-06-10,3,1,96.31,0.096310
2026-06-10,4,1,94.16,0.094160
2026-06-10,5,2,93.01,0.093010
2026-06-10,6,2,92.92,0.092920
2026-06-10,7,3,88.9,0.088900
2026-06-10,8,3,88.66,0.088660
2026-06-10,9,4,90.28,0.090280
2026-06-10,10,4,91.03,0.091030
2026-06-10,11,5,101.49,0.101490
2026-06-10,12,5,99.46,0.099460
2026-06-10,13,6,95.26,0.095260
2026-06-10,14,6,103.49,0.103490
2026-06-10,15,7,112.65,0.112650
2026-06-10,16,7,119.1,0.119100
2026-06-10,17,8,117.1,0.117100
2026-06-10,18,8,110.37,0.110370
2026-06-10,19,9,116.97,0.116970
2026-06-10,20,9,110.46,0.110460
2026-06-10,21,10,103.16,0.103160
2026-06-10,22,10,101.45,0.101450
2026-06-10,23,11,96.37,0.096370
2026-06-10,24,11,93.0,0.093000
2026-06-10,25,12,94.17,0.094170
2026-06-10,26,12,93.88,0.093880
2026-06-10,27,13,88.76,0.088760
2026-06-10,28,13,86.69,0.086690
2026-06-10,29,14,84.71,0.084710
2026-06-10,30,14,80.1,0.080100
2026-06-10,31,15,86.31,0.086310
2026-06-10,32,15,91.03,0.091030
2026-06-10,33,16,92.03,0.092030
2026-06-10,34,16,101.73,0.101730
2026-06-10,35,17,113.15,0.113150
2026-06-10,36,17,119.75,0.119750
2026-06-10,37,18,139.83,0.139830
2026-06-10,38,18,143.46,0.143460
2026-06-10,39,19,149.87,0.149870
2026-06-10,40,19,151.26,0.151260
2026-06-10,41,20,151.78,0.151780
2026-06-10,42,20,153.09,0.153090
2026-06-10,43,21,140.35,0.140350
2026-06-10,44,21,134.09,0.134090
2026-06-10,45,22,121.62,0.121620
2026-06-10,46,22,118.04,0.118040
2026-06-10,47,23,120.89,0.120890
2026-06-10,48,23,113.37,0.113370
2026-06-11,1,0,106.67,0.106670
2026-06-11,2,0,112.4,0.112400
2026-06-11,3,1,106.22,0.106220
2026-06-11,4,1,104.02,0.104020
2026-06-11,5,2,113.34,0.113340
2026-06-11,6,2,100.74,0.100740
2026-06-11,7,3,99.06,0.099060
2026-06-11,8,3,100.2,0.100200
2026-06-11,9,4,101.4,0.101400
2026-06-11,10,4,100.82,0.100820
2026-06-11,11,5,115.11,0.115110
2026-06-11,12,5,114.06,0.114060
2026-06-11,13,6,107.86,0.107860
2026-06-11,14,6,119.25,0.119250
2026-06-11,15,7,110.99,0.110990
2026-06-11,16,7,118.77,0.118770
2026-06-11,17,8,116.35,0.116350
2026-06-11,18,8,118.72,0.118720
2026-06-11,19,9,110.93,0.110930
2026-06-11,20,9,107.63,0.107630
2026-06-11,21,10,110.39,0.110390
2026-06-11,22,10,110.68,0.110680
2026-06-11,23,11,116.31,0.116310
2026-06-11,24,11,105.11,0.105110
2026-06-11,25,12,107.69,0.107690
2026-06-11,26,12,103.12,0.103120
2026-06-11,27,13,105.12,0.105120
2026-06-11,28,13,107.33,0.107330
2026-06-11,29,14,107.84,0.107840
2026-06-11,30,14,104.96,0.104960
2026-06-11,31,15,103.79,0.103790
2026-06-11,32,15,104.11,0.104110
2026-06-11,33,16,102.82,0.102820
2026-06-11,34,16,102.25,0.102250
2026-06-11,35,17,118.05,0.118050
2026-06-11,36,17,123.8,0.123800
2026-06-11,37,18,128.73,0.128730
2026-06-11,38,18,128.78,0.128780
2026-06-11,39,19,137.23,0.137230
2026-06-11,40,19,134.74,0.134740
2026-06-11,41,20,133.87,0.133870
2026-06-11,42,20,133.25,0.133250
2026-06-11,43,21,126.79,0.126790
2026-06-11,44,21,125.13,0.125130
2026-06-11,45,22,123.35,0.123350
2026-06-11,46,22,113.11,0.113110
2026-06-11,47,23,104.18,0.104180
2026-06-11,48,23,98.09,0.098090
2026-06-12,1,0,96.92,0.096920
2026-06-12,2,0,92.97,0.092970
2026-06-12,3,1,87.23,0.087230
2026-06-12,4,1,87.95,0.087950
2026-06-12,5,2,94.54,0.094540
2026-06-12,6,2,96.35,0.096350
2026-06-12,7,3,99.58,0.099580
2026-06-12,8,3,96.75,0.096750
2026-06-12,9,4,101.05,0.101050
2026-06-12,10,4,98.45,0.098450
2026-06-12,11,5,108.31,0.108310
2026-06-12,12,5,111.79,0.111790
2026-06-12,13,6,105.54,0.105540
2026-06-12,14,6,114.86,0.114860
2026-06-12,15,7,120.35,0.120350
2026-06-12,16,7,125.98,0.125980
2026-06-12,17,8,128.69,0.128690
2026-06-12,18,8,130.83,0.130830
2026-06-12,19,9,129.46,0.129460
2026-06-12,20,9,126.34,0.126340
2026-06-12,21,10,124.51,0.124510
2026-06-12,22,10,105.06,0.105060
2026-06-12,23,11,81.6,0.081600
2026-06-12,24,11,63.94,0.063940
2026-06-12,25,12,63.79,0.063790
2026-06-12,26,12,45.07,0.045070
2026-06-12,27,13,26.64,0.026640
2026-06-12,28,13,12.16,0.012160
2026-06-12,29,14,8.88,0.008880
2026-06-12,30,14,2.77,0.002770
2026-06-12,34,16,1.23,0.001230
2026-06-12,35,17,15.46,0.015460
2026-06-12,36,17,31.69,0.031690
2026-06-12,37,18,55.63,0.055630
2026-06-12,38,18,73.56,0.073560
2026-06-12,39,19,79.7,0.079700
2026-06-12,40,19,80.75,0.080750
2026-06-12,41,20,84.45,0.084450
2026-06-12,42,20,99.21,0.099210
2026-06-12,43,21,107.47,0.107470
2026-06-12,44,21,110.46,0.110460
2026-06-12,45,22,103.92,0.103920
2026-06-12,46,22,92.27,0.092270
2026-06-12,47,23,100.8,0.100800
2026-06-12,48,23,88.9,0.088900
2026-06-13,1,0,94.69,0.094690
2026-06-13,2,0,78.74,0.078740
2026-06-13,3,1,73.05,0.073050
2026-06-13,4,1,63.86,0.063860
2026-06-13,5,2,61.59,0.061590
2026-06-13,6,2,56.42,0.056420
2026-06-13,7,3,55.44,0.055440
2026-06-13,8,3,60.04,0.060040
2026-06-13,9,4,59.61,0.059610
2026-06-13,10,4,54.51,0.054510
2026-06-13,11,5,52.15,0.052150
2026-06-13,12,5,53.8,0.053800
2026-06-13,13,6,27.95,0.027950
2026-06-13,14,6,22.77,0.022770
2026-06-13,15,7,8.12,0.008120
2026-06-13,16,7,10.05,0.010050
2026-06-13,17,8,2.31,0.002310
2026-06-13,18,8,4.48,0.004480
2026-06-13,19,9,6.24,0.006240
2026-06-13,20,9,5.0,0.005000
2026-06-13,36,17,10.24,0.010240
2026-06-13,37,18,2.54,0.002540
2026-06-13,38,18,29.19,0.029190
2026-06-13,39,19,73.7,0.073700
2026-06-13,40,19,80.56,0.080560
2026-06-13,41,20,80.94,0.080940
2026-06-13,42,20,82.52,0.082520
2026-06-13,43,21,82.05,0.082050
2026-06-13,44,21,82.55,0.082550
2026-06-13,45,22,78.68,0.078680
2026-06-13,46,22,78.11,0.078110
2026-06-13,47,23,45.06,0.045060
2026-06-13,48,23,37.95,0.037950
2026-06-14,1,0,28.22,0.028220
2026-06-14,2,0,26.72,0.026720
2026-06-14,3,1,20.58,0.020580
2026-06-14,4,1,17.14,0.017140
2026-06-14,5,2,11.48,0.011480
2026-06-14,6,2,5.78,0.005780
2026-06-14,16,7,2.05,0.002050
2026-06-14,17,8,2.39,0.002390
2026-06-14,18,8,10.22,0.010220
2026-06-14,19,9,0.33,0.000330
2026-06-14,20,9,4.49,0.004490
2026-06-14,21,10,9.28,0.009280
2026-06-14,22,10,15.1,0.015100
2026-06-14,23,11,37.21,0.037210
2026-06-14,24,11,45.87,0.045870
2026-06-14,25,12,55.51,0.055510
2026-06-14,26,12,64.7,0.064700
2026-06-14,27,13,65.23,0.065230
2026-06-14,28,13,65.28,0.065280
2026-06-14,29,14,67.94,0.067940
2026-06-14,30,14,66.93,0.066930
2026-06-14,31,15,72.2,0.072200
2026-06-14,32,15,71.8,0.071800
2026-06-14,33,16,68.41,0.068410
2026-06-14,34,16,73.41,0.073410
2026-06-14,35,17,92.93,0.092930
2026-06-14,36,17,103.03,0.103030
2026-06-14,37,18,105.86,0.105860
2026-06-14,38,18,108.26,0.108260
2026-06-14,39,19,105.16,0.105160
2026-06-14,40,19,114.75,0.114750
2026-06-14,41,20,111.53,0.111530
2026-06-14,42,20,114.43,0.114430
2026-06-14,43,21,110.84,0.110840
2026-06-14,44,21,109.16,0.109160
2026-06-14,45,22,107.58,0.107580
2026-06-14,46,22,101.93,0.101930
2026-06-14,47,23,95.3,0.095300
2026-06-14,48,23,94.96,0.094960
2026-06-15,1,0,89.76,0.089760
2026-06-15,2,0,87.16,0.087160
2026-06-15,3,1,84.49,0.084490
2026-06-15,4,1,83.6,0.083600
2026-06-15,5,2,83.03,0.083030
2026-06-15,6,2,81.49,0.081490
2026-06-15,7,3,79.82,0.079820
2026-06-15,8,3,79.13,0.079130
2026-06-15,9,4,80.65,0.080650
2026-06-15,10,4,80.25,0.080250
2026-06-15,11,5,84.02,0.084020
2026-06-15,12,5,86.39,0.086390
2026-06-15,13,6,87.93,0.087930
2026-06-15,14,6,94.37,0.094370
2026-06-15,15,7,106.06,0.106060
2026-06-15,16,7,104.99,0.104990
2026-06-15,17,8,111.53,0.111530
2026-06-15,18,8,110.21,0.110210
2026-06-15,19,9,112.72,0.112720
2026-06-15,20,9,111.89,0.111890
2026-06-15,21,10,117.14,0.117140
2026-06-15,22,10,111.85,0.111850
2026-06-15,23,11,104.57,0.104570
2026-06-15,24,11,102.03,0.102030
2026-06-15,25,12,99.0,0.099000
2026-06-15,26,12,96.18,0.096180
2026-06-15,27,13,95.51,0.095510
2026-06-15,28,13,102.37,0.102370
2026-06-15,29,14,93.3,0.093300
2026-06-15,30,14,95.59,0.095590
2026-06-15,31,15,98.13,0.098130
2026-06-15,32,15,98.85,0.098850
2026-06-15,33,16,94.18,0.094180
2026-06-15,34,16,97.16,0.097160
2026-06-15,35,17,102.23,0.102230
2026-06-15,36,17,119.45,0.119450
2026-06-15,37,18,107.37,0.107370
2026-06-15,38,18,118.28,0.118280
2026-06-15,39,19,124.55,0.124550
2026-06-15,40,19,119.93,0.119930
2026-06-15,41,20,123.5,0.123500
2026-06-15,42,20,126.38,0.126380
2026-06-15,43,21,122.9,0.122900
2026-06-15,44,21,121.46,0.121460
2026-06-15,45,22,121.75,0.121750
2026-06-15,46,22,116.79,0.116790
2026-06-15,47,23,113.12,0.113120
2026-06-15,48,23,106.28,0.106280
2026-06-16,1,0,102.92,0.102920
2026-06-16,2,0,104.65,0.104650
2026-06-16,3,1,98.32,0.098320
2026-06-16,4,1,103.38,0.103380
2026-06-16,5,2,102.15,0.102150
2026-06-16,6,2,101.87,0.101870
2026-06-16,7,3,96.56,0.096560
2026-06-16,8,3,94.99,0.094990
2026-06-16,9,4,107.41,0.107410
2026-06-16,10,4,107.79,0.107790
2026-06-16,11,5,122.06,0.122060
2026-06-16,12,5,113.67,0.113670
2026-06-16,13,6,121.53,0.121530
2026-06-16,14,6,130.31,0.130310
2026-06-16,15,7,118.67,0.118670
2026-06-16,16,7,121.7,0.121700
2026-06-16,17,8,120.74,0.120740
2026-06-16,18,8,123.01,0.123010
2026-06-16,19,9,113.86,0.113860
2026-06-16,20,9,108.56,0.108560
2026-06-16,21,10,106.56,0.106560
2026-06-16,22,10,95.19,0.095190
2026-06-16,23,11,87.68,0.087680
2026-06-16,24,11,80.6,0.080600
2026-06-16,25,12,82.53,0.082530
2026-06-16,26,12,86.96,0.086960
2026-06-16,27,13,83.37,0.083370
2026-06-16,28,13,92.09,0.092090
2026-06-16,29,14,81.68,0.081680
2026-06-16,30,14,87.37,0.087370
2026-06-16,31,15,80.92,0.080920
2026-06-16,32,15,80.9,0.080900
2026-06-16,33,16,87.5,0.087500
2026-06-16,34,16,89.45,0.089450
2026-06-16,35,17,105.03,0.105030
2026-06-16,36,17,107.41,0.107410
2026-06-16,37,18,129.75,0.129750
2026-06-16,38,18,136.26,0.136260
2026-06-16,39,19,149.21,0.149210
2026-06-16,40,19,150.09,0.150090
2026-06-16,41,20,146.28,0.146280
2026-06-16,42,20,137.31,0.137310
2026-06-16,43,21,132.23,0.132230
2026-06-16,44,21,124.29,0.124290
2026-06-16,45,22,117.31,0.117310
2026-06-16,46,22,115.77,0.115770
2026-06-16,47,23,110.22,0.110220
2026-06-16,48,23,108.04,0.108040
2026-06-17,1,0,107.02,0.107020
2026-06-17,2,0,106.42,0.106420
2026-06-17,3,1,101.18,0.101180
2026-06-17,4,1,110.96,0.110960
2026-06-17,5,2,113.21,0.113210
2026-06-17,6,2,112.86,0.112860
2026-06-17,7,3,118.8,0.118800
2026-06-17,8,3,111.83,0.111830
2026-06-17,9,4,109.2,0.109200
2026-06-17,10,4,108.71,0.108710
2026-06-17,11,5,125.4,0.125400
2026-06-17,12,5,123.64,0.123640
2026-06-17,13,6,116.08,0.116080
2026-06-17,14,6,128.69,0.128690
2026-06-17,15,7,96.57,0.096570
2026-06-17,16,7,113.03,0.113030
2026-06-17,17,8,92.83,0.092830
2026-06-17,18,8,93.75,0.093750
2026-06-17,19,9,96.67,0.096670
2026-06-17,20,9,99.85,0.099850
2026-06-17,21,10,100.46,0.100460
2026-06-17,22,10,100.7,0.100700
2026-06-17,23,11,97.07,0.097070
2026-06-17,24,11,94.6,0.094600
2026-06-17,25,12,90.33,0.090330
2026-06-17,26,12,89.45,0.089450
2026-06-17,27,13,89.76,0.089760
2026-06-17,28,13,87.5,0.087500
2026-06-17,29,14,88.07,0.088070
2026-06-17,30,14,85.12,0.085120
2026-06-17,31,15,91.56,0.091560
2026-06-17,32,15,93.39,0.093390
2026-06-17,33,16,101.27,0.101270
2026-06-17,34,16,97.07,0.097070
2026-06-17,35,17,99.25,0.099250
2026-06-17,36,17,99.64,0.099640
2026-06-17,37,18,112.77,0.112770
2026-06-17,38,18,122.46,0.122460
2026-06-17,39,19,136.91,0.136910
2026-06-17,40,19,139.29,0.139290
2026-06-17,41,20,146.05,0.146050
2026-06-17,42,20,145.85,0.145850
2026-06-17,43,21,138.77,0.138770
2026-06-17,44,21,138.37,0.138370
2026-06-17,45,22,131.1,0.131100
2026-06-17,46,22,128.68,0.128680
2026-06-17,47,23,125.12,0.125120
2026-06-17,48,23,117.77,0.117770
2026-06-18,1,0,121.05,0.121050
2026-06-18,2,0,116.63,0.116630
2026-06-18,3,1,107.93,0.107930
2026-06-18,4,1,104.42,0.104420
2026-06-18,5,2,95.69,0.095690
2026-06-18,6,2,99.05,0.099050
2026-06-18,7,3,92.04,0.092040
2026-06-18,8,3,89.9,0.089900
2026-06-18,9,4,94.38,0.094380
2026-06-18,10,4,99.31,0.099310
2026-06-18,11,5,114.07,0.114070
2026-06-18,12,5,106.71,0.106710
2026-06-18,13,6,117.28,0.117280
2026-06-18,14,6,120.62,0.120620
2026-06-18,15,7,116.94,0.116940
2026-06-18,16,7,119.01,0.119010
2026-06-18,17,8,109.92,0.109920
2026-06-18,18,8,109.25,0.109250
2026-06-18,19,9,107.6,0.107600
2026-06-18,20,9,107.19,0.107190
2026-06-18,21,10,103.0,0.103000
2026-06-18,22,10,104.21,0.104210
2026-06-18,23,11,99.41,0.099410
2026-06-18,24,11,94.47,0.094470
2026-06-18,25,12,91.77,0.091770
2026-06-18,26,12,90.45,0.090450
2026-06-18,27,13,91.92,0.091920
2026-06-18,28,13,92.26,0.092260
2026-06-18,29,14,93.62,0.093620
2026-06-18,30,14,94.58,0.094580
2026-06-18,31,15,96.9,0.096900
2026-06-18,32,15,97.5,0.097500
2026-06-18,33,16,97.93,0.097930
2026-06-18,34,16,93.13,0.093130
2026-06-18,35,17,123.41,0.123410
2026-06-18,36,17,115.48,0.115480
2026-06-18,37,18,112.48,0.112480
2026-06-18,38,18,117.17,0.117170
2026-06-18,39,19,123.37,0.123370
2026-06-18,40,19,137.71,0.137710
2026-06-18,41,20,122.92,0.122920
2026-06-18,42,20,122.94,0.122940
2026-06-18,43,21,115.7,0.115700
2026-06-18,44,21,118.52,0.118520
2026-06-18,45,22,122.16,0.122160
2026-06-18,46,22,112.44,0.112440
2026-06-18,47,23,116.42,0.116420
2026-06-18,48,23,110.49,0.110490
2026-06-19,1,0,98.72,0.098720
2026-06-19,2,0,94.34,0.094340
2026-06-19,3,1,85.86,0.085860
2026-06-19,4,1,84.71,0.084710
2026-06-19,5,2,88.42,0.088420
2026-06-19,6,2,82.66,0.082660
2026-06-19,7,3,81.99,0.081990
2026-06-19,8,3,86.14,0.086140
2026-06-19,9,4,85.56,0.085560
2026-06-19,10,4,85.06,0.085060
2026-06-19,11,5,87.29,0.087290
2026-06-19,12,5,89.96,0.089960
2026-06-19,13,6,95.51,0.095510
2026-06-19,14,6,98.58,0.098580
2026-06-19,15,7,87.68,0.087680
2026-06-19,16,7,95.71,0.095710
2026-06-19,17,8,89.25,0.089250
2026-06-19,18,8,88.9,0.088900
2026-06-19,19,9,76.47,0.076470
2026-06-19,20,9,74.64,0.074640
2026-06-19,21,10,58.53,0.058530
2026-06-19,22,10,58.98,0.058980
2026-06-19,23,11,46.76,0.046760
2026-06-19,24,11,54.26,0.054260
2026-06-19,25,12,53.91,0.053910
2026-06-19,26,12,64.06,0.064060
2026-06-19,27,13,67.51,0.067510
2026-06-19,28,13,68.11,0.068110
2026-06-19,29,14,75.19,0.075190
2026-06-19,30,14,78.83,0.078830
2026-06-19,31,15,98.3,0.098300
2026-06-19,32,15,93.97,0.093970
2026-06-19,33,16,84.09,0.084090
2026-06-19,34,16,76.78,0.076780
2026-06-19,35,17,95.05,0.095050
2026-06-19,36,17,88.57,0.088570
2026-06-19,37,18,78.05,0.078050
2026-06-19,38,18,102.67,0.102670
2026-06-19,39,19,111.53,0.111530
2026-06-19,40,19,117.24,0.117240
2026-06-19,41,20,128.26,0.128260
2026-06-19,42,20,132.97,0.132970
2026-06-19,43,21,118.71,0.118710
2026-06-19,44,21,116.69,0.116690
2026-06-19,45,22,114.32,0.114320
2026-06-19,46,22,117.33,0.117330
2026-06-19,47,23,97.1,0.097100
2026-06-19,48,23,94.86,0.094860
2026-06-20,1,0,98.19,0.098190
2026-06-20,2,0,92.29,0.092290
2026-06-20,3,1,94.57,0.094570
2026-06-20,4,1,93.63,0.093630
2026-06-20,5,2,92.27,0.092270
2026-06-20,6,2,93.7,0.093700
2026-06-20,7,3,97.04,0.097040
2026-06-20,8,3,97.23,0.097230
2026-06-20,9,4,101.24,0.101240
2026-06-20,10,4,99.86,0.099860
2026-06-20,11,5,102.47,0.102470
2026-06-20,12,5,100.86,0.100860
2026-06-20,13,6,98.77,0.098770
2026-06-20,14,6,103.88,0.103880
2026-06-20,15,7,105.42,0.105420
2026-06-20,16,7,110.9,0.110900
2026-06-20,17,8,108.93,0.108930
2026-06-20,18,8,114.81,0.114810
2026-06-20,19,9,122.03,0.122030
2026-06-20,20,9,121.52,0.121520
2026-06-20,21,10,119.98,0.119980
2026-06-20,22,10,114.32,0.114320
2026-06-20,23,11,108.83,0.108830
2026-06-20,24,11,102.33,0.102330
2026-06-20,25,12,102.54,0.102540
2026-06-20,26,12,100.18,0.100180
2026-06-20,27,13,98.78,0.098780
2026-06-20,28,13,100.99,0.100990
2026-06-20,29,14,102.7,0.102700
2026-06-20,30,14,99.96,0.099960
2026-06-20,31,15,97.14,0.097140
2026-06-20,32,15,96.49,0.096490
2026-06-20,33,16,97.33,0.097330
2026-06-20,34,16,97.64,0.097640
2026-06-20,35,17,104.02,0.104020
2026-06-20,36,17,96.4,0.096400
2026-06-20,37,18,106.15,0.106150
2026-06-20,38,18,115.49,0.115490
2026-06-20,39,19,137.52,0.137520
2026-06-20,40,19,136.65,0.136650
2026-06-20,41,20,139.75,0.139750
2026-06-20,42,20,143.94,0.143940
2026-06-20,43,21,148.73,0.148730
2026-06-20,44,21,147.82,0.147820
2026-06-20,45,22,136.49,0.136490
2026-06-20,46,22,132.96,0.132960
2026-06-20,47,23,119.05,0.119050
2026-06-20,48,23,115.98,0.115980
2026-06-21,1,0,120.75,0.120750
2026-06-21,2,0,117.32,0.117320
2026-06-21,3,1,110.74,0.110740
2026-06-21,4,1,110.2,0.110200
2026-06-21,5,2,111.01,0.111010
2026-06-21,6,2,112.47,0.112470
2026-06-21,7,3,113.97,0.113970
2026-06-21,8,3,115.54,0.115540
2026-06-21,9,4,116.67,0.116670
2026-06-21,10,4,111.7,0.111700
2026-06-21,11,5,112.16,0.112160
2026-06-21,12,5,111.32,0.111320
2026-06-21,13,6,103.25,0.103250
2026-06-21,14,6,107.11,0.107110
2026-06-21,15,7,95.15,0.095150
2026-06-21,16,7,99.77,0.099770
2026-06-21,17,8,95.71,0.095710
2026-06-21,18,8,95.21,0.095210
2026-06-21,19,9,94.82,0.094820
2026-06-21,20,9,92.27,0.092270
2026-06-21,21,10,92.59,0.092590
2026-06-21,22,10,91.51,0.091510
2026-06-21,23,11,91.14,0.091140
2026-06-21,24,11,92.8,0.092800
2026-06-21,25,12,92.5,0.092500
2026-06-21,26,12,93.29,0.093290
2026-06-21,27,13,92.2,0.092200
2026-06-21,28,13,90.92,0.090920
2026-06-21,29,14,90.12,0.090120
2026-06-21,30,14,91.67,0.091670
2026-06-21,31,15,89.6,0.089600
2026-06-21,32,15,88.43,0.088430
2026-06-21,33,16,85.11,0.085110
2026-06-21,34,16,86.97,0.086970
2026-06-21,35,17,101.98,0.101980
2026-06-21,36,17,95.54,0.095540
2026-06-21,37,18,100.62,0.100620
2026-06-21,38,18,117.96,0.117960
2026-06-21,39,19,122.99,0.122990
2026-06-21,40,19,125.29,0.125290
2026-06-21,41,20,132.57,0.132570
2026-06-21,42,20,127.84,0.127840
2026-06-21,43,21,131.35,0.131350
2026-06-21,44,21,135.84,0.135840
2026-06-21,45,22,125.49,0.125490
2026-06-21,46,22,121.68,0.121680
2026-06-21,47,23,114.36,0.114360
2026-06-21,48,23,114.95,0.114950
2026-06-22,1,0,111.19,0.111190
2026-06-22,2,0,108.63,0.108630
2026-06-22,3,1,104.94,0.104940
2026-06-22,4,1,100.83,0.100830
2026-06-22,5,2,99.52,0.099520
2026-06-22,6,2,97.04,0.097040
2026-06-22,7,3,95.84,0.095840
2026-06-22,8,3,94.05,0.094050
2026-06-22,9,4,93.12,0.093120
2026-06-22,10,4,91.04,0.091040
2026-06-22,11,5,95.89,0.095890
2026-06-22,12,5,99.94,0.099940
2026-06-22,13,6,103.93,0.103930
2026-06-22,14,6,108.9,0.108900
2026-06-22,15,7,98.99,0.098990
2026-06-22,16,7,100.97,0.100970
2026-06-22,17,8,88.41,0.088410
2026-06-22,18,8,88.12,0.088120
2026-06-22,19,9,83.64,0.083640
2026-06-22,20,9,82.04,0.082040
2026-06-22,21,10,82.72,0.082720
2026-06-22,22,10,80.25,0.080250
2026-06-22,23,11,84.03,0.084030
2026-06-22,24,11,81.54,0.081540
2026-06-22,25,12,80.14,0.080140
2026-06-22,26,12,78.15,0.078150
2026-06-22,27,13,76.28,0.076280
2026-06-22,28,13,72.82,0.072820
2026-06-22,29,14,69.3,0.069300
2026-06-22,30,14,67.55,0.067550
2026-06-22,31,15,92.89,0.092890
2026-06-22,32,15,90.89,0.090890
2026-06-22,33,16,112.3,0.112300
2026-06-22,34,16,112.02,0.112020
2026-06-22,35,17,128.13,0.128130
2026-06-22,36,17,138.44,0.138440
2026-06-22,37,18,162.84,0.162840
2026-06-22,38,18,160.99,0.160990
2026-06-22,39,19,157.91,0.157910
2026-06-22,40,19,160.86,0.160860
2026-06-22,41,20,170.72,0.170720
2026-06-22,42,20,159.9,0.159900
2026-06-22,43,21,151.64,0.151640
2026-06-22,44,21,149.22,0.149220
2026-06-22,45,22,134.45,0.134450
2026-06-22,46,22,134.21,0.134210
2026-06-22,47,23,124.23,0.124230
2026-06-22,48,23,108.48,0.108480
2026-06-23,1,0,103.67,0.103670
2026-06-23,2,0,102.01,0.102010
2026-06-23,3,1,89.44,0.089440
2026-06-23,4,1,91.61,0.091610
2026-06-23,5,2,95.03,0.095030
2026-06-23,6,2,101.39,0.101390
2026-06-23,7,3,101.49,0.101490
2026-06-23,8,3,101.88,0.101880
2026-06-23,9,4,107.3,0.107300
2026-06-23,10,4,115.09,0.115090
2026-06-23,11,5,114.71,0.114710
2026-06-23,12,5,116.8,0.116800
2026-06-23,13,6,118.96,0.118960
2026-06-23,14,6,128.1,0.128100
2026-06-23,15,7,132.71,0.132710
2026-06-23,16,7,138.12,0.138120
2026-06-23,17,8,118.63,0.118630
2026-06-23,18,8,116.06,0.116060
2026-06-23,19,9,100.51,0.100510
2026-06-23,20,9,97.08,0.097080
2026-06-23,21,10,90.15,0.090150
2026-06-23,22,10,89.76,0.089760
2026-06-23,23,11,87.51,0.087510
2026-06-23,24,11,86.61,0.086610
2026-06-23,25,12,85.38,0.085380
2026-06-23,26,12,85.4,0.085400
2026-06-23,27,13,88.64,0.088640
2026-06-23,28,13,88.21,0.088210
2026-06-23,29,14,95.51,0.095510
2026-06-23,30,14,94.87,0.094870
2026-06-23,31,15,106.04,0.106040
2026-06-23,32,15,101.94,0.101940
2026-06-23,33,16,112.65,0.112650
2026-06-23,34,16,125.99,0.125990
2026-06-23,35,17,195.68,0.195680
2026-06-23,36,17,204.45,0.204450
2026-06-23,37,18,343.75,0.343750
2026-06-23,38,18,369.39,0.369390
2026-06-23,39,19,464.76,0.464760
2026-06-23,40,19,530.66,0.530660
2026-06-23,41,20,545.21,0.545210
2026-06-23,42,20,560.81,0.560810
2026-06-23,43,21,453.93,0.453930
2026-06-23,44,21,410.09,0.410090
2026-06-23,45,22,303.11,0.303110
2026-06-23,46,22,226.68,0.226680
2026-06-23,47,23,176.19,0.176190
2026-06-23,48,23,165.49,0.165490
2026-06-24,1,0,149.34,0.149340
2026-06-24,2,0,146.12,0.146120
2026-06-24,3,1,125.88,0.125880
2026-06-24,4,1,129.32,0.129320
2026-06-24,5,2,133.17,0.133170
2026-06-24,6,2,123.88,0.123880
2026-06-24,7,3,119.73,0.119730
2026-06-24,8,3,117.5,0.117500
2026-06-24,9,4,114.69,0.114690
2026-06-24,10,4,117.71,0.117710
2026-06-24,11,5,128.82,0.128820
2026-06-24,12,5,125.2,0.125200
2026-06-24,13,6,118.54,0.118540
2026-06-24,14,6,121.91,0.121910
2026-06-24,15,7,104.31,0.104310
2026-06-24,16,7,102.62,0.102620
2026-06-24,17,8,91.27,0.091270
2026-06-24,18,8,88.13,0.088130
2026-06-24,19,9,86.15,0.086150
2026-06-24,20,9,87.08,0.087080
2026-06-24,21,10,80.42,0.080420
2026-06-24,22,10,77.57,0.077570
2026-06-24,23,11,78.6,0.078600
2026-06-24,24,11,77.8,0.077800
2026-06-24,25,12,80.19,0.080190
2026-06-24,26,12,79.05,0.079050
2026-06-24,27,13,79.75,0.079750
2026-06-24,28,13,78.45,0.078450
2026-06-24,29,14,80.71,0.080710
2026-06-24,30,14,80.2,0.080200
2026-06-24,31,15,95.75,0.095750
2026-06-24,32,15,94.54,0.094540
2026-06-24,33,16,94.36,0.094360
2026-06-24,34,16,99.78,0.099780
2026-06-24,35,17,150.63,0.150630
2026-06-24,36,17,161.28,0.161280
2026-06-24,37,18,202.06,0.202060
2026-06-24,38,18,208.79,0.208790
2026-06-24,39,19,238.78,0.238780
2026-06-24,40,19,239.51,0.239510
2026-06-24,41,20,204.86,0.204860
2026-06-24,42,20,218.7,0.218700
2026-06-24,43,21,167.15,0.167150
2026-06-24,44,21,162.02,0.162020
2026-06-24,45,22,155.71,0.155710
2026-06-24,46,22,135.72,0.135720
2026-06-24,47,23,122.46,0.122460
2026-06-24,48,23,124.31,0.124310
2026-06-25,1,0,123.22,0.123220
2026-06-25,2,0,125.25,0.125250
2026-06-25,3,1,124.81,0.124810
