agent_id,hour,hour_of_day,day_of_week,typology,counterfactual,location,plugged_in,soc,soh,action,energy_kwh,price_per_kwh,cost_currency
3001,0,0,0,Threshold Charger,V1G,home,False,0.5,0.999998,IDLE,0.0,0.53,0.0
3001,1,1,0,Threshold Charger,V1G,home,False,0.5,0.999996,IDLE,0.0,0.53,0.0
3001,2,2,0,Threshold Charger,V1G,home,False,0.5,0.999993,IDLE,0.0,0.53,0.0
3001,3,3,0,Threshold Charger,V1G,home,False,0.5,0.999991,IDLE,0.0,0.53,0.0
3001,4,4,0,Threshold Charger,V1G,home,False,0.5,0.999989,IDLE,0.0,0.53,0.0
3001,5,5,0,Threshold Charger,V1G,home,False,0.5,0.999987,IDLE,0.0,0.53,0.0
3001,6,6,0,Threshold Charger,V1G,home,False,0.5,0.999985,IDLE,0.0,0.53,0.0
3001,7,7,0,Threshold Charger,V1G,home,False,0.5,0.999983,IDLE,0.0,0.85,0.0
3001,8,8,0,Threshold Charger,V1G,home,False,0.5,0.99998,IDLE,0.0,0.85,0.0
3001,9,9,0,Threshold Charger,V1G,driving,False,0.4515,0.999978,DRIVING,0.0,0.85,0.0
3001,10,10,0,Threshold Charger,V1G,work,False,0.4515,0.999976,IDLE,0.0,0.85,0.0
3001,11,11,0,Threshold Charger,V1G,work,False,0.4515,0.999974,IDLE,0.0,0.85,0.0
3001,12,12,0,Threshold Charger,V1G,work,False,0.4515,0.999972,IDLE,0.0,0.85,0.0
3001,13,13,0,Threshold Charger,V1G,work,False,0.4515,0.99997,IDLE,0.0,0.85,0.0
3001,14,14,0,Threshold Charger,V1G,work,False,0.4515,0.999968,IDLE,0.0,0.85,0.0
3001,15,15,0,Threshold Charger,V1G,work,False,0.4515,0.999966,IDLE,0.0,0.85,0.0
3001,16,16,0,Threshold Charger,V1G,work,False,0.4515,0.999964,IDLE,0.0,0.85,0.0
3001,17,17,0,Threshold Charger,V1G,work,False,0.4515,0.999961,IDLE,0.0,1.69,0.0
3001,18,18,0,Threshold Charger,V1G,driving,False,0.403,0.999959,DRIVING,0.0,1.69,0.0
3001,19,19,0,Threshold Charger,V1G,home,True,0.403,0.999957,IDLE,0.0,1.69,0.0
3001,20,20,0,Threshold Charger,V1G,home,True,0.403,0.999955,IDLE,0.0,1.69,0.0
3001,21,21,0,Threshold Charger,V1G,home,True,0.403,0.999953,IDLE,0.0,1.69,0.0
3001,22,22,0,Threshold Charger,V1G,home,True,0.403,0.999951,IDLE,0.0,1.69,0.0
3001,23,23,0,Threshold Charger,V1G,home,True,0.5139,0.999942,CHARGE,7.0,0.53,3.71
3001,24,0,1,Threshold Charger,V1G,home,True,0.6247,0.999934,CHARGE,7.0,0.53,3.71
3001,25,1,1,Threshold Charger,V1G,home,True,0.7356,0.999925,CHARGE,7.0,0.53,3.71
3001,26,2,1,Threshold Charger,V1G,home,True,0.8464,0.999916,CHARGE,7.0,0.53,3.71
3001,27,3,1,Threshold Charger,V1G,home,True,0.9572,0.999906,CHARGE,7.0,0.53,3.71
3001,28,4,1,Threshold Charger,V1G,home,False,0.9572,0.999904,IDLE,0.0,0.53,0.0
3001,29,5,1,Threshold Charger,V1G,home,False,0.9572,0.999901,IDLE,0.0,0.53,0.0
3001,30,6,1,Threshold Charger,V1G,home,False,0.9572,0.999898,IDLE,0.0,0.53,0.0
3001,31,7,1,Threshold Charger,V1G,home,False,0.9572,0.999896,IDLE,0.0,0.85,0.0
3001,32,8,1,Threshold Charger,V1G,home,False,0.9572,0.999893,IDLE,0.0,0.85,0.0
3001,33,9,1,Threshold Charger,V1G,driving,False,0.8803,0.99989,DRIVING,0.0,0.85,0.0
3001,34,10,1,Threshold Charger,V1G,work,False,0.8803,0.999888,IDLE,0.0,0.85,0.0
3001,35,11,1,Threshold Charger,V1G,work,False,0.8803,0.999885,IDLE,0.0,0.85,0.0
3001,36,12,1,Threshold Charger,V1G,work,False,0.8803,0.999882,IDLE,0.0,0.85,0.0
3001,37,13,1,Threshold Charger,V1G,work,False,0.8803,0.99988,IDLE,0.0,0.85,0.0
3001,38,14,1,Threshold Charger,V1G,work,False,0.8803,0.999877,IDLE,0.0,0.85,0.0
3001,39,15,1,Threshold Charger,V1G,work,False,0.8803,0.999875,IDLE,0.0,0.85,0.0
3001,40,16,1,Threshold Charger,V1G,work,False,0.8803,0.999872,IDLE,0.0,0.85,0.0
3001,41,17,1,Threshold Charger,V1G,work,False,0.8803,0.999869,IDLE,0.0,1.69,0.0
3001,42,18,1,Threshold Charger,V1G,driving,False,0.8034,0.999867,DRIVING,0.0,1.69,0.0
3001,43,19,1,Threshold Charger,V1G,home,False,0.8034,0.999864,IDLE,0.0,1.69,0.0
3001,44,20,1,Threshold Charger,V1G,home,False,0.8034,0.999862,IDLE,0.0,1.69,0.0
3001,45,21,1,Threshold Charger,V1G,home,False,0.8034,0.999859,IDLE,0.0,1.69,0.0
3001,46,22,1,Threshold Charger,V1G,home,False,0.8034,0.999857,IDLE,0.0,1.69,0.0
3001,47,23,1,Threshold Charger,V1G,home,False,0.8034,0.999854,IDLE,0.0,0.53,0.0
3001,48,0,2,Threshold Charger,V1G,home,False,0.8034,0.999852,IDLE,0.0,0.53,0.0
3001,49,1,2,Threshold Charger,V1G,home,False,0.8034,0.999849,IDLE,0.0,0.53,0.0
3001,50,2,2,Threshold Charger,V1G,home,False,0.8034,0.999847,IDLE,0.0,0.53,0.0
3001,51,3,2,Threshold Charger,V1G,home,False,0.8034,0.999844,IDLE,0.0,0.53,0.0
3001,52,4,2,Threshold Charger,V1G,home,False,0.8034,0.999842,IDLE,0.0,0.53,0.0
3001,53,5,2,Threshold Charger,V1G,home,False,0.8034,0.999839,IDLE,0.0,0.53,0.0
3001,54,6,2,Threshold Charger,V1G,home,False,0.8034,0.999837,IDLE,0.0,0.53,0.0
3001,55,7,2,Threshold Charger,V1G,home,False,0.8034,0.999834,IDLE,0.0,0.85,0.0
3001,56,8,2,Threshold Charger,V1G,home,False,0.8034,0.999832,IDLE,0.0,0.85,0.0
3001,57,9,2,Threshold Charger,V1G,driving,False,0.6495,0.999829,DRIVING,0.0,0.85,0.0
3001,58,10,2,Threshold Charger,V1G,work,False,0.6495,0.999827,IDLE,0.0,0.85,0.0
3001,59,11,2,Threshold Charger,V1G,work,False,0.6495,0.999825,IDLE,0.0,0.85,0.0
3001,60,12,2,Threshold Charger,V1G,work,False,0.6495,0.999822,IDLE,0.0,0.85,0.0
3001,61,13,2,Threshold Charger,V1G,work,False,0.6495,0.99982,IDLE,0.0,0.85,0.0
3001,62,14,2,Threshold Charger,V1G,work,False,0.6495,0.999818,IDLE,0.0,0.85,0.0
3001,63,15,2,Threshold Charger,V1G,work,False,0.6495,0.999815,IDLE,0.0,0.85,0.0
3001,64,16,2,Threshold Charger,V1G,work,False,0.6495,0.999813,IDLE,0.0,0.85,0.0
3001,65,17,2,Threshold Charger,V1G,work,False,0.6495,0.999811,IDLE,0.0,1.69,0.0
3001,66,18,2,Threshold Charger,V1G,driving,False,0.4957,0.999808,DRIVING,0.0,1.69,0.0
3001,67,19,2,Threshold Charger,V1G,home,False,0.4957,0.999806,IDLE,0.0,1.69,0.0
3001,68,20,2,Threshold Charger,V1G,home,False,0.4957,0.999804,IDLE,0.0,1.69,0.0
3001,69,21,2,Threshold Charger,V1G,home,False,0.4957,0.999802,IDLE,0.0,1.69,0.0
3001,70,22,2,Threshold Charger,V1G,home,False,0.4957,0.9998,IDLE,0.0,1.69,0.0
3001,71,23,2,Threshold Charger,V1G,home,False,0.4957,0.999798,IDLE,0.0,0.53,0.0
3001,72,0,3,Threshold Charger,V1G,home,False,0.4957,0.999795,IDLE,0.0,0.53,0.0
3001,73,1,3,Threshold Charger,V1G,home,False,0.4957,0.999793,IDLE,0.0,0.53,0.0
3001,74,2,3,Threshold Charger,V1G,home,False,0.4957,0.999791,IDLE,0.0,0.53,0.0
3001,75,3,3,Threshold Charger,V1G,home,False,0.4957,0.999789,IDLE,0.0,0.53,0.0
3001,76,4,3,Threshold Charger,V1G,home,False,0.4957,0.999787,IDLE,0.0,0.53,0.0
3001,77,5,3,Threshold Charger,V1G,home,False,0.4957,0.999785,IDLE,0.0,0.53,0.0
3001,78,6,3,Threshold Charger,V1G,home,False,0.4957,0.999783,IDLE,0.0,0.53,0.0
3001,79,7,3,Threshold Charger,V1G,home,False,0.4957,0.99978,IDLE,0.0,0.85,0.0
3001,80,8,3,Threshold Charger,V1G,home,False,0.4957,0.999778,IDLE,0.0,0.85,0.0
3001,81,9,3,Threshold Charger,V1G,driving,False,0.4611,0.999776,DRIVING,0.0,0.85,0.0
3001,82,10,3,Threshold Charger,V1G,work,False,0.4611,0.999774,IDLE,0.0,0.85,0.0
3001,83,11,3,Threshold Charger,V1G,work,False,0.4611,0.999772,IDLE,0.0,0.85,0.0
3001,84,12,3,Threshold Charger,V1G,work,False,0.4611,0.99977,IDLE,0.0,0.85,0.0
3001,85,13,3,Threshold Charger,V1G,work,False,0.4611,0.999768,IDLE,0.0,0.85,0.0
3001,86,14,3,Threshold Charger,V1G,work,False,0.4611,0.999765,IDLE,0.0,0.85,0.0
3001,87,15,3,Threshold Charger,V1G,work,False,0.4611,0.999763,IDLE,0.0,0.85,0.0
3001,88,16,3,Threshold Charger,V1G,work,False,0.4611,0.999761,IDLE,0.0,0.85,0.0
3001,89,17,3,Threshold Charger,V1G,work,False,0.4611,0.999759,IDLE,0.0,1.69,0.0
3001,90,18,3,Threshold Charger,V1G,driving,False,0.4266,0.999757,DRIVING,0.0,1.69,0.0
3001,91,19,3,Threshold Charger,V1G,home,True,0.4266,0.999755,IDLE,0.0,1.69,0.0
3001,92,20,3,Threshold Charger,V1G,home,True,0.4266,0.999753,IDLE,0.0,1.69,0.0
3001,93,21,3,Threshold Charger,V1G,home,True,0.4266,0.999751,IDLE,0.0,1.69,0.0
3001,94,22,3,Threshold Charger,V1G,home,True,0.4266,0.999749,IDLE,0.0,1.69,0.0
3001,95,23,3,Threshold Charger,V1G,home,True,0.5374,0.99974,CHARGE,7.0,0.53,3.71
3001,96,0,4,Threshold Charger,V1G,home,True,0.6483,0.999731,CHARGE,7.0,0.53,3.71
3001,97,1,4,Threshold Charger,V1G,home,True,0.7592,0.999722,CHARGE,7.0,0.53,3.71
3001,98,2,4,Threshold Charger,V1G,home,True,0.87,0.999713,CHARGE,7.0,0.53,3.71
3001,99,3,4,Threshold Charger,V1G,home,False,0.87,0.99971,IDLE,0.0,0.53,0.0
3001,100,4,4,Threshold Charger,V1G,home,False,0.87,0.999708,IDLE,0.0,0.53,0.0
3001,101,5,4,Threshold Charger,V1G,home,False,0.87,0.999705,IDLE,0.0,0.53,0.0
3001,102,6,4,Threshold Charger,V1G,home,False,0.87,0.999703,IDLE,0.0,0.53,0.0
3001,103,7,4,Threshold Charger,V1G,home,False,0.87,0.9997,IDLE,0.0,0.85,0.0
3001,104,8,4,Threshold Charger,V1G,home,False,0.87,0.999697,IDLE,0.0,0.85,0.0
3001,105,9,4,Threshold Charger,V1G,driving,False,0.8473,0.999695,DRIVING,0.0,0.85,0.0
3001,106,10,4,Threshold Charger,V1G,work,False,0.8473,0.999692,IDLE,0.0,0.85,0.0
3001,107,11,4,Threshold Charger,V1G,work,False,0.8473,0.99969,IDLE,0.0,0.85,0.0
3001,108,12,4,Threshold Charger,V1G,work,False,0.8473,0.999687,IDLE,0.0,0.85,0.0
3001,109,13,4,Threshold Charger,V1G,work,False,0.8473,0.999685,IDLE,0.0,0.85,0.0
3001,110,14,4,Threshold Charger,V1G,work,False,0.8473,0.999682,IDLE,0.0,0.85,0.0
3001,111,15,4,Threshold Charger,V1G,work,False,0.8473,0.999679,IDLE,0.0,0.85,0.0
3001,112,16,4,Threshold Charger,V1G,work,False,0.8473,0.999677,IDLE,0.0,0.85,0.0
3001,113,17,4,Threshold Charger,V1G,work,False,0.8473,0.999674,IDLE,0.0,1.69,0.0
3001,114,18,4,Threshold Charger,V1G,driving,False,0.8247,0.999672,DRIVING,0.0,1.69,0.0
3001,115,19,4,Threshold Charger,V1G,home,False,0.8247,0.999669,IDLE,0.0,1.69,0.0
3001,116,20,4,Threshold Charger,V1G,home,False,0.8247,0.999667,IDLE,0.0,1.69,0.0
3001,117,21,4,Threshold Charger,V1G,home,False,0.8247,0.999664,IDLE,0.0,1.69,0.0
3001,118,22,4,Threshold Charger,V1G,home,False,0.8247,0.999662,IDLE,0.0,1.69,0.0
3001,119,23,4,Threshold Charger,V1G,home,False,0.8247,0.999659,IDLE,0.0,0.53,0.0
3001,120,0,5,Threshold Charger,V1G,home,False,0.8247,0.999656,IDLE,0.0,0.53,0.0
3001,121,1,5,Threshold Charger,V1G,home,False,0.8247,0.999654,IDLE,0.0,0.53,0.0
3001,122,2,5,Threshold Charger,V1G,home,False,0.8247,0.999651,IDLE,0.0,0.53,0.0
3001,123,3,5,Threshold Charger,V1G,home,False,0.8247,0.999649,IDLE,0.0,0.53,0.0
3001,124,4,5,Threshold Charger,V1G,home,False,0.8247,0.999646,IDLE,0.0,0.53,0.0
3001,125,5,5,Threshold Charger,V1G,home,False,0.8247,0.999644,IDLE,0.0,0.53,0.0
3001,126,6,5,Threshold Charger,V1G,home,False,0.8247,0.999641,IDLE,0.0,0.53,0.0
3001,127,7,5,Threshold Charger,V1G,home,False,0.8247,0.999639,IDLE,0.0,0.85,0.0
3001,128,8,5,Threshold Charger,V1G,home,False,0.8247,0.999636,IDLE,0.0,0.85,0.0
3001,129,9,5,Threshold Charger,V1G,home,False,0.8247,0.999634,IDLE,0.0,0.85,0.0
3001,130,10,5,Threshold Charger,V1G,home,False,0.8247,0.999631,IDLE,0.0,0.85,0.0
3001,131,11,5,Threshold Charger,V1G,driving,False,0.8182,0.999629,DRIVING,0.0,0.85,0.0
3001,132,12,5,Threshold Charger,V1G,work,False,0.8182,0.999626,IDLE,0.0,0.85,0.0
3001,133,13,5,Threshold Charger,V1G,work,False,0.8182,0.999623,IDLE,0.0,0.85,0.0
3001,134,14,5,Threshold Charger,V1G,work,False,0.8182,0.999621,IDLE,0.0,0.85,0.0
3001,135,15,5,Threshold Charger,V1G,work,False,0.8182,0.999618,IDLE,0.0,0.85,0.0
3001,136,16,5,Threshold Charger,V1G,driving,False,0.8117,0.999616,DRIVING,0.0,0.85,0.0
3001,137,17,5,Threshold Charger,V1G,home,False,0.8117,0.999613,IDLE,0.0,1.69,0.0
3001,138,18,5,Threshold Charger,V1G,home,False,0.8117,0.999611,IDLE,0.0,1.69,0.0
3001,139,19,5,Threshold Charger,V1G,home,False,0.8117,0.999608,IDLE,0.0,1.69,0.0
3001,140,20,5,Threshold Charger,V1G,home,False,0.8117,0.999606,IDLE,0.0,1.69,0.0
3001,141,21,5,Threshold Charger,V1G,home,False,0.8117,0.999603,IDLE,0.0,1.69,0.0
3001,142,22,5,Threshold Charger,V1G,home,False,0.8117,0.999601,IDLE,0.0,1.69,0.0
3001,143,23,5,Threshold Charger,V1G,home,False,0.8117,0.999598,IDLE,0.0,0.53,0.0
3001,144,0,6,Threshold Charger,V1G,home,False,0.8117,0.999596,IDLE,0.0,0.53,0.0
3001,145,1,6,Threshold Charger,V1G,home,False,0.8117,0.999593,IDLE,0.0,0.53,0.0
3001,146,2,6,Threshold Charger,V1G,home,False,0.8117,0.999591,IDLE,0.0,0.53,0.0
3001,147,3,6,Threshold Charger,V1G,home,False,0.8117,0.999588,IDLE,0.0,0.53,0.0
3001,148,4,6,Threshold Charger,V1G,home,False,0.8117,0.999586,IDLE,0.0,0.53,0.0
3001,149,5,6,Threshold Charger,V1G,home,False,0.8117,0.999583,IDLE,0.0,0.53,0.0
3001,150,6,6,Threshold Charger,V1G,home,False,0.8117,0.999581,IDLE,0.0,0.53,0.0
3001,151,7,6,Threshold Charger,V1G,home,False,0.8117,0.999578,IDLE,0.0,0.85,0.0
3001,152,8,6,Threshold Charger,V1G,home,False,0.8117,0.999576,IDLE,0.0,0.85,0.0
3001,153,9,6,Threshold Charger,V1G,home,False,0.8117,0.999573,IDLE,0.0,0.85,0.0
3001,154,10,6,Threshold Charger,V1G,home,False,0.8117,0.99957,IDLE,0.0,0.85,0.0
3001,155,11,6,Threshold Charger,V1G,driving,False,0.795,0.999568,DRIVING,0.0,0.85,0.0
3001,156,12,6,Threshold Charger,V1G,work,False,0.795,0.999565,IDLE,0.0,0.85,0.0
3001,157,13,6,Threshold Charger,V1G,work,False,0.795,0.999563,IDLE,0.0,0.85,0.0
3001,158,14,6,Threshold Charger,V1G,work,False,0.795,0.99956,IDLE,0.0,0.85,0.0
3001,159,15,6,Threshold Charger,V1G,work,False,0.795,0.999558,IDLE,0.0,0.85,0.0
3001,160,16,6,Threshold Charger,V1G,driving,False,0.7784,0.999555,DRIVING,0.0,0.85,0.0
3001,161,17,6,Threshold Charger,V1G,home,False,0.7784,0.999553,IDLE,0.0,1.69,0.0
3001,162,18,6,Threshold Charger,V1G,home,False,0.7784,0.99955,IDLE,0.0,1.69,0.0
3001,163,19,6,Threshold Charger,V1G,home,False,0.7784,0.999548,IDLE,0.0,1.69,0.0
3001,164,20,6,Threshold Charger,V1G,home,False,0.7784,0.999545,IDLE,0.0,1.69,0.0
3001,165,21,6,Threshold Charger,V1G,home,False,0.7784,0.999543,IDLE,0.0,1.69,0.0
3001,166,22,6,Threshold Charger,V1G,home,False,0.7784,0.999541,IDLE,0.0,1.69,0.0
3001,167,23,6,Threshold Charger,V1G,home,False,0.7784,0.999538,IDLE,0.0,0.53,0.0
3002,0,0,0,Threshold Charger,V1G,home,False,0.5,0.999998,IDLE,0.0,0.53,0.0
3002,1,1,0,Threshold Charger,V1G,home,False,0.5,0.999996,IDLE,0.0,0.53,0.0
3002,2,2,0,Threshold Charger,V1G,home,False,0.5,0.999993,IDLE,0.0,0.53,0.0
3002,3,3,0,Threshold Charger,V1G,home,False,0.5,0.999991,IDLE,0.0,0.53,0.0
3002,4,4,0,Threshold Charger,V1G,home,False,0.5,0.999989,IDLE,0.0,0.53,0.0
3002,5,5,0,Threshold Charger,V1G,home,False,0.5,0.999987,IDLE,0.0,0.53,0.0
3002,6,6,0,Threshold Charger,V1G,home,False,0.5,0.999985,IDLE,0.0,0.53,0.0
3002,7,7,0,Threshold Charger,V1G,home,False,0.5,0.999983,IDLE,0.0,0.85,0.0
3002,8,8,0,Threshold Charger,V1G,home,False,0.5,0.99998,IDLE,0.0,0.85,0.0
3002,9,9,0,Threshold Charger,V1G,home,False,0.5,0.999978,IDLE,0.0,0.85,0.0
3002,10,10,0,Threshold Charger,V1G,home,False,0.5,0.999976,IDLE,0.0,0.85,0.0
3002,11,11,0,Threshold Charger,V1G,home,False,0.5,0.999974,IDLE,0.0,0.85,0.0
3002,12,12,0,Threshold Charger,V1G,home,False,0.5,0.999972,IDLE,0.0,0.85,0.0
3002,13,13,0,Threshold Charger,V1G,home,False,0.5,0.99997,IDLE,0.0,0.85,0.0
3002,14,14,0,Threshold Charger,V1G,home,False,0.5,0.999967,IDLE,0.0,0.85,0.0
3002,15,15,0,Threshold Charger,V1G,home,False,0.5,0.999965,IDLE,0.0,0.85,0.0
3002,16,16,0,Threshold Charger,V1G,home,False,0.5,0.999963,IDLE,0.0,0.85,0.0
3002,17,17,0,Threshold Charger,V1G,home,False,0.5,0.999961,IDLE,0.0,1.69,0.0
3002,18,18,0,Threshold Charger,V1G,home,False,0.5,0.999959,IDLE,0.0,1.69,0.0
3002,19,19,0,Threshold Charger,V1G,home,False,0.5,0.999957,IDLE,0.0,1.69,0.0
3002,20,20,0,Threshold Charger,V1G,home,False,0.5,0.999954,IDLE,0.0,1.69,0.0
3002,21,21,0,Threshold Charger,V1G,home,False,0.5,0.999952,IDLE,0.0,1.69,0.0
3002,22,22,0,Threshold Charger,V1G,home,False,0.5,0.99995,IDLE,0.0,1.69,0.0
3002,23,23,0,Threshold Charger,V1G,home,False,0.5,0.999948,IDLE,0.0,0.53,0.0
3002,24,0,1,Threshold Charger,V1G,home,False,0.5,0.999946,IDLE,0.0,0.53,0.0
3002,25,1,1,Threshold Charger,V1G,home,False,0.5,0.999944,IDLE,0.0,0.53,0.0
3002,26,2,1,Threshold Charger,V1G,home,False,0.5,0.999941,IDLE,0.0,0.53,0.0
3002,27,3,1,Threshold Charger,V1G,home,False,0.5,0.999939,IDLE,0.0,0.53,0.0
3002,28,4,1,Threshold Charger,V1G,home,False,0.5,0.999937,IDLE,0.0,0.53,0.0
3002,29,5,1,Threshold Charger,V1G,home,False,0.5,0.999935,IDLE,0.0,0.53,0.0
3002,30,6,1,Threshold Charger,V1G,home,False,0.5,0.999933,IDLE,0.0,0.53,0.0
3002,31,7,1,Threshold Charger,V1G,home,False,0.5,0.999931,IDLE,0.0,0.85,0.0
3002,32,8,1,Threshold Charger,V1G,home,False,0.5,0.999928,IDLE,0.0,0.85,0.0
3002,33,9,1,Threshold Charger,V1G,driving,False,0.4393,0.999926,DRIVING,0.0,0.85,0.0
3002,34,10,1,Threshold Charger,V1G,work,False,0.4393,0.999924,IDLE,0.0,0.85,0.0
3002,35,11,1,Threshold Charger,V1G,work,False,0.4393,0.999922,IDLE,0.0,0.85,0.0
3002,36,12,1,Threshold Charger,V1G,work,False,0.4393,0.99992,IDLE,0.0,0.85,0.0
3002,37,13,1,Threshold Charger,V1G,work,False,0.4393,0.999918,IDLE,0.0,0.85,0.0
3002,38,14,1,Threshold Charger,V1G,work,False,0.4393,0.999916,IDLE,0.0,0.85,0.0
3002,39,15,1,Threshold Charger,V1G,work,False,0.4393,0.999914,IDLE,0.0,0.85,0.0
3002,40,16,1,Threshold Charger,V1G,work,False,0.4393,0.999912,IDLE,0.0,0.85,0.0
3002,41,17,1,Threshold Charger,V1G,driving,False,0.3786,0.99991,DRIVING,0.0,1.69,0.0
3002,42,18,1,Threshold Charger,V1G,home,True,0.3786,0.999908,IDLE,0.0,1.69,0.0
3002,43,19,1,Threshold Charger,V1G,home,True,0.3786,0.999906,IDLE,0.0,1.69,0.0
3002,44,20,1,Threshold Charger,V1G,home,True,0.3786,0.999904,IDLE,0.0,1.69,0.0
3002,45,21,1,Threshold Charger,V1G,home,True,0.3786,0.999901,IDLE,0.0,1.69,0.0
3002,46,22,1,Threshold Charger,V1G,home,True,0.3786,0.999899,IDLE,0.0,1.69,0.0
3002,47,23,1,Threshold Charger,V1G,home,True,0.4894,0.999891,CHARGE,7.0,0.53,3.71
3002,48,0,2,Threshold Charger,V1G,home,True,0.6003,0.999882,CHARGE,7.0,0.53,3.71
3002,49,1,2,Threshold Charger,V1G,home,True,0.7111,0.999873,CHARGE,7.0,0.53,3.71
3002,50,2,2,Threshold Charger,V1G,home,True,0.822,0.999864,CHARGE,7.0,0.53,3.71
3002,51,3,2,Threshold Charger,V1G,home,True,0.9328,0.999855,CHARGE,7.0,0.53,3.71
3002,52,4,2,Threshold Charger,V1G,home,False,0.9328,0.999852,IDLE,0.0,0.53,0.0
3002,53,5,2,Threshold Charger,V1G,home,False,0.9328,0.999849,IDLE,0.0,0.53,0.0
3002,54,6,2,Threshold Charger,V1G,home,False,0.9328,0.999847,IDLE,0.0,0.53,0.0
3002,55,7,2,Threshold Charger,V1G,home,False,0.9328,0.999844,IDLE,0.0,0.85,0.0
3002,56,8,2,Threshold Charger,V1G,home,False,0.9328,0.999841,IDLE,0.0,0.85,0.0
3002,57,9,2,Threshold Charger,V1G,driving,False,0.9169,0.999839,DRIVING,0.0,0.85,0.0
3002,58,10,2,Threshold Charger,V1G,work,False,0.9169,0.999836,IDLE,0.0,0.85,0.0
3002,59,11,2,Threshold Charger,V1G,work,False,0.9169,0.999833,IDLE,0.0,0.85,0.0
3002,60,12,2,Threshold Charger,V1G,work,False,0.9169,0.999831,IDLE,0.0,0.85,0.0
3002,61,13,2,Threshold Charger,V1G,work,False,0.9169,0.999828,IDLE,0.0,0.85,0.0
3002,62,14,2,Threshold Charger,V1G,work,False,0.9169,0.999826,IDLE,0.0,0.85,0.0
3002,63,15,2,Threshold Charger,V1G,work,False,0.9169,0.999823,IDLE,0.0,0.85,0.0
3002,64,16,2,Threshold Charger,V1G,work,False,0.9169,0.99982,IDLE,0.0,0.85,0.0
3002,65,17,2,Threshold Charger,V1G,driving,False,0.901,0.999818,DRIVING,0.0,1.69,0.0
3002,66,18,2,Threshold Charger,V1G,home,False,0.901,0.999815,IDLE,0.0,1.69,0.0
3002,67,19,2,Threshold Charger,V1G,home,False,0.901,0.999812,IDLE,0.0,1.69,0.0
3002,68,20,2,Threshold Charger,V1G,home,False,0.901,0.99981,IDLE,0.0,1.69,0.0
3002,69,21,2,Threshold Charger,V1G,home,False,0.901,0.999807,IDLE,0.0,1.69,0.0
3002,70,22,2,Threshold Charger,V1G,home,False,0.901,0.999804,IDLE,0.0,1.69,0.0
3002,71,23,2,Threshold Charger,V1G,home,False,0.901,0.999802,IDLE,0.0,0.53,0.0
3002,72,0,3,Threshold Charger,V1G,home,False,0.901,0.999799,IDLE,0.0,0.53,0.0
3002,73,1,3,Threshold Charger,V1G,home,False,0.901,0.999797,IDLE,0.0,0.53,0.0
3002,74,2,3,Threshold Charger,V1G,home,False,0.901,0.999794,IDLE,0.0,0.53,0.0
3002,75,3,3,Threshold Charger,V1G,home,False,0.901,0.999791,IDLE,0.0,0.53,0.0
3002,76,4,3,Threshold Charger,V1G,home,False,0.901,0.999789,IDLE,0.0,0.53,0.0
3002,77,5,3,Threshold Charger,V1G,home,False,0.901,0.999786,IDLE,0.0,0.53,0.0
3002,78,6,3,Threshold Charger,V1G,home,False,0.901,0.999783,IDLE,0.0,0.53,0.0
3002,79,7,3,Threshold Charger,V1G,home,False,0.901,0.999781,IDLE,0.0,0.85,0.0
3002,80,8,3,Threshold Charger,V1G,home,False,0.901,0.999778,IDLE,0.0,0.85,0.0
3002,81,9,3,Threshold Charger,V1G,driving,False,0.8423,0.999776,DRIVING,0.0,0.85,0.0
3002,82,10,3,Threshold Charger,V1G,work,False,0.8423,0.999773,IDLE,0.0,0.85,0.0
3002,83,11,3,Threshold Charger,V1G,work,False,0.8423,0.999771,IDLE,0.0,0.85,0.0
3002,84,12,3,Threshold Charger,V1G,work,False,0.8423,0.999768,IDLE,0.0,0.85,0.0
3002,85,13,3,Threshold Charger,V1G,work,False,0.8423,0.999765,IDLE,0.0,0.85,0.0
3002,86,14,3,Threshold Charger,V1G,work,False,0.8423,0.999763,IDLE,0.0,0.85,0.0
3002,87,15,3,Threshold Charger,V1G,work,False,0.8423,0.99976,IDLE,0.0,0.85,0.0
3002,88,16,3,Threshold Charger,V1G,work,False,0.8423,0.999758,IDLE,0.0,0.85,0.0
3002,89,17,3,Threshold Charger,V1G,driving,False,0.7836,0.999755,DRIVING,0.0,1.69,0.0
3002,90,18,3,Threshold Charger,V1G,home,False,0.7836,0.999753,IDLE,0.0,1.69,0.0
3002,91,19,3,Threshold Charger,V1G,home,False,0.7836,0.99975,IDLE,0.0,1.69,0.0
3002,92,20,3,Threshold Charger,V1G,home,False,0.7836,0.999748,IDLE,0.0,1.69,0.0
3002,93,21,3,Threshold Charger,V1G,home,False,0.7836,0.999745,IDLE,0.0,1.69,0.0
3002,94,22,3,Threshold Charger,V1G,home,False,0.7836,0.999743,IDLE,0.0,1.69,0.0
3002,95,23,3,Threshold Charger,V1G,home,False,0.7836,0.99974,IDLE,0.0,0.53,0.0
3002,96,0,4,Threshold Charger,V1G,home,False,0.7836,0.999738,IDLE,0.0,0.53,0.0
3002,97,1,4,Threshold Charger,V1G,home,False,0.7836,0.999735,IDLE,0.0,0.53,0.0
3002,98,2,4,Threshold Charger,V1G,home,False,0.7836,0.999733,IDLE,0.0,0.53,0.0
3002,99,3,4,Threshold Charger,V1G,home,False,0.7836,0.99973,IDLE,0.0,0.53,0.0
3002,100,4,4,Threshold Charger,V1G,home,False,0.7836,0.999728,IDLE,0.0,0.53,0.0
3002,101,5,4,Threshold Charger,V1G,home,False,0.7836,0.999725,IDLE,0.0,0.53,0.0
3002,102,6,4,Threshold Charger,V1G,home,False,0.7836,0.999723,IDLE,0.0,0.53,0.0
3002,103,7,4,Threshold Charger,V1G,home,False,0.7836,0.99972,IDLE,0.0,0.85,0.0
3002,104,8,4,Threshold Charger,V1G,home,False,0.7836,0.999718,IDLE,0.0,0.85,0.0
3002,105,9,4,Threshold Charger,V1G,driving,False,0.6725,0.999716,DRIVING,0.0,0.85,0.0
3002,106,10,4,Threshold Charger,V1G,work,False,0.6725,0.999713,IDLE,0.0,0.85,0.0
3002,107,11,4,Threshold Charger,V1G,work,False,0.6725,0.999711,IDLE,0.0,0.85,0.0
3002,108,12,4,Threshold Charger,V1G,work,False,0.6725,0.999708,IDLE,0.0,0.85,0.0
3002,109,13,4,Threshold Charger,V1G,work,False,0.6725,0.999706,IDLE,0.0,0.85,0.0
3002,110,14,4,Threshold Charger,V1G,work,False,0.6725,0.999704,IDLE,0.0,0.85,0.0
3002,111,15,4,Threshold Charger,V1G,work,False,0.6725,0.999701,IDLE,0.0,0.85,0.0
3002,112,16,4,Threshold Charger,V1G,work,False,0.6725,0.999699,IDLE,0.0,0.85,0.0
3002,113,17,4,Threshold Charger,V1G,driving,False,0.5614,0.999697,DRIVING,0.0,1.69,0.0
3002,114,18,4,Threshold Charger,V1G,home,False,0.5614,0.999694,IDLE,0.0,1.69,0.0
3002,115,19,4,Threshold Charger,V1G,home,False,0.5614,0.999692,IDLE,0.0,1.69,0.0
3002,116,20,4,Threshold Charger,V1G,home,False,0.5614,0.99969,IDLE,0.0,1.69,0.0
3002,117,21,4,Threshold Charger,V1G,home,False,0.5614,0.999688,IDLE,0.0,1.69,0.0
3002,118,22,4,Threshold Charger,V1G,home,False,0.5614,0.999686,IDLE,0.0,1.69,0.0
3002,119,23,4,Threshold Charger,V1G,home,False,0.5614,0.999683,IDLE,0.0,0.53,0.0
3002,120,0,5,Threshold Charger,V1G,home,False,0.5614,0.999681,IDLE,0.0,0.53,0.0
3002,121,1,5,Threshold Charger,V1G,home,False,0.5614,0.999679,IDLE,0.0,0.53,0.0
3002,122,2,5,Threshold Charger,V1G,home,False,0.5614,0.999677,IDLE,0.0,0.53,0.0
3002,123,3,5,Threshold Charger,V1G,home,False,0.5614,0.999674,IDLE,0.0,0.53,0.0
3002,124,4,5,Threshold Charger,V1G,home,False,0.5614,0.999672,IDLE,0.0,0.53,0.0
3002,125,5,5,Threshold Charger,V1G,home,False,0.5614,0.99967,IDLE,0.0,0.53,0.0
3002,126,6,5,Threshold Charger,V1G,home,False,0.5614,0.999668,IDLE,0.0,0.53,0.0
3002,127,7,5,Threshold Charger,V1G,home,False,0.5614,0.999665,IDLE,0.0,0.85,0.0
3002,128,8,5,Threshold Charger,V1G,home,False,0.5614,0.999663,IDLE,0.0,0.85,0.0
3002,129,9,5,Threshold Charger,V1G,home,False,0.5614,0.999661,IDLE,0.0,0.85,0.0
3002,130,10,5,Threshold Charger,V1G,home,False,0.5614,0.999659,IDLE,0.0,0.85,0.0
3002,131,11,5,Threshold Charger,V1G,driving,False,0.5006,0.999656,DRIVING,0.0,0.85,0.0
3002,132,12,5,Threshold Charger,V1G,work,False,0.5006,0.999654,IDLE,0.0,0.85,0.0
3002,133,13,5,Threshold Charger,V1G,work,False,0.5006,0.999652,IDLE,0.0,0.85,0.0
3002,134,14,5,Threshold Charger,V1G,work,False,0.5006,0.99965,IDLE,0.0,0.85,0.0
3002,135,15,5,Threshold Charger,V1G,work,False,0.5006,0.999648,IDLE,0.0,0.85,0.0
3002,136,16,5,Threshold Charger,V1G,driving,False,0.4398,0.999646,DRIVING,0.0,0.85,0.0
3002,137,17,5,Threshold Charger,V1G,home,True,0.4398,0.999644,IDLE,0.0,1.69,0.0
3002,138,18,5,Threshold Charger,V1G,home,True,0.4398,0.999641,IDLE,0.0,1.69,0.0
3002,139,19,5,Threshold Charger,V1G,home,True,0.4398,0.999639,IDLE,0.0,1.69,0.0
3002,140,20,5,Threshold Charger,V1G,home,True,0.4398,0.999637,IDLE,0.0,1.69,0.0
3002,141,21,5,Threshold Charger,V1G,home,True,0.4398,0.999635,IDLE,0.0,1.69,0.0
3002,142,22,5,Threshold Charger,V1G,home,True,0.4398,0.999633,IDLE,0.0,1.69,0.0
3002,143,23,5,Threshold Charger,V1G,home,True,0.5507,0.999624,CHARGE,7.0,0.53,3.71
3002,144,0,6,Threshold Charger,V1G,home,True,0.6616,0.999615,CHARGE,7.0,0.53,3.71
3002,145,1,6,Threshold Charger,V1G,home,True,0.7724,0.999606,CHARGE,7.0,0.53,3.71
3002,146,2,6,Threshold Charger,V1G,home,True,0.8833,0.999597,CHARGE,7.0,0.53,3.71
3002,147,3,6,Threshold Charger,V1G,home,False,0.8833,0.999595,IDLE,0.0,0.53,0.0
3002,148,4,6,Threshold Charger,V1G,home,False,0.8833,0.999592,IDLE,0.0,0.53,0.0
3002,149,5,6,Threshold Charger,V1G,home,False,0.8833,0.999589,IDLE,0.0,0.53,0.0
3002,150,6,6,Threshold Charger,V1G,home,False,0.8833,0.999587,IDLE,0.0,0.53,0.0
3002,151,7,6,Threshold Charger,V1G,home,False,0.8833,0.999584,IDLE,0.0,0.85,0.0
3002,152,8,6,Threshold Charger,V1G,home,False,0.8833,0.999582,IDLE,0.0,0.85,0.0
3002,153,9,6,Threshold Charger,V1G,home,False,0.8833,0.999579,IDLE,0.0,0.85,0.0
3002,154,10,6,Threshold Charger,V1G,home,False,0.8833,0.999576,IDLE,0.0,0.85,0.0
3002,155,11,6,Threshold Charger,V1G,driving,False,0.8502,0.999574,DRIVING,0.0,0.85,0.0
3002,156,12,6,Threshold Charger,V1G,work,False,0.8502,0.999571,IDLE,0.0,0.85,0.0
3002,157,13,6,Threshold Charger,V1G,work,False,0.8502,0.999569,IDLE,0.0,0.85,0.0
3002,158,14,6,Threshold Charger,V1G,work,False,0.8502,0.999566,IDLE,0.0,0.85,0.0
3002,159,15,6,Threshold Charger,V1G,work,False,0.8502,0.999564,IDLE,0.0,0.85,0.0
3002,160,16,6,Threshold Charger,V1G,driving,False,0.8171,0.999561,DRIVING,0.0,0.85,0.0
3002,161,17,6,Threshold Charger,V1G,home,False,0.8171,0.999559,IDLE,0.0,1.69,0.0
3002,162,18,6,Threshold Charger,V1G,home,False,0.8171,0.999556,IDLE,0.0,1.69,0.0
3002,163,19,6,Threshold Charger,V1G,home,False,0.8171,0.999553,IDLE,0.0,1.69,0.0
3002,164,20,6,Threshold Charger,V1G,home,False,0.8171,0.999551,IDLE,0.0,1.69,0.0
3002,165,21,6,Threshold Charger,V1G,home,False,0.8171,0.999548,IDLE,0.0,1.69,0.0
3002,166,22,6,Threshold Charger,V1G,home,False,0.8171,0.999546,IDLE,0.0,1.69,0.0
3002,167,23,6,Threshold Charger,V1G,home,False,0.8171,0.999543,IDLE,0.0,0.53,0.0
3003,0,0,0,Threshold Charger,V1G,home,False,0.5,0.999998,IDLE,0.0,0.53,0.0
3003,1,1,0,Threshold Charger,V1G,home,False,0.5,0.999996,IDLE,0.0,0.53,0.0
3003,2,2,0,Threshold Charger,V1G,home,False,0.5,0.999993,IDLE,0.0,0.53,0.0
3003,3,3,0,Threshold Charger,V1G,home,False,0.5,0.999991,IDLE,0.0,0.53,0.0
3003,4,4,0,Threshold Charger,V1G,home,False,0.5,0.999989,IDLE,0.0,0.53,0.0
3003,5,5,0,Threshold Charger,V1G,home,False,0.5,0.999987,IDLE,0.0,0.53,0.0
3003,6,6,0,Threshold Charger,V1G,home,False,0.5,0.999985,IDLE,0.0,0.53,0.0
3003,7,7,0,Threshold Charger,V1G,home,False,0.5,0.999983,IDLE,0.0,0.85,0.0
3003,8,8,0,Threshold Charger,V1G,driving,False,0.4392,0.999981,DRIVING,0.0,0.85,0.0
3003,9,9,0,Threshold Charger,V1G,work,False,0.4392,0.999978,IDLE,0.0,0.85,0.0
3003,10,10,0,Threshold Charger,V1G,work,False,0.4392,0.999976,IDLE,0.0,0.85,0.0
3003,11,11,0,Threshold Charger,V1G,work,False,0.4392,0.999974,IDLE,0.0,0.85,0.0
3003,12,12,0,Threshold Charger,V1G,work,False,0.4392,0.999972,IDLE,0.0,0.85,0.0
3003,13,13,0,Threshold Charger,V1G,work,False,0.4392,0.99997,IDLE,0.0,0.85,0.0
3003,14,14,0,Threshold Charger,V1G,work,False,0.4392,0.999968,IDLE,0.0,0.85,0.0
3003,15,15,0,Threshold Charger,V1G,work,False,0.4392,0.999966,IDLE,0.0,0.85,0.0
3003,16,16,0,Threshold Charger,V1G,work,False,0.4392,0.999964,IDLE,0.0,0.85,0.0
3003,17,17,0,Threshold Charger,V1G,work,False,0.4392,0.999962,IDLE,0.0,1.69,0.0
3003,18,18,0,Threshold Charger,V1G,driving,False,0.3785,0.99996,DRIVING,0.0,1.69,0.0
3003,19,19,0,Threshold Charger,V1G,home,True,0.3785,0.999958,IDLE,0.0,1.69,0.0
3003,20,20,0,Threshold Charger,V1G,home,True,0.3785,0.999956,IDLE,0.0,1.69,0.0
3003,21,21,0,Threshold Charger,V1G,home,True,0.3785,0.999954,IDLE,0.0,1.69,0.0
3003,22,22,0,Threshold Charger,V1G,home,True,0.3785,0.999952,IDLE,0.0,1.69,0.0
3003,23,23,0,Threshold Charger,V1G,home,True,0.4893,0.999943,CHARGE,7.0,0.53,3.71
3003,24,0,1,Threshold Charger,V1G,home,True,0.6002,0.999934,CHARGE,7.0,0.53,3.71
3003,25,1,1,Threshold Charger,V1G,home,True,0.711,0.999925,CHARGE,7.0,0.53,3.71
3003,26,2,1,Threshold Charger,V1G,home,True,0.8218,0.999916,CHARGE,7.0,0.53,3.71
3003,27,3,1,Threshold Charger,V1G,home,True,0.9327,0.999907,CHARGE,7.0,0.53,3.71
3003,28,4,1,Threshold Charger,V1G,home,False,0.9327,0.999904,IDLE,0.0,0.53,0.0
3003,29,5,1,Threshold Charger,V1G,home,False,0.9327,0.999901,IDLE,0.0,0.53,0.0
3003,30,6,1,Threshold Charger,V1G,home,False,0.9327,0.999899,IDLE,0.0,0.53,0.0
3003,31,7,1,Threshold Charger,V1G,home,False,0.9327,0.999896,IDLE,0.0,0.85,0.0
3003,32,8,1,Threshold Charger,V1G,home,False,0.9327,0.999893,IDLE,0.0,0.85,0.0
3003,33,9,1,Threshold Charger,V1G,home,False,0.9327,0.999891,IDLE,0.0,0.85,0.0
3003,34,10,1,Threshold Charger,V1G,home,False,0.9327,0.999888,IDLE,0.0,0.85,0.0
3003,35,11,1,Threshold Charger,V1G,home,False,0.9327,0.999885,IDLE,0.0,0.85,0.0
3003,36,12,1,Threshold Charger,V1G,home,False,0.9327,0.999883,IDLE,0.0,0.85,0.0
3003,37,13,1,Threshold Charger,V1G,home,False,0.9327,0.99988,IDLE,0.0,0.85,0.0
3003,38,14,1,Threshold Charger,V1G,home,False,0.9327,0.999877,IDLE,0.0,0.85,0.0
3003,39,15,1,Threshold Charger,V1G,home,False,0.9327,0.999875,IDLE,0.0,0.85,0.0
3003,40,16,1,Threshold Charger,V1G,home,False,0.9327,0.999872,IDLE,0.0,0.85,0.0
3003,41,17,1,Threshold Charger,V1G,home,False,0.9327,0.99987,IDLE,0.0,1.69,0.0
3003,42,18,1,Threshold Charger,V1G,home,False,0.9327,0.999867,IDLE,0.0,1.69,0.0
3003,43,19,1,Threshold Charger,V1G,home,False,0.9327,0.999864,IDLE,0.0,1.69,0.0
3003,44,20,1,Threshold Charger,V1G,home,False,0.9327,0.999862,IDLE,0.0,1.69,0.0
3003,45,21,1,Threshold Charger,V1G,home,False,0.9327,0.999859,IDLE,0.0,1.69,0.0
3003,46,22,1,Threshold Charger,V1G,home,False,0.9327,0.999856,IDLE,0.0,1.69,0.0
3003,47,23,1,Threshold Charger,V1G,home,False,0.9327,0.999854,IDLE,0.0,0.53,0.0
3003,48,0,2,Threshold Charger,V1G,home,False,0.9327,0.999851,IDLE,0.0,0.53,0.0
3003,49,1,2,Threshold Charger,V1G,home,False,0.9327,0.999848,IDLE,0.0,0.53,0.0
3003,50,2,2,Threshold Charger,V1G,home,False,0.9327,0.999846,IDLE,0.0,0.53,0.0
3003,51,3,2,Threshold Charger,V1G,home,False,0.9327,0.999843,IDLE,0.0,0.53,0.0
3003,52,4,2,Threshold Charger,V1G,home,False,0.9327,0.99984,IDLE,0.0,0.53,0.0
3003,53,5,2,Threshold Charger,V1G,home,False,0.9327,0.999838,IDLE,0.0,0.53,0.0
3003,54,6,2,Threshold Charger,V1G,home,False,0.9327,0.999835,IDLE,0.0,0.53,0.0
3003,55,7,2,Threshold Charger,V1G,home,False,0.9327,0.999832,IDLE,0.0,0.85,0.0
3003,56,8,2,Threshold Charger,V1G,driving,False,0.8962,0.99983,DRIVING,0.0,0.85,0.0
3003,57,9,2,Threshold Charger,V1G,work,False,0.8962,0.999827,IDLE,0.0,0.85,0.0
3003,58,10,2,Threshold Charger,V1G,work,False,0.8962,0.999824,IDLE,0.0,0.85,0.0
3003,59,11,2,Threshold Charger,V1G,work,False,0.8962,0.999822,IDLE,0.0,0.85,0.0
3003,60,12,2,Threshold Charger,V1G,work,False,0.8962,0.999819,IDLE,0.0,0.85,0.0
3003,61,13,2,Threshold Charger,V1G,work,False,0.8962,0.999816,IDLE,0.0,0.85,0.0
3003,62,14,2,Threshold Charger,V1G,work,False,0.8962,0.999814,IDLE,0.0,0.85,0.0
3003,63,15,2,Threshold Charger,V1G,work,False,0.8962,0.999811,IDLE,0.0,0.85,0.0
3003,64,16,2,Threshold Charger,V1G,work,False,0.8962,0.999809,IDLE,0.0,0.85,0.0
3003,65,17,2,Threshold Charger,V1G,work,False,0.8962,0.999806,IDLE,0.0,1.69,0.0
3003,66,18,2,Threshold Charger,V1G,driving,False,0.8597,0.999803,DRIVING,0.0,1.69,0.0
3003,67,19,2,Threshold Charger,V1G,home,False,0.8597,0.999801,IDLE,0.0,1.69,0.0
3003,68,20,2,Threshold Charger,V1G,home,False,0.8597,0.999798,IDLE,0.0,1.69,0.0
3003,69,21,2,Threshold Charger,V1G,home,False,0.8597,0.999796,IDLE,0.0,1.69,0.0
3003,70,22,2,Threshold Charger,V1G,home,False,0.8597,0.999793,IDLE,0.0,1.69,0.0
3003,71,23,2,Threshold Charger,V1G,home,False,0.8597,0.999791,IDLE,0.0,0.53,0.0
3003,72,0,3,Threshold Charger,V1G,home,False,0.8597,0.999788,IDLE,0.0,0.53,0.0
3003,73,1,3,Threshold Charger,V1G,home,False,0.8597,0.999785,IDLE,0.0,0.53,0.0
3003,74,2,3,Threshold Charger,V1G,home,False,0.8597,0.999783,IDLE,0.0,0.53,0.0
3003,75,3,3,Threshold Charger,V1G,home,False,0.8597,0.99978,IDLE,0.0,0.53,0.0
3003,76,4,3,Threshold Charger,V1G,home,False,0.8597,0.999778,IDLE,0.0,0.53,0.0
3003,77,5,3,Threshold Charger,V1G,home,False,0.8597,0.999775,IDLE,0.0,0.53,0.0
3003,78,6,3,Threshold Charger,V1G,home,False,0.8597,0.999772,IDLE,0.0,0.53,0.0
3003,79,7,3,Threshold Charger,V1G,home,False,0.8597,0.99977,IDLE,0.0,0.85,0.0
3003,80,8,3,Threshold Charger,V1G,driving,False,0.8333,0.999767,DRIVING,0.0,0.85,0.0
3003,81,9,3,Threshold Charger,V1G,work,False,0.8333,0.999765,IDLE,0.0,0.85,0.0
3003,82,10,3,Threshold Charger,V1G,work,False,0.8333,0.999762,IDLE,0.0,0.85,0.0
3003,83,11,3,Threshold Charger,V1G,work,False,0.8333,0.99976,IDLE,0.0,0.85,0.0
3003,84,12,3,Threshold Charger,V1G,work,False,0.8333,0.999757,IDLE,0.0,0.85,0.0
3003,85,13,3,Threshold Charger,V1G,work,False,0.8333,0.999755,IDLE,0.0,0.85,0.0
3003,86,14,3,Threshold Charger,V1G,work,False,0.8333,0.999752,IDLE,0.0,0.85,0.0
3003,87,15,3,Threshold Charger,V1G,work,False,0.8333,0.99975,IDLE,0.0,0.85,0.0
3003,88,16,3,Threshold Charger,V1G,work,False,0.8333,0.999747,IDLE,0.0,0.85,0.0
3003,89,17,3,Threshold Charger,V1G,work,False,0.8333,0.999744,IDLE,0.0,1.69,0.0
3003,90,18,3,Threshold Charger,V1G,driving,False,0.8069,0.999742,DRIVING,0.0,1.69,0.0
3003,91,19,3,Threshold Charger,V1G,home,False,0.8069,0.999739,IDLE,0.0,1.69,0.0
3003,92,20,3,Threshold Charger,V1G,home,False,0.8069,0.999737,IDLE,0.0,1.69,0.0
3003,93,21,3,Threshold Charger,V1G,home,False,0.8069,0.999734,IDLE,0.0,1.69,0.0
3003,94,22,3,Threshold Charger,V1G,home,False,0.8069,0.999732,IDLE,0.0,1.69,0.0
3003,95,23,3,Threshold Charger,V1G,home,False,0.8069,0.999729,IDLE,0.0,0.53,0.0
3003,96,0,4,Threshold Charger,V1G,home,False,0.8069,0.999727,IDLE,0.0,0.53,0.0
3003,97,1,4,Threshold Charger,V1G,home,False,0.8069,0.999724,IDLE,0.0,0.53,0.0
3003,98,2,4,Threshold Charger,V1G,home,False,0.8069,0.999722,IDLE,0.0,0.53,0.0
3003,99,3,4,Threshold Charger,V1G,home,False,0.8069,0.999719,IDLE,0.0,0.53,0.0
3003,100,4,4,Threshold Charger,V1G,home,False,0.8069,0.999717,IDLE,0.0,0.53,0.0
3003,101,5,4,Threshold Charger,V1G,home,False,0.8069,0.999714,IDLE,0.0,0.53,0.0
3003,102,6,4,Threshold Charger,V1G,home,False,0.8069,0.999712,IDLE,0.0,0.53,0.0
3003,103,7,4,Threshold Charger,V1G,home,False,0.8069,0.999709,IDLE,0.0,0.85,0.0
3003,104,8,4,Threshold Charger,V1G,driving,False,0.7762,0.999707,DRIVING,0.0,0.85,0.0
3003,105,9,4,Threshold Charger,V1G,work,False,0.7762,0.999704,IDLE,0.0,0.85,0.0
3003,106,10,4,Threshold Charger,V1G,work,False,0.7762,0.999702,IDLE,0.0,0.85,0.0
3003,107,11,4,Threshold Charger,V1G,work,False,0.7762,0.999699,IDLE,0.0,0.85,0.0
3003,108,12,4,Threshold Charger,V1G,work,False,0.7762,0.999697,IDLE,0.0,0.85,0.0
3003,109,13,4,Threshold Charger,V1G,work,False,0.7762,0.999694,IDLE,0.0,0.85,0.0
3003,110,14,4,Threshold Charger,V1G,work,False,0.7762,0.999692,IDLE,0.0,0.85,0.0
3003,111,15,4,Threshold Charger,V1G,work,False,0.7762,0.999689,IDLE,0.0,0.85,0.0
3003,112,16,4,Threshold Charger,V1G,work,False,0.7762,0.999687,IDLE,0.0,0.85,0.0
3003,113,17,4,Threshold Charger,V1G,work,False,0.7762,0.999684,IDLE,0.0,1.69,0.0
3003,114,18,4,Threshold Charger,V1G,driving,False,0.7455,0.999682,DRIVING,0.0,1.69,0.0
3003,115,19,4,Threshold Charger,V1G,home,False,0.7455,0.999679,IDLE,0.0,1.69,0.0
3003,116,20,4,Threshold Charger,V1G,home,False,0.7455,0.999677,IDLE,0.0,1.69,0.0
3003,117,21,4,Threshold Charger,V1G,home,False,0.7455,0.999674,IDLE,0.0,1.69,0.0
3003,118,22,4,Threshold Charger,V1G,home,False,0.7455,0.999672,IDLE,0.0,1.69,0.0
3003,119,23,4,Threshold Charger,V1G,home,False,0.7455,0.99967,IDLE,0.0,0.53,0.0
3003,120,0,5,Threshold Charger,V1G,home,False,0.7455,0.999667,IDLE,0.0,0.53,0.0
3003,121,1,5,Threshold Charger,V1G,home,False,0.7455,0.999665,IDLE,0.0,0.53,0.0
3003,122,2,5,Threshold Charger,V1G,home,False,0.7455,0.999662,IDLE,0.0,0.53,0.0
3003,123,3,5,Threshold Charger,V1G,home,False,0.7455,0.99966,IDLE,0.0,0.53,0.0
3003,124,4,5,Threshold Charger,V1G,home,False,0.7455,0.999657,IDLE,0.0,0.53,0.0
3003,125,5,5,Threshold Charger,V1G,home,False,0.7455,0.999655,IDLE,0.0,0.53,0.0
3003,126,6,5,Threshold Charger,V1G,home,False,0.7455,0.999652,IDLE,0.0,0.53,0.0
3003,127,7,5,Threshold Charger,V1G,home,False,0.7455,0.99965,IDLE,0.0,0.85,0.0
3003,128,8,5,Threshold Charger,V1G,home,False,0.7455,0.999648,IDLE,0.0,0.85,0.0
3003,129,9,5,Threshold Charger,V1G,home,False,0.7455,0.999645,IDLE,0.0,0.85,0.0
3003,130,10,5,Threshold Charger,V1G,home,False,0.7455,0.999643,IDLE,0.0,0.85,0.0
3003,131,11,5,Threshold Charger,V1G,driving,False,0.7261,0.99964,DRIVING,0.0,0.85,0.0
3003,132,12,5,Threshold Charger,V1G,work,False,0.7261,0.999638,IDLE,0.0,0.85,0.0
3003,133,13,5,Threshold Charger,V1G,work,False,0.7261,0.999635,IDLE,0.0,0.85,0.0
3003,134,14,5,Threshold Charger,V1G,work,False,0.7261,0.999633,IDLE,0.0,0.85,0.0
3003,135,15,5,Threshold Charger,V1G,work,False,0.7261,0.999631,IDLE,0.0,0.85,0.0
3003,136,16,5,Threshold Charger,V1G,driving,False,0.7067,0.999628,DRIVING,0.0,0.85,0.0
3003,137,17,5,Threshold Charger,V1G,home,False,0.7067,0.999626,IDLE,0.0,1.69,0.0
3003,138,18,5,Threshold Charger,V1G,home,False,0.7067,0.999623,IDLE,0.0,1.69,0.0
3003,139,19,5,Threshold Charger,V1G,home,False,0.7067,0.999621,IDLE,0.0,1.69,0.0
3003,140,20,5,Threshold Charger,V1G,home,False,0.7067,0.999618,IDLE,0.0,1.69,0.0
3003,141,21,5,Threshold Charger,V1G,home,False,0.7067,0.999616,IDLE,0.0,1.69,0.0
3003,142,22,5,Threshold Charger,V1G,home,False,0.7067,0.999614,IDLE,0.0,1.69,0.0
3003,143,23,5,Threshold Charger,V1G,home,False,0.7067,0.999611,IDLE,0.0,0.53,0.0
3003,144,0,6,Threshold Charger,V1G,home,False,0.7067,0.999609,IDLE,0.0,0.53,0.0
3003,145,1,6,Threshold Charger,V1G,home,False,0.7067,0.999606,IDLE,0.0,0.53,0.0
3003,146,2,6,Threshold Charger,V1G,home,False,0.7067,0.999604,IDLE,0.0,0.53,0.0
3003,147,3,6,Threshold Charger,V1G,home,False,0.7067,0.999602,IDLE,0.0,0.53,0.0
3003,148,4,6,Threshold Charger,V1G,home,False,0.7067,0.999599,IDLE,0.0,0.53,0.0
3003,149,5,6,Threshold Charger,V1G,home,False,0.7067,0.999597,IDLE,0.0,0.53,0.0
3003,150,6,6,Threshold Charger,V1G,home,False,0.7067,0.999594,IDLE,0.0,0.53,0.0
3003,151,7,6,Threshold Charger,V1G,home,False,0.7067,0.999592,IDLE,0.0,0.85,0.0
3003,152,8,6,Threshold Charger,V1G,home,False,0.7067,0.99959,IDLE,0.0,0.85,0.0
3003,153,9,6,Threshold Charger,V1G,home,False,0.7067,0.999587,IDLE,0.0,0.85,0.0
3003,154,10,6,Threshold Charger,V1G,home,False,0.7067,0.999585,IDLE,0.0,0.85,0.0
3003,155,11,6,Threshold Charger,V1G,driving,False,0.6889,0.999582,DRIVING,0.0,0.85,0.0
3003,156,12,6,Threshold Charger,V1G,work,False,0.6889,0.99958,IDLE,0.0,0.85,0.0
3003,157,13,6,Threshold Charger,V1G,work,False,0.6889,0.999578,IDLE,0.0,0.85,0.0
3003,158,14,6,Threshold Charger,V1G,work,False,0.6889,0.999575,IDLE,0.0,0.85,0.0
3003,159,15,6,Threshold Charger,V1G,work,False,0.6889,0.999573,IDLE,0.0,0.85,0.0
3003,160,16,6,Threshold Charger,V1G,driving,False,0.6711,0.999571,DRIVING,0.0,0.85,0.0
3003,161,17,6,Threshold Charger,V1G,home,False,0.6711,0.999568,IDLE,0.0,1.69,0.0
3003,162,18,6,Threshold Charger,V1G,home,False,0.6711,0.999566,IDLE,0.0,1.69,0.0
3003,163,19,6,Threshold Charger,V1G,home,False,0.6711,0.999563,IDLE,0.0,1.69,0.0
3003,164,20,6,Threshold Charger,V1G,home,False,0.6711,0.999561,IDLE,0.0,1.69,0.0
3003,165,21,6,Threshold Charger,V1G,home,False,0.6711,0.999559,IDLE,0.0,1.69,0.0
3003,166,22,6,Threshold Charger,V1G,home,False,0.6711,0.999556,IDLE,0.0,1.69,0.0
3003,167,23,6,Threshold Charger,V1G,home,False,0.6711,0.999554,IDLE,0.0,0.53,0.0
3004,0,0,0,Threshold Charger,V1G,home,False,0.5,0.999998,IDLE,0.0,0.53,0.0
3004,1,1,0,Threshold Charger,V1G,home,False,0.5,0.999996,IDLE,0.0,0.53,0.0
3004,2,2,0,Threshold Charger,V1G,home,False,0.5,0.999993,IDLE,0.0,0.53,0.0
3004,3,3,0,Threshold Charger,V1G,home,False,0.5,0.999991,IDLE,0.0,0.53,0.0
3004,4,4,0,Threshold Charger,V1G,home,False,0.5,0.999989,IDLE,0.0,0.53,0.0
3004,5,5,0,Threshold Charger,V1G,home,False,0.5,0.999987,IDLE,0.0,0.53,0.0
3004,6,6,0,Threshold Charger,V1G,home,False,0.5,0.999985,IDLE,0.0,0.53,0.0
3004,7,7,0,Threshold Charger,V1G,home,False,0.5,0.999983,IDLE,0.0,0.85,0.0
3004,8,8,0,Threshold Charger,V1G,driving,False,0.458,0.999981,DRIVING,0.0,0.85,0.0
3004,9,9,0,Threshold Charger,V1G,work,False,0.458,0.999978,IDLE,0.0,0.85,0.0
3004,10,10,0,Threshold Charger,V1G,work,False,0.458,0.999976,IDLE,0.0,0.85,0.0
3004,11,11,0,Threshold Charger,V1G,work,False,0.458,0.999974,IDLE,0.0,0.85,0.0
3004,12,12,0,Threshold Charger,V1G,work,False,0.458,0.999972,IDLE,0.0,0.85,0.0
3004,13,13,0,Threshold Charger,V1G,work,False,0.458,0.99997,IDLE,0.0,0.85,0.0
3004,14,14,0,Threshold Charger,V1G,work,False,0.458,0.999968,IDLE,0.0,0.85,0.0
3004,15,15,0,Threshold Charger,V1G,work,False,0.458,0.999966,IDLE,0.0,0.85,0.0
3004,16,16,0,Threshold Charger,V1G,work,False,0.458,0.999964,IDLE,0.0,0.85,0.0
3004,17,17,0,Threshold Charger,V1G,driving,False,0.4159,0.999961,DRIVING,0.0,1.69,0.0
3004,18,18,0,Threshold Charger,V1G,home,True,0.4159,0.999959,IDLE,0.0,1.69,0.0
3004,19,19,0,Threshold Charger,V1G,home,True,0.4159,0.999957,IDLE,0.0,1.69,0.0
3004,20,20,0,Threshold Charger,V1G,home,True,0.4159,0.999955,IDLE,0.0,1.69,0.0
3004,21,21,0,Threshold Charger,V1G,home,True,0.4159,0.999953,IDLE,0.0,1.69,0.0
3004,22,22,0,Threshold Charger,V1G,home,True,0.4159,0.999951,IDLE,0.0,1.69,0.0
3004,23,23,0,Threshold Charger,V1G,home,True,0.5268,0.999942,CHARGE,7.0,0.53,3.71
3004,24,0,1,Threshold Charger,V1G,home,True,0.6376,0.999934,CHARGE,7.0,0.53,3.71
3004,25,1,1,Threshold Charger,V1G,home,True,0.7485,0.999925,CHARGE,7.0,0.53,3.71
3004,26,2,1,Threshold Charger,V1G,home,True,0.8593,0.999915,CHARGE,7.0,0.53,3.71
3004,27,3,1,Threshold Charger,V1G,home,False,0.8593,0.999913,IDLE,0.0,0.53,0.0
3004,28,4,1,Threshold Charger,V1G,home,False,0.8593,0.99991,IDLE,0.0,0.53,0.0
3004,29,5,1,Threshold Charger,V1G,home,False,0.8593,0.999908,IDLE,0.0,0.53,0.0
3004,30,6,1,Threshold Charger,V1G,home,False,0.8593,0.999905,IDLE,0.0,0.53,0.0
3004,31,7,1,Threshold Charger,V1G,home,False,0.8593,0.999903,IDLE,0.0,0.85,0.0
3004,32,8,1,Threshold Charger,V1G,driving,False,0.8433,0.9999,DRIVING,0.0,0.85,0.0
3004,33,9,1,Threshold Charger,V1G,work,False,0.8433,0.999897,IDLE,0.0,0.85,0.0
3004,34,10,1,Threshold Charger,V1G,work,False,0.8433,0.999895,IDLE,0.0,0.85,0.0
3004,35,11,1,Threshold Charger,V1G,work,False,0.8433,0.999892,IDLE,0.0,0.85,0.0
3004,36,12,1,Threshold Charger,V1G,work,False,0.8433,0.99989,IDLE,0.0,0.85,0.0
3004,37,13,1,Threshold Charger,V1G,work,False,0.8433,0.999887,IDLE,0.0,0.85,0.0
3004,38,14,1,Threshold Charger,V1G,work,False,0.8433,0.999885,IDLE,0.0,0.85,0.0
3004,39,15,1,Threshold Charger,V1G,work,False,0.8433,0.999882,IDLE,0.0,0.85,0.0
3004,40,16,1,Threshold Charger,V1G,work,False,0.8433,0.999879,IDLE,0.0,0.85,0.0
3004,41,17,1,Threshold Charger,V1G,driving,False,0.8273,0.999877,DRIVING,0.0,1.69,0.0
3004,42,18,1,Threshold Charger,V1G,home,False,0.8273,0.999874,IDLE,0.0,1.69,0.0
3004,43,19,1,Threshold Charger,V1G,home,False,0.8273,0.999872,IDLE,0.0,1.69,0.0
3004,44,20,1,Threshold Charger,V1G,home,False,0.8273,0.999869,IDLE,0.0,1.69,0.0
3004,45,21,1,Threshold Charger,V1G,home,False,0.8273,0.999867,IDLE,0.0,1.69,0.0
3004,46,22,1,Threshold Charger,V1G,home,False,0.8273,0.999864,IDLE,0.0,1.69,0.0
3004,47,23,1,Threshold Charger,V1G,home,False,0.8273,0.999862,IDLE,0.0,0.53,0.0
3004,48,0,2,Threshold Charger,V1G,home,False,0.8273,0.999859,IDLE,0.0,0.53,0.0
3004,49,1,2,Threshold Charger,V1G,home,False,0.8273,0.999857,IDLE,0.0,0.53,0.0
3004,50,2,2,Threshold Charger,V1G,home,False,0.8273,0.999854,IDLE,0.0,0.53,0.0
3004,51,3,2,Threshold Charger,V1G,home,False,0.8273,0.999852,IDLE,0.0,0.53,0.0
3004,52,4,2,Threshold Charger,V1G,home,False,0.8273,0.999849,IDLE,0.0,0.53,0.0
3004,53,5,2,Threshold Charger,V1G,home,False,0.8273,0.999846,IDLE,0.0,0.53,0.0
3004,54,6,2,Threshold Charger,V1G,home,False,0.8273,0.999844,IDLE,0.0,0.53,0.0
3004,55,7,2,Threshold Charger,V1G,home,False,0.8273,0.999841,IDLE,0.0,0.85,0.0
3004,56,8,2,Threshold Charger,V1G,driving,False,0.7991,0.999839,DRIVING,0.0,0.85,0.0
3004,57,9,2,Threshold Charger,V1G,work,False,0.7991,0.999836,IDLE,0.0,0.85,0.0
3004,58,10,2,Threshold Charger,V1G,work,False,0.7991,0.999834,IDLE,0.0,0.85,0.0
3004,59,11,2,Threshold Charger,V1G,work,False,0.7991,0.999831,IDLE,0.0,0.85,0.0
3004,60,12,2,Threshold Charger,V1G,work,False,0.7991,0.999829,IDLE,0.0,0.85,0.0
3004,61,13,2,Threshold Charger,V1G,work,False,0.7991,0.999826,IDLE,0.0,0.85,0.0
3004,62,14,2,Threshold Charger,V1G,work,False,0.7991,0.999824,IDLE,0.0,0.85,0.0
3004,63,15,2,Threshold Charger,V1G,work,False,0.7991,0.999821,IDLE,0.0,0.85,0.0
3004,64,16,2,Threshold Charger,V1G,work,False,0.7991,0.999819,IDLE,0.0,0.85,0.0
3004,65,17,2,Threshold Charger,V1G,driving,False,0.7708,0.999816,DRIVING,0.0,1.69,0.0
3004,66,18,2,Threshold Charger,V1G,home,False,0.7708,0.999814,IDLE,0.0,1.69,0.0
3004,67,19,2,Threshold Charger,V1G,home,False,0.7708,0.999811,IDLE,0.0,1.69,0.0
3004,68,20,2,Threshold Charger,V1G,home,False,0.7708,0.999809,IDLE,0.0,1.69,0.0
3004,69,21,2,Threshold Charger,V1G,home,False,0.7708,0.999806,IDLE,0.0,1.69,0.0
3004,70,22,2,Threshold Charger,V1G,home,False,0.7708,0.999804,IDLE,0.0,1.69,0.0
3004,71,23,2,Threshold Charger,V1G,home,False,0.7708,0.999801,IDLE,0.0,0.53,0.0
3004,72,0,3,Threshold Charger,V1G,home,False,0.7708,0.999799,IDLE,0.0,0.53,0.0
3004,73,1,3,Threshold Charger,V1G,home,False,0.7708,0.999796,IDLE,0.0,0.53,0.0
3004,74,2,3,Threshold Charger,V1G,home,False,0.7708,0.999794,IDLE,0.0,0.53,0.0
3004,75,3,3,Threshold Charger,V1G,home,False,0.7708,0.999791,IDLE,0.0,0.53,0.0
3004,76,4,3,Threshold Charger,V1G,home,False,0.7708,0.999789,IDLE,0.0,0.53,0.0
3004,77,5,3,Threshold Charger,V1G,home,False,0.7708,0.999787,IDLE,0.0,0.53,0.0
3004,78,6,3,Threshold Charger,V1G,home,False,0.7708,0.999784,IDLE,0.0,0.53,0.0
3004,79,7,3,Threshold Charger,V1G,home,False,0.7708,0.999782,IDLE,0.0,0.85,0.0
3004,80,8,3,Threshold Charger,V1G,driving,False,0.7091,0.999779,DRIVING,0.0,0.85,0.0
3004,81,9,3,Threshold Charger,V1G,work,False,0.7091,0.999777,IDLE,0.0,0.85,0.0
3004,82,10,3,Threshold Charger,V1G,work,False,0.7091,0.999774,IDLE,0.0,0.85,0.0
3004,83,11,3,Threshold Charger,V1G,work,False,0.7091,0.999772,IDLE,0.0,0.85,0.0
3004,84,12,3,Threshold Charger,V1G,work,False,0.7091,0.99977,IDLE,0.0,0.85,0.0
3004,85,13,3,Threshold Charger,V1G,work,False,0.7091,0.999767,IDLE,0.0,0.85,0.0
3004,86,14,3,Threshold Charger,V1G,work,False,0.7091,0.999765,IDLE,0.0,0.85,0.0
3004,87,15,3,Threshold Charger,V1G,work,False,0.7091,0.999762,IDLE,0.0,0.85,0.0
3004,88,16,3,Threshold Charger,V1G,work,False,0.7091,0.99976,IDLE,0.0,0.85,0.0
3004,89,17,3,Threshold Charger,V1G,driving,False,0.6473,0.999758,DRIVING,0.0,1.69,0.0
3004,90,18,3,Threshold Charger,V1G,home,False,0.6473,0.999755,IDLE,0.0,1.69,0.0
3004,91,19,3,Threshold Charger,V1G,home,False,0.6473,0.999753,IDLE,0.0,1.69,0.0
3004,92,20,3,Threshold Charger,V1G,home,False,0.6473,0.999751,IDLE,0.0,1.69,0.0
3004,93,21,3,Threshold Charger,V1G,home,False,0.6473,0.999748,IDLE,0.0,1.69,0.0
3004,94,22,3,Threshold Charger,V1G,home,False,0.6473,0.999746,IDLE,0.0,1.69,0.0
3004,95,23,3,Threshold Charger,V1G,home,False,0.6473,0.999744,IDLE,0.0,0.53,0.0
3004,96,0,4,Threshold Charger,V1G,home,False,0.6473,0.999741,IDLE,0.0,0.53,0.0
3004,97,1,4,Threshold Charger,V1G,home,False,0.6473,0.999739,IDLE,0.0,0.53,0.0
3004,98,2,4,Threshold Charger,V1G,home,False,0.6473,0.999737,IDLE,0.0,0.53,0.0
3004,99,3,4,Threshold Charger,V1G,home,False,0.6473,0.999734,IDLE,0.0,0.53,0.0
3004,100,4,4,Threshold Charger,V1G,home,False,0.6473,0.999732,IDLE,0.0,0.53,0.0
3004,101,5,4,Threshold Charger,V1G,home,False,0.6473,0.99973,IDLE,0.0,0.53,0.0
3004,102,6,4,Threshold Charger,V1G,home,False,0.6473,0.999727,IDLE,0.0,0.53,0.0
3004,103,7,4,Threshold Charger,V1G,home,False,0.6473,0.999725,IDLE,0.0,0.85,0.0
3004,104,8,4,Threshold Charger,V1G,driving,False,0.5103,0.999723,DRIVING,0.0,0.85,0.0
3004,105,9,4,Threshold Charger,V1G,work,False,0.5103,0.99972,IDLE,0.0,0.85,0.0
3004,106,10,4,Threshold Charger,V1G,work,False,0.5103,0.999718,IDLE,0.0,0.85,0.0
3004,107,11,4,Threshold Charger,V1G,work,False,0.5103,0.999716,IDLE,0.0,0.85,0.0
3004,108,12,4,Threshold Charger,V1G,work,False,0.5103,0.999714,IDLE,0.0,0.85,0.0
3004,109,13,4,Threshold Charger,V1G,work,False,0.5103,0.999712,IDLE,0.0,0.85,0.0
3004,110,14,4,Threshold Charger,V1G,work,False,0.5103,0.99971,IDLE,0.0,0.85,0.0
3004,111,15,4,Threshold Charger,V1G,work,False,0.5103,0.999707,IDLE,0.0,0.85,0.0
3004,112,16,4,Threshold Charger,V1G,work,False,0.5103,0.999705,IDLE,0.0,0.85,0.0
3004,113,17,4,Threshold Charger,V1G,driving,False,0.3734,0.999703,DRIVING,0.0,1.69,0.0
3004,114,18,4,Threshold Charger,V1G,home,True,0.3734,0.999701,IDLE,0.0,1.69,0.0
3004,115,19,4,Threshold Charger,V1G,home,True,0.3734,0.999699,IDLE,0.0,1.69,0.0
3004,116,20,4,Threshold Charger,V1G,home,True,0.3734,0.999697,IDLE,0.0,1.69,0.0
3004,117,21,4,Threshold Charger,V1G,home,True,0.3734,0.999695,IDLE,0.0,1.69,0.0
3004,118,22,4,Threshold Charger,V1G,home,True,0.3734,0.999693,IDLE,0.0,1.69,0.0
3004,119,23,4,Threshold Charger,V1G,home,True,0.4842,0.999684,CHARGE,7.0,0.53,3.71
3004,120,0,5,Threshold Charger,V1G,home,True,0.5951,0.999676,CHARGE,7.0,0.53,3.71
3004,121,1,5,Threshold Charger,V1G,home,True,0.706,0.999667,CHARGE,7.0,0.53,3.71
3004,122,2,5,Threshold Charger,V1G,home,True,0.8168,0.999658,CHARGE,7.0,0.53,3.71
3004,123,3,5,Threshold Charger,V1G,home,True,0.9277,0.999648,CHARGE,7.0,0.53,3.71
3004,124,4,5,Threshold Charger,V1G,home,False,0.9277,0.999646,IDLE,0.0,0.53,0.0
3004,125,5,5,Threshold Charger,V1G,home,False,0.9277,0.999643,IDLE,0.0,0.53,0.0
3004,126,6,5,Threshold Charger,V1G,home,False,0.9277,0.99964,IDLE,0.0,0.53,0.0
3004,127,7,5,Threshold Charger,V1G,home,False,0.9277,0.999638,IDLE,0.0,0.85,0.0
3004,128,8,5,Threshold Charger,V1G,home,False,0.9277,0.999635,IDLE,0.0,0.85,0.0
3004,129,9,5,Threshold Charger,V1G,home,False,0.9277,0.999632,IDLE,0.0,0.85,0.0
3004,130,10,5,Threshold Charger,V1G,home,False,0.9277,0.99963,IDLE,0.0,0.85,0.0
3004,131,11,5,Threshold Charger,V1G,driving,False,0.9075,0.999627,DRIVING,0.0,0.85,0.0
3004,132,12,5,Threshold Charger,V1G,work,False,0.9075,0.999625,IDLE,0.0,0.85,0.0
3004,133,13,5,Threshold Charger,V1G,work,False,0.9075,0.999622,IDLE,0.0,0.85,0.0
3004,134,14,5,Threshold Charger,V1G,work,False,0.9075,0.999619,IDLE,0.0,0.85,0.0
3004,135,15,5,Threshold Charger,V1G,work,False,0.9075,0.999617,IDLE,0.0,0.85,0.0
3004,136,16,5,Threshold Charger,V1G,driving,False,0.8873,0.999614,DRIVING,0.0,0.85,0.0
3004,137,17,5,Threshold Charger,V1G,home,False,0.8873,0.999611,IDLE,0.0,1.69,0.0
3004,138,18,5,Threshold Charger,V1G,home,False,0.8873,0.999609,IDLE,0.0,1.69,0.0
3004,139,19,5,Threshold Charger,V1G,home,False,0.8873,0.999606,IDLE,0.0,1.69,0.0
3004,140,20,5,Threshold Charger,V1G,home,False,0.8873,0.999604,IDLE,0.0,1.69,0.0
3004,141,21,5,Threshold Charger,V1G,home,False,0.8873,0.999601,IDLE,0.0,1.69,0.0
3004,142,22,5,Threshold Charger,V1G,home,False,0.8873,0.999598,IDLE,0.0,1.69,0.0
3004,143,23,5,Threshold Charger,V1G,home,False,0.8873,0.999596,IDLE,0.0,0.53,0.0
3004,144,0,6,Threshold Charger,V1G,home,False,0.8873,0.999593,IDLE,0.0,0.53,0.0
3004,145,1,6,Threshold Charger,V1G,home,False,0.8873,0.999591,IDLE,0.0,0.53,0.0
3004,146,2,6,Threshold Charger,V1G,home,False,0.8873,0.999588,IDLE,0.0,0.53,0.0
3004,147,3,6,Threshold Charger,V1G,home,False,0.8873,0.999585,IDLE,0.0,0.53,0.0
3004,148,4,6,Threshold Charger,V1G,home,False,0.8873,0.999583,IDLE,0.0,0.53,0.0
3004,149,5,6,Threshold Charger,V1G,home,False,0.8873,0.99958,IDLE,0.0,0.53,0.0
3004,150,6,6,Threshold Charger,V1G,home,False,0.8873,0.999577,IDLE,0.0,0.53,0.0
3004,151,7,6,Threshold Charger,V1G,home,False,0.8873,0.999575,IDLE,0.0,0.85,0.0
3004,152,8,6,Threshold Charger,V1G,home,False,0.8873,0.999572,IDLE,0.0,0.85,0.0
3004,153,9,6,Threshold Charger,V1G,home,False,0.8873,0.99957,IDLE,0.0,0.85,0.0
3004,154,10,6,Threshold Charger,V1G,home,False,0.8873,0.999567,IDLE,0.0,0.85,0.0
3004,155,11,6,Threshold Charger,V1G,driving,False,0.8297,0.999564,DRIVING,0.0,0.85,0.0
3004,156,12,6,Threshold Charger,V1G,work,False,0.8297,0.999562,IDLE,0.0,0.85,0.0
3004,157,13,6,Threshold Charger,V1G,work,False,0.8297,0.999559,IDLE,0.0,0.85,0.0
3004,158,14,6,Threshold Charger,V1G,work,False,0.8297,0.999557,IDLE,0.0,0.85,0.0
3004,159,15,6,Threshold Charger,V1G,work,False,0.8297,0.999554,IDLE,0.0,0.85,0.0
3004,160,16,6,Threshold Charger,V1G,driving,False,0.7722,0.999552,DRIVING,0.0,0.85,0.0
3004,161,17,6,Threshold Charger,V1G,home,False,0.7722,0.999549,IDLE,0.0,1.69,0.0
3004,162,18,6,Threshold Charger,V1G,home,False,0.7722,0.999547,IDLE,0.0,1.69,0.0
3004,163,19,6,Threshold Charger,V1G,home,False,0.7722,0.999544,IDLE,0.0,1.69,0.0
3004,164,20,6,Threshold Charger,V1G,home,False,0.7722,0.999542,IDLE,0.0,1.69,0.0
3004,165,21,6,Threshold Charger,V1G,home,False,0.7722,0.999539,IDLE,0.0,1.69,0.0
3004,166,22,6,Threshold Charger,V1G,home,False,0.7722,0.999537,IDLE,0.0,1.69,0.0
3004,167,23,6,Threshold Charger,V1G,home,False,0.7722,0.999534,IDLE,0.0,0.53,0.0
3005,0,0,0,Threshold Charger,V1G,home,False,0.5,0.999998,IDLE,0.0,0.53,0.0
3005,1,1,0,Threshold Charger,V1G,home,False,0.5,0.999996,IDLE,0.0,0.53,0.0
3005,2,2,0,Threshold Charger,V1G,home,False,0.5,0.999993,IDLE,0.0,0.53,0.0
3005,3,3,0,Threshold Charger,V1G,home,False,0.5,0.999991,IDLE,0.0,0.53,0.0
3005,4,4,0,Threshold Charger,V1G,home,False,0.5,0.999989,IDLE,0.0,0.53,0.0
3005,5,5,0,Threshold Charger,V1G,home,False,0.5,0.999987,IDLE,0.0,0.53,0.0
3005,6,6,0,Threshold Charger,V1G,home,False,0.5,0.999985,IDLE,0.0,0.53,0.0
3005,7,7,0,Threshold Charger,V1G,home,False,0.5,0.999983,IDLE,0.0,0.85,0.0
3005,8,8,0,Threshold Charger,V1G,home,False,0.5,0.99998,IDLE,0.0,0.85,0.0
3005,9,9,0,Threshold Charger,V1G,driving,False,0.3967,0.999978,DRIVING,0.0,0.85,0.0
3005,10,10,0,Threshold Charger,V1G,work,False,0.3967,0.999976,IDLE,0.0,0.85,0.0
3005,11,11,0,Threshold Charger,V1G,work,False,0.3967,0.999974,IDLE,0.0,0.85,0.0
3005,12,12,0,Threshold Charger,V1G,work,False,0.3967,0.999972,IDLE,0.0,0.85,0.0
3005,13,13,0,Threshold Charger,V1G,work,False,0.3967,0.99997,IDLE,0.0,0.85,0.0
3005,14,14,0,Threshold Charger,V1G,work,False,0.3967,0.999968,IDLE,0.0,0.85,0.0
3005,15,15,0,Threshold Charger,V1G,work,False,0.3967,0.999966,IDLE,0.0,0.85,0.0
3005,16,16,0,Threshold Charger,V1G,work,False,0.3967,0.999964,IDLE,0.0,0.85,0.0
3005,17,17,0,Threshold Charger,V1G,driving,False,0.2934,0.999962,DRIVING,0.0,1.69,0.0
3005,18,18,0,Threshold Charger,V1G,home,True,0.4042,0.999954,CHARGE,7.0,1.69,11.83
3005,19,19,0,Threshold Charger,V1G,home,True,0.4042,0.999951,IDLE,0.0,1.69,0.0
3005,20,20,0,Threshold Charger,V1G,home,True,0.4042,0.999949,IDLE,0.0,1.69,0.0
3005,21,21,0,Threshold Charger,V1G,home,True,0.4042,0.999947,IDLE,0.0,1.69,0.0
3005,22,22,0,Threshold Charger,V1G,home,True,0.4042,0.999945,IDLE,0.0,1.69,0.0
3005,23,23,0,Threshold Charger,V1G,home,True,0.515,0.999937,CHARGE,7.0,0.53,3.71
3005,24,0,1,Threshold Charger,V1G,home,True,0.6259,0.999928,CHARGE,7.0,0.53,3.71
3005,25,1,1,Threshold Charger,V1G,home,True,0.7367,0.999919,CHARGE,7.0,0.53,3.71
3005,26,2,1,Threshold Charger,V1G,home,True,0.8476,0.99991,CHARGE,7.0,0.53,3.71
3005,27,3,1,Threshold Charger,V1G,home,True,0.9584,0.9999,CHARGE,7.0,0.53,3.71
3005,28,4,1,Threshold Charger,V1G,home,False,0.9584,0.999898,IDLE,0.0,0.53,0.0
3005,29,5,1,Threshold Charger,V1G,home,False,0.9584,0.999895,IDLE,0.0,0.53,0.0
3005,30,6,1,Threshold Charger,V1G,home,False,0.9584,0.999892,IDLE,0.0,0.53,0.0
3005,31,7,1,Threshold Charger,V1G,home,False,0.9584,0.99989,IDLE,0.0,0.85,0.0
3005,32,8,1,Threshold Charger,V1G,home,False,0.9584,0.999887,IDLE,0.0,0.85,0.0
3005,33,9,1,Threshold Charger,V1G,driving,False,0.9277,0.999884,DRIVING,0.0,0.85,0.0
3005,34,10,1,Threshold Charger,V1G,work,False,0.9277,0.999882,IDLE,0.0,0.85,0.0
3005,35,11,1,Threshold Charger,V1G,work,False,0.9277,0.999879,IDLE,0.0,0.85,0.0
3005,36,12,1,Threshold Charger,V1G,work,False,0.9277,0.999876,IDLE,0.0,0.85,0.0
3005,37,13,1,Threshold Charger,V1G,work,False,0.9277,0.999874,IDLE,0.0,0.85,0.0
3005,38,14,1,Threshold Charger,V1G,work,False,0.9277,0.999871,IDLE,0.0,0.85,0.0
3005,39,15,1,Threshold Charger,V1G,work,False,0.9277,0.999868,IDLE,0.0,0.85,0.0
3005,40,16,1,Threshold Charger,V1G,work,False,0.9277,0.999866,IDLE,0.0,0.85,0.0
3005,41,17,1,Threshold Charger,V1G,driving,False,0.897,0.999863,DRIVING,0.0,1.69,0.0
3005,42,18,1,Threshold Charger,V1G,home,False,0.897,0.99986,IDLE,0.0,1.69,0.0
3005,43,19,1,Threshold Charger,V1G,home,False,0.897,0.999858,IDLE,0.0,1.69,0.0
3005,44,20,1,Threshold Charger,V1G,home,False,0.897,0.999855,IDLE,0.0,1.69,0.0
3005,45,21,1,Threshold Charger,V1G,home,False,0.897,0.999853,IDLE,0.0,1.69,0.0
3005,46,22,1,Threshold Charger,V1G,home,False,0.897,0.99985,IDLE,0.0,1.69,0.0
3005,47,23,1,Threshold Charger,V1G,home,False,0.897,0.999847,IDLE,0.0,0.53,0.0
3005,48,0,2,Threshold Charger,V1G,home,False,0.897,0.999845,IDLE,0.0,0.53,0.0
3005,49,1,2,Threshold Charger,V1G,home,False,0.897,0.999842,IDLE,0.0,0.53,0.0
3005,50,2,2,Threshold Charger,V1G,home,False,0.897,0.99984,IDLE,0.0,0.53,0.0
3005,51,3,2,Threshold Charger,V1G,home,False,0.897,0.999837,IDLE,0.0,0.53,0.0
3005,52,4,2,Threshold Charger,V1G,home,False,0.897,0.999834,IDLE,0.0,0.53,0.0
3005,53,5,2,Threshold Charger,V1G,home,False,0.897,0.999832,IDLE,0.0,0.53,0.0
3005,54,6,2,Threshold Charger,V1G,home,False,0.897,0.999829,IDLE,0.0,0.53,0.0
3005,55,7,2,Threshold Charger,V1G,home,False,0.897,0.999826,IDLE,0.0,0.85,0.0
3005,56,8,2,Threshold Charger,V1G,home,False,0.897,0.999824,IDLE,0.0,0.85,0.0
3005,57,9,2,Threshold Charger,V1G,driving,False,0.8601,0.999821,DRIVING,0.0,0.85,0.0
3005,58,10,2,Threshold Charger,V1G,work,False,0.8601,0.999819,IDLE,0.0,0.85,0.0
3005,59,11,2,Threshold Charger,V1G,work,False,0.8601,0.999816,IDLE,0.0,0.85,0.0
3005,60,12,2,Threshold Charger,V1G,work,False,0.8601,0.999813,IDLE,0.0,0.85,0.0
3005,61,13,2,Threshold Charger,V1G,work,False,0.8601,0.999811,IDLE,0.0,0.85,0.0
3005,62,14,2,Threshold Charger,V1G,work,False,0.8601,0.999808,IDLE,0.0,0.85,0.0
3005,63,15,2,Threshold Charger,V1G,work,False,0.8601,0.999806,IDLE,0.0,0.85,0.0
3005,64,16,2,Threshold Charger,V1G,work,False,0.8601,0.999803,IDLE,0.0,0.85,0.0
3005,65,17,2,Threshold Charger,V1G,driving,False,0.8231,0.999801,DRIVING,0.0,1.69,0.0
3005,66,18,2,Threshold Charger,V1G,home,False,0.8231,0.999798,IDLE,0.0,1.69,0.0
3005,67,19,2,Threshold Charger,V1G,home,False,0.8231,0.999796,IDLE,0.0,1.69,0.0
3005,68,20,2,Threshold Charger,V1G,home,False,0.8231,0.999793,IDLE,0.0,1.69,0.0
3005,69,21,2,Threshold Charger,V1G,home,False,0.8231,0.99979,IDLE,0.0,1.69,0.0
3005,70,22,2,Threshold Charger,V1G,home,False,0.8231,0.999788,IDLE,0.0,1.69,0.0
3005,71,23,2,Threshold Charger,V1G,home,False,0.8231,0.999785,IDLE,0.0,0.53,0.0
3005,72,0,3,Threshold Charger,V1G,home,False,0.8231,0.999783,IDLE,0.0,0.53,0.0
3005,73,1,3,Threshold Charger,V1G,home,False,0.8231,0.99978,IDLE,0.0,0.53,0.0
3005,74,2,3,Threshold Charger,V1G,home,False,0.8231,0.999778,IDLE,0.0,0.53,0.0
3005,75,3,3,Threshold Charger,V1G,home,False,0.8231,0.999775,IDLE,0.0,0.53,0.0
3005,76,4,3,Threshold Charger,V1G,home,False,0.8231,0.999773,IDLE,0.0,0.53,0.0
3005,77,5,3,Threshold Charger,V1G,home,False,0.8231,0.99977,IDLE,0.0,0.53,0.0
3005,78,6,3,Threshold Charger,V1G,home,False,0.8231,0.999768,IDLE,0.0,0.53,0.0
3005,79,7,3,Threshold Charger,V1G,home,False,0.8231,0.999765,IDLE,0.0,0.85,0.0
3005,80,8,3,Threshold Charger,V1G,home,False,0.8231,0.999763,IDLE,0.0,0.85,0.0
3005,81,9,3,Threshold Charger,V1G,driving,False,0.7859,0.99976,DRIVING,0.0,0.85,0.0
3005,82,10,3,Threshold Charger,V1G,work,False,0.7859,0.999758,IDLE,0.0,0.85,0.0
3005,83,11,3,Threshold Charger,V1G,work,False,0.7859,0.999755,IDLE,0.0,0.85,0.0
3005,84,12,3,Threshold Charger,V1G,work,False,0.7859,0.999753,IDLE,0.0,0.85,0.0
3005,85,13,3,Threshold Charger,V1G,work,False,0.7859,0.99975,IDLE,0.0,0.85,0.0
3005,86,14,3,Threshold Charger,V1G,work,False,0.7859,0.999748,IDLE,0.0,0.85,0.0
3005,87,15,3,Threshold Charger,V1G,work,False,0.7859,0.999745,IDLE,0.0,0.85,0.0
3005,88,16,3,Threshold Charger,V1G,work,False,0.7859,0.999743,IDLE,0.0,0.85,0.0
3005,89,17,3,Threshold Charger,V1G,driving,False,0.7486,0.99974,DRIVING,0.0,1.69,0.0
3005,90,18,3,Threshold Charger,V1G,home,False,0.7486,0.999738,IDLE,0.0,1.69,0.0
3005,91,19,3,Threshold Charger,V1G,home,False,0.7486,0.999735,IDLE,0.0,1.69,0.0
3005,92,20,3,Threshold Charger,V1G,home,False,0.7486,0.999733,IDLE,0.0,1.69,0.0
3005,93,21,3,Threshold Charger,V1G,home,False,0.7486,0.99973,IDLE,0.0,1.69,0.0
3005,94,22,3,Threshold Charger,V1G,home,False,0.7486,0.999728,IDLE,0.0,1.69,0.0
3005,95,23,3,Threshold Charger,V1G,home,False,0.7486,0.999725,IDLE,0.0,0.53,0.0
3005,96,0,4,Threshold Charger,V1G,home,False,0.7486,0.999723,IDLE,0.0,0.53,0.0
3005,97,1,4,Threshold Charger,V1G,home,False,0.7486,0.99972,IDLE,0.0,0.53,0.0
3005,98,2,4,Threshold Charger,V1G,home,False,0.7486,0.999718,IDLE,0.0,0.53,0.0
3005,99,3,4,Threshold Charger,V1G,home,False,0.7486,0.999716,IDLE,0.0,0.53,0.0
3005,100,4,4,Threshold Charger,V1G,home,False,0.7486,0.999713,IDLE,0.0,0.53,0.0
3005,101,5,4,Threshold Charger,V1G,home,False,0.7486,0.999711,IDLE,0.0,0.53,0.0
3005,102,6,4,Threshold Charger,V1G,home,False,0.7486,0.999708,IDLE,0.0,0.53,0.0
3005,103,7,4,Threshold Charger,V1G,home,False,0.7486,0.999706,IDLE,0.0,0.85,0.0
3005,104,8,4,Threshold Charger,V1G,home,False,0.7486,0.999703,IDLE,0.0,0.85,0.0
3005,105,9,4,Threshold Charger,V1G,driving,False,0.655,0.999701,DRIVING,0.0,0.85,0.0
3005,106,10,4,Threshold Charger,V1G,work,False,0.655,0.999699,IDLE,0.0,0.85,0.0
3005,107,11,4,Threshold Charger,V1G,work,False,0.655,0.999696,IDLE,0.0,0.85,0.0
3005,108,12,4,Threshold Charger,V1G,work,False,0.655,0.999694,IDLE,0.0,0.85,0.0
3005,109,13,4,Threshold Charger,V1G,work,False,0.655,0.999692,IDLE,0.0,0.85,0.0
3005,110,14,4,Threshold Charger,V1G,work,False,0.655,0.999689,IDLE,0.0,0.85,0.0
3005,111,15,4,Threshold Charger,V1G,work,False,0.655,0.999687,IDLE,0.0,0.85,0.0
3005,112,16,4,Threshold Charger,V1G,work,False,0.655,0.999685,IDLE,0.0,0.85,0.0
3005,113,17,4,Threshold Charger,V1G,driving,False,0.5614,0.999682,DRIVING,0.0,1.69,0.0
3005,114,18,4,Threshold Charger,V1G,home,False,0.5614,0.99968,IDLE,0.0,1.69,0.0
3005,115,19,4,Threshold Charger,V1G,home,False,0.5614,0.999678,IDLE,0.0,1.69,0.0
3005,116,20,4,Threshold Charger,V1G,home,False,0.5614,0.999676,IDLE,0.0,1.69,0.0
3005,117,21,4,Threshold Charger,V1G,home,False,0.5614,0.999673,IDLE,0.0,1.69,0.0
3005,118,22,4,Threshold Charger,V1G,home,False,0.5614,0.999671,IDLE,0.0,1.69,0.0
3005,119,23,4,Threshold Charger,V1G,home,False,0.5614,0.999669,IDLE,0.0,0.53,0.0
3005,120,0,5,Threshold Charger,V1G,home,False,0.5614,0.999667,IDLE,0.0,0.53,0.0
3005,121,1,5,Threshold Charger,V1G,home,False,0.5614,0.999664,IDLE,0.0,0.53,0.0
3005,122,2,5,Threshold Charger,V1G,home,False,0.5614,0.999662,IDLE,0.0,0.53,0.0
3005,123,3,5,Threshold Charger,V1G,home,False,0.5614,0.99966,IDLE,0.0,0.53,0.0
3005,124,4,5,Threshold Charger,V1G,home,False,0.5614,0.999658,IDLE,0.0,0.53,0.0
3005,125,5,5,Threshold Charger,V1G,home,False,0.5614,0.999655,IDLE,0.0,0.53,0.0
3005,126,6,5,Threshold Charger,V1G,home,False,0.5614,0.999653,IDLE,0.0,0.53,0.0
3005,127,7,5,Threshold Charger,V1G,home,False,0.5614,0.999651,IDLE,0.0,0.85,0.0
3005,128,8,5,Threshold Charger,V1G,home,False,0.5614,0.999649,IDLE,0.0,0.85,0.0
3005,129,9,5,Threshold Charger,V1G,home,False,0.5614,0.999646,IDLE,0.0,0.85,0.0
3005,130,10,5,Threshold Charger,V1G,home,False,0.5614,0.999644,IDLE,0.0,0.85,0.0
3005,131,11,5,Threshold Charger,V1G,driving,False,0.5333,0.999642,DRIVING,0.0,0.85,0.0
3005,132,12,5,Threshold Charger,V1G,work,False,0.5333,0.99964,IDLE,0.0,0.85,0.0
3005,133,13,5,Threshold Charger,V1G,work,False,0.5333,0.999638,IDLE,0.0,0.85,0.0
3005,134,14,5,Threshold Charger,V1G,work,False,0.5333,0.999635,IDLE,0.0,0.85,0.0
3005,135,15,5,Threshold Charger,V1G,work,False,0.5333,0.999633,IDLE,0.0,0.85,0.0
3005,136,16,5,Threshold Charger,V1G,driving,False,0.5053,0.999631,DRIVING,0.0,0.85,0.0
3005,137,17,5,Threshold Charger,V1G,home,False,0.5053,0.999629,IDLE,0.0,1.69,0.0
3005,138,18,5,Threshold Charger,V1G,home,False,0.5053,0.999627,IDLE,0.0,1.69,0.0
3005,139,19,5,Threshold Charger,V1G,home,False,0.5053,0.999625,IDLE,0.0,1.69,0.0
3005,140,20,5,Threshold Charger,V1G,home,False,0.5053,0.999622,IDLE,0.0,1.69,0.0
3005,141,21,5,Threshold Charger,V1G,home,False,0.5053,0.99962,IDLE,0.0,1.69,0.0
3005,142,22,5,Threshold Charger,V1G,home,False,0.5053,0.999618,IDLE,0.0,1.69,0.0
3005,143,23,5,Threshold Charger,V1G,home,False,0.5053,0.999616,IDLE,0.0,0.53,0.0
3005,144,0,6,Threshold Charger,V1G,home,False,0.5053,0.999614,IDLE,0.0,0.53,0.0
3005,145,1,6,Threshold Charger,V1G,home,False,0.5053,0.999611,IDLE,0.0,0.53,0.0
3005,146,2,6,Threshold Charger,V1G,home,False,0.5053,0.999609,IDLE,0.0,0.53,0.0
3005,147,3,6,Threshold Charger,V1G,home,False,0.5053,0.999607,IDLE,0.0,0.53,0.0
3005,148,4,6,Threshold Charger,V1G,home,False,0.5053,0.999605,IDLE,0.0,0.53,0.0
3005,149,5,6,Threshold Charger,V1G,home,False,0.5053,0.999603,IDLE,0.0,0.53,0.0
3005,150,6,6,Threshold Charger,V1G,home,False,0.5053,0.999601,IDLE,0.0,0.53,0.0
3005,151,7,6,Threshold Charger,V1G,home,False,0.5053,0.999598,IDLE,0.0,0.85,0.0
3005,152,8,6,Threshold Charger,V1G,home,False,0.5053,0.999596,IDLE,0.0,0.85,0.0
3005,153,9,6,Threshold Charger,V1G,home,False,0.5053,0.999594,IDLE,0.0,0.85,0.0
3005,154,10,6,Threshold Charger,V1G,home,False,0.5053,0.999592,IDLE,0.0,0.85,0.0
3005,155,11,6,Threshold Charger,V1G,driving,False,0.464,0.99959,DRIVING,0.0,0.85,0.0
3005,156,12,6,Threshold Charger,V1G,work,False,0.464,0.999588,IDLE,0.0,0.85,0.0
3005,157,13,6,Threshold Charger,V1G,work,False,0.464,0.999586,IDLE,0.0,0.85,0.0
3005,158,14,6,Threshold Charger,V1G,work,False,0.464,0.999583,IDLE,0.0,0.85,0.0
3005,159,15,6,Threshold Charger,V1G,work,False,0.464,0.999581,IDLE,0.0,0.85,0.0
3005,160,16,6,Threshold Charger,V1G,driving,False,0.4228,0.999579,DRIVING,0.0,0.85,0.0
3005,161,17,6,Threshold Charger,V1G,home,True,0.4228,0.999577,IDLE,0.0,1.69,0.0
3005,162,18,6,Threshold Charger,V1G,home,True,0.4228,0.999575,IDLE,0.0,1.69,0.0
3005,163,19,6,Threshold Charger,V1G,home,True,0.4228,0.999573,IDLE,0.0,1.69,0.0
3005,164,20,6,Threshold Charger,V1G,home,True,0.4228,0.999571,IDLE,0.0,1.69,0.0
3005,165,21,6,Threshold Charger,V1G,home,True,0.4228,0.999569,IDLE,0.0,1.69,0.0
3005,166,22,6,Threshold Charger,V1G,home,True,0.4228,0.999567,IDLE,0.0,1.69,0.0
3005,167,23,6,Threshold Charger,V1G,home,True,0.5336,0.999558,CHARGE,7.0,0.53,3.71
3006,0,0,0,Threshold Charger,V1G,home,False,0.5,0.999998,IDLE,0.0,0.53,0.0
3006,1,1,0,Threshold Charger,V1G,home,False,0.5,0.999996,IDLE,0.0,0.53,0.0
3006,2,2,0,Threshold Charger,V1G,home,False,0.5,0.999993,IDLE,0.0,0.53,0.0
3006,3,3,0,Threshold Charger,V1G,home,False,0.5,0.999991,IDLE,0.0,0.53,0.0
3006,4,4,0,Threshold Charger,V1G,home,False,0.5,0.999989,IDLE,0.0,0.53,0.0
3006,5,5,0,Threshold Charger,V1G,home,False,0.5,0.999987,IDLE,0.0,0.53,0.0
3006,6,6,0,Threshold Charger,V1G,home,False,0.5,0.999985,IDLE,0.0,0.53,0.0
3006,7,7,0,Threshold Charger,V1G,home,False,0.5,0.999983,IDLE,0.0,0.85,0.0
3006,8,8,0,Threshold Charger,V1G,driving,False,0.471,0.999981,DRIVING,0.0,0.85,0.0
3006,9,9,0,Threshold Charger,V1G,work,False,0.471,0.999978,IDLE,0.0,0.85,0.0
3006,10,10,0,Threshold Charger,V1G,work,False,0.471,0.999976,IDLE,0.0,0.85,0.0
3006,11,11,0,Threshold Charger,V1G,work,False,0.471,0.999974,IDLE,0.0,0.85,0.0
3006,12,12,0,Threshold Charger,V1G,work,False,0.471,0.999972,IDLE,0.0,0.85,0.0
3006,13,13,0,Threshold Charger,V1G,work,False,0.471,0.99997,IDLE,0.0,0.85,0.0
3006,14,14,0,Threshold Charger,V1G,work,False,0.471,0.999968,IDLE,0.0,0.85,0.0
3006,15,15,0,Threshold Charger,V1G,work,False,0.471,0.999966,IDLE,0.0,0.85,0.0
3006,16,16,0,Threshold Charger,V1G,work,False,0.471,0.999963,IDLE,0.0,0.85,0.0
3006,17,17,0,Threshold Charger,V1G,driving,False,0.4419,0.999961,DRIVING,0.0,1.69,0.0
3006,18,18,0,Threshold Charger,V1G,home,True,0.4419,0.999959,IDLE,0.0,1.69,0.0
3006,19,19,0,Threshold Charger,V1G,home,True,0.4419,0.999957,IDLE,0.0,1.69,0.0
3006,20,20,0,Threshold Charger,V1G,home,True,0.4419,0.999955,IDLE,0.0,1.69,0.0
3006,21,21,0,Threshold Charger,V1G,home,True,0.4419,0.999953,IDLE,0.0,1.69,0.0
3006,22,22,0,Threshold Charger,V1G,home,True,0.4419,0.999951,IDLE,0.0,1.69,0.0
3006,23,23,0,Threshold Charger,V1G,home,True,0.5528,0.999942,CHARGE,7.0,0.53,3.71
3006,24,0,1,Threshold Charger,V1G,home,True,0.6636,0.999933,CHARGE,7.0,0.53,3.71
3006,25,1,1,Threshold Charger,V1G,home,True,0.7744,0.999924,CHARGE,7.0,0.53,3.71
3006,26,2,1,Threshold Charger,V1G,home,True,0.8853,0.999915,CHARGE,7.0,0.53,3.71
3006,27,3,1,Threshold Charger,V1G,home,False,0.8853,0.999912,IDLE,0.0,0.53,0.0
3006,28,4,1,Threshold Charger,V1G,home,False,0.8853,0.99991,IDLE,0.0,0.53,0.0
3006,29,5,1,Threshold Charger,V1G,home,False,0.8853,0.999907,IDLE,0.0,0.53,0.0
3006,30,6,1,Threshold Charger,V1G,home,False,0.8853,0.999905,IDLE,0.0,0.53,0.0
3006,31,7,1,Threshold Charger,V1G,home,False,0.8853,0.999902,IDLE,0.0,0.85,0.0
3006,32,8,1,Threshold Charger,V1G,driving,False,0.8558,0.999899,DRIVING,0.0,0.85,0.0
3006,33,9,1,Threshold Charger,V1G,work,False,0.8558,0.999897,IDLE,0.0,0.85,0.0
3006,34,10,1,Threshold Charger,V1G,work,False,0.8558,0.999894,IDLE,0.0,0.85,0.0
3006,35,11,1,Threshold Charger,V1G,work,False,0.8558,0.999892,IDLE,0.0,0.85,0.0
3006,36,12,1,Threshold Charger,V1G,work,False,0.8558,0.999889,IDLE,0.0,0.85,0.0
3006,37,13,1,Threshold Charger,V1G,work,False,0.8558,0.999887,IDLE,0.0,0.85,0.0
3006,38,14,1,Threshold Charger,V1G,work,False,0.8558,0.999884,IDLE,0.0,0.85,0.0
3006,39,15,1,Threshold Charger,V1G,work,False,0.8558,0.999881,IDLE,0.0,0.85,0.0
3006,40,16,1,Threshold Charger,V1G,work,False,0.8558,0.999879,IDLE,0.0,0.85,0.0
3006,41,17,1,Threshold Charger,V1G,driving,False,0.8262,0.999876,DRIVING,0.0,1.69,0.0
3006,42,18,1,Threshold Charger,V1G,home,False,0.8262,0.999874,IDLE,0.0,1.69,0.0
3006,43,19,1,Threshold Charger,V1G,home,False,0.8262,0.999871,IDLE,0.0,1.69,0.0
3006,44,20,1,Threshold Charger,V1G,home,False,0.8262,0.999869,IDLE,0.0,1.69,0.0
3006,45,21,1,Threshold Charger,V1G,home,False,0.8262,0.999866,IDLE,0.0,1.69,0.0
3006,46,22,1,Threshold Charger,V1G,home,False,0.8262,0.999864,IDLE,0.0,1.69,0.0
3006,47,23,1,Threshold Charger,V1G,home,False,0.8262,0.999861,IDLE,0.0,0.53,0.0
3006,48,0,2,Threshold Charger,V1G,home,False,0.8262,0.999858,IDLE,0.0,0.53,0.0
3006,49,1,2,Threshold Charger,V1G,home,False,0.8262,0.999856,IDLE,0.0,0.53,0.0
3006,50,2,2,Threshold Charger,V1G,home,False,0.8262,0.999853,IDLE,0.0,0.53,0.0
3006,51,3,2,Threshold Charger,V1G,home,False,0.8262,0.999851,IDLE,0.0,0.53,0.0
3006,52,4,2,Threshold Charger,V1G,home,False,0.8262,0.999848,IDLE,0.0,0.53,0.0
3006,53,5,2,Threshold Charger,V1G,home,False,0.8262,0.999846,IDLE,0.0,0.53,0.0
3006,54,6,2,Threshold Charger,V1G,home,False,0.8262,0.999843,IDLE,0.0,0.53,0.0
3006,55,7,2,Threshold Charger,V1G,home,False,0.8262,0.999841,IDLE,0.0,0.85,0.0
3006,56,8,2,Threshold Charger,V1G,driving,False,0.785,0.999838,DRIVING,0.0,0.85,0.0
3006,57,9,2,Threshold Charger,V1G,work,False,0.785,0.999836,IDLE,0.0,0.85,0.0
3006,58,10,2,Threshold Charger,V1G,work,False,0.785,0.999833,IDLE,0.0,0.85,0.0
3006,59,11,2,Threshold Charger,V1G,work,False,0.785,0.999831,IDLE,0.0,0.85,0.0
3006,60,12,2,Threshold Charger,V1G,work,False,0.785,0.999828,IDLE,0.0,0.85,0.0
3006,61,13,2,Threshold Charger,V1G,work,False,0.785,0.999826,IDLE,0.0,0.85,0.0
3006,62,14,2,Threshold Charger,V1G,work,False,0.785,0.999823,IDLE,0.0,0.85,0.0
3006,63,15,2,Threshold Charger,V1G,work,False,0.785,0.999821,IDLE,0.0,0.85,0.0
3006,64,16,2,Threshold Charger,V1G,work,False,0.785,0.999818,IDLE,0.0,0.85,0.0
3006,65,17,2,Threshold Charger,V1G,driving,False,0.7437,0.999816,DRIVING,0.0,1.69,0.0
3006,66,18,2,Threshold Charger,V1G,home,False,0.7437,0.999813,IDLE,0.0,1.69,0.0
3006,67,19,2,Threshold Charger,V1G,home,False,0.7437,0.999811,IDLE,0.0,1.69,0.0
3006,68,20,2,Threshold Charger,V1G,home,False,0.7437,0.999808,IDLE,0.0,1.69,0.0
3006,69,21,2,Threshold Charger,V1G,home,False,0.7437,0.999806,IDLE,0.0,1.69,0.0
3006,70,22,2,Threshold Charger,V1G,home,False,0.7437,0.999804,IDLE,0.0,1.69,0.0
3006,71,23,2,Threshold Charger,V1G,home,False,0.7437,0.999801,IDLE,0.0,0.53,0.0
3006,72,0,3,Threshold Charger,V1G,home,False,0.7437,0.999799,IDLE,0.0,0.53,0.0
3006,73,1,3,Threshold Charger,V1G,home,False,0.7437,0.999796,IDLE,0.0,0.53,0.0
3006,74,2,3,Threshold Charger,V1G,home,False,0.7437,0.999794,IDLE,0.0,0.53,0.0
3006,75,3,3,Threshold Charger,V1G,home,False,0.7437,0.999791,IDLE,0.0,0.53,0.0
3006,76,4,3,Threshold Charger,V1G,home,False,0.7437,0.999789,IDLE,0.0,0.53,0.0
3006,77,5,3,Threshold Charger,V1G,home,False,0.7437,0.999786,IDLE,0.0,0.53,0.0
3006,78,6,3,Threshold Charger,V1G,home,False,0.7437,0.999784,IDLE,0.0,0.53,0.0
3006,79,7,3,Threshold Charger,V1G,home,False,0.7437,0.999782,IDLE,0.0,0.85,0.0
3006,80,8,3,Threshold Charger,V1G,driving,False,0.6994,0.999779,DRIVING,0.0,0.85,0.0
3006,81,9,3,Threshold Charger,V1G,work,False,0.6994,0.999777,IDLE,0.0,0.85,0.0
3006,82,10,3,Threshold Charger,V1G,work,False,0.6994,0.999774,IDLE,0.0,0.85,0.0
3006,83,11,3,Threshold Charger,V1G,work,False,0.6994,0.999772,IDLE,0.0,0.85,0.0
3006,84,12,3,Threshold Charger,V1G,work,False,0.6994,0.99977,IDLE,0.0,0.85,0.0
3006,85,13,3,Threshold Charger,V1G,work,False,0.6994,0.999767,IDLE,0.0,0.85,0.0
3006,86,14,3,Threshold Charger,V1G,work,False,0.6994,0.999765,IDLE,0.0,0.85,0.0
3006,87,15,3,Threshold Charger,V1G,work,False,0.6994,0.999762,IDLE,0.0,0.85,0.0
3006,88,16,3,Threshold Charger,V1G,work,False,0.6994,0.99976,IDLE,0.0,0.85,0.0
3006,89,17,3,Threshold Charger,V1G,driving,False,0.6552,0.999758,DRIVING,0.0,1.69,0.0
3006,90,18,3,Threshold Charger,V1G,home,False,0.6552,0.999755,IDLE,0.0,1.69,0.0
3006,91,19,3,Threshold Charger,V1G,home,False,0.6552,0.999753,IDLE,0.0,1.69,0.0
3006,92,20,3,Threshold Charger,V1G,home,False,0.6552,0.999751,IDLE,0.0,1.69,0.0
3006,93,21,3,Threshold Charger,V1G,home,False,0.6552,0.999748,IDLE,0.0,1.69,0.0
3006,94,22,3,Threshold Charger,V1G,home,False,0.6552,0.999746,IDLE,0.0,1.69,0.0
3006,95,23,3,Threshold Charger,V1G,home,False,0.6552,0.999744,IDLE,0.0,0.53,0.0
3006,96,0,4,Threshold Charger,V1G,home,False,0.6552,0.999741,IDLE,0.0,0.53,0.0
3006,97,1,4,Threshold Charger,V1G,home,False,0.6552,0.999739,IDLE,0.0,0.53,0.0
3006,98,2,4,Threshold Charger,V1G,home,False,0.6552,0.999736,IDLE,0.0,0.53,0.0
3006,99,3,4,Threshold Charger,V1G,home,False,0.6552,0.999734,IDLE,0.0,0.53,0.0
3006,100,4,4,Threshold Charger,V1G,home,False,0.6552,0.999732,IDLE,0.0,0.53,0.0
3006,101,5,4,Threshold Charger,V1G,home,False,0.6552,0.999729,IDLE,0.0,0.53,0.0
3006,102,6,4,Threshold Charger,V1G,home,False,0.6552,0.999727,IDLE,0.0,0.53,0.0
3006,103,7,4,Threshold Charger,V1G,home,False,0.6552,0.999725,IDLE,0.0,0.85,0.0
3006,104,8,4,Threshold Charger,V1G,driving,False,0.6309,0.999722,DRIVING,0.0,0.85,0.0
3006,105,9,4,Threshold Charger,V1G,work,False,0.6309,0.99972,IDLE,0.0,0.85,0.0
3006,106,10,4,Threshold Charger,V1G,work,False,0.6309,0.999718,IDLE,0.0,0.85,0.0
3006,107,11,4,Threshold Charger,V1G,work,False,0.6309,0.999715,IDLE,0.0,0.85,0.0
3006,108,12,4,Threshold Charger,V1G,work,False,0.6309,0.999713,IDLE,0.0,0.85,0.0
3006,109,13,4,Threshold Charger,V1G,work,False,0.6309,0.999711,IDLE,0.0,0.85,0.0
3006,110,14,4,Threshold Charger,V1G,work,False,0.6309,0.999709,IDLE,0.0,0.85,0.0
3006,111,15,4,Threshold Charger,V1G,work,False,0.6309,0.999706,IDLE,0.0,0.85,0.0
3006,112,16,4,Threshold Charger,V1G,work,False,0.6309,0.999704,IDLE,0.0,0.85,0.0
3006,113,17,4,Threshold Charger,V1G,driving,False,0.6067,0.999702,DRIVING,0.0,1.69,0.0
3006,114,18,4,Threshold Charger,V1G,home,False,0.6067,0.999699,IDLE,0.0,1.69,0.0
3006,115,19,4,Threshold Charger,V1G,home,False,0.6067,0.999697,IDLE,0.0,1.69,0.0
3006,116,20,4,Threshold Charger,V1G,home,False,0.6067,0.999695,IDLE,0.0,1.69,0.0
3006,117,21,4,Threshold Charger,V1G,home,False,0.6067,0.999692,IDLE,0.0,1.69,0.0
3006,118,22,4,Threshold Charger,V1G,home,False,0.6067,0.99969,IDLE,0.0,1.69,0.0
3006,119,23,4,Threshold Charger,V1G,home,False,0.6067,0.999688,IDLE,0.0,0.53,0.0
3006,120,0,5,Threshold Charger,V1G,home,False,0.6067,0.999686,IDLE,0.0,0.53,0.0
3006,121,1,5,Threshold Charger,V1G,home,False,0.6067,0.999683,IDLE,0.0,0.53,0.0
3006,122,2,5,Threshold Charger,V1G,home,False,0.6067,0.999681,IDLE,0.0,0.53,0.0
3006,123,3,5,Threshold Charger,V1G,home,False,0.6067,0.999679,IDLE,0.0,0.53,0.0
3006,124,4,5,Threshold Charger,V1G,home,False,0.6067,0.999676,IDLE,0.0,0.53,0.0
3006,125,5,5,Threshold Charger,V1G,home,False,0.6067,0.999674,IDLE,0.0,0.53,0.0
3006,126,6,5,Threshold Charger,V1G,home,False,0.6067,0.999672,IDLE,0.0,0.53,0.0
3006,127,7,5,Threshold Charger,V1G,home,False,0.6067,0.99967,IDLE,0.0,0.85,0.0
3006,128,8,5,Threshold Charger,V1G,home,False,0.6067,0.999667,IDLE,0.0,0.85,0.0
3006,129,9,5,Threshold Charger,V1G,home,False,0.6067,0.999665,IDLE,0.0,0.85,0.0
3006,130,10,5,Threshold Charger,V1G,home,False,0.6067,0.999663,IDLE,0.0,0.85,0.0
3006,131,11,5,Threshold Charger,V1G,driving,False,0.5908,0.99966,DRIVING,0.0,0.85,0.0
3006,132,12,5,Threshold Charger,V1G,work,False,0.5908,0.999658,IDLE,0.0,0.85,0.0
3006,133,13,5,Threshold Charger,V1G,work,False,0.5908,0.999656,IDLE,0.0,0.85,0.0
3006,134,14,5,Threshold Charger,V1G,work,False,0.5908,0.999654,IDLE,0.0,0.85,0.0
3006,135,15,5,Threshold Charger,V1G,work,False,0.5908,0.999651,IDLE,0.0,0.85,0.0
3006,136,16,5,Threshold Charger,V1G,driving,False,0.5749,0.999649,DRIVING,0.0,0.85,0.0
3006,137,17,5,Threshold Charger,V1G,home,False,0.5749,0.999647,IDLE,0.0,1.69,0.0
3006,138,18,5,Threshold Charger,V1G,home,False,0.5749,0.999645,IDLE,0.0,1.69,0.0
3006,139,19,5,Threshold Charger,V1G,home,False,0.5749,0.999642,IDLE,0.0,1.69,0.0
3006,140,20,5,Threshold Charger,V1G,home,False,0.5749,0.99964,IDLE,0.0,1.69,0.0
3006,141,21,5,Threshold Charger,V1G,home,False,0.5749,0.999638,IDLE,0.0,1.69,0.0
3006,142,22,5,Threshold Charger,V1G,home,False,0.5749,0.999636,IDLE,0.0,1.69,0.0
3006,143,23,5,Threshold Charger,V1G,home,False,0.5749,0.999633,IDLE,0.0,0.53,0.0
3006,144,0,6,Threshold Charger,V1G,home,False,0.5749,0.999631,IDLE,0.0,0.53,0.0
3006,145,1,6,Threshold Charger,V1G,home,False,0.5749,0.999629,IDLE,0.0,0.53,0.0
3006,146,2,6,Threshold Charger,V1G,home,False,0.5749,0.999626,IDLE,0.0,0.53,0.0
3006,147,3,6,Threshold Charger,V1G,home,False,0.5749,0.999624,IDLE,0.0,0.53,0.0
3006,148,4,6,Threshold Charger,V1G,home,False,0.5749,0.999622,IDLE,0.0,0.53,0.0
3006,149,5,6,Threshold Charger,V1G,home,False,0.5749,0.99962,IDLE,0.0,0.53,0.0
3006,150,6,6,Threshold Charger,V1G,home,False,0.5749,0.999617,IDLE,0.0,0.53,0.0
3006,151,7,6,Threshold Charger,V1G,home,False,0.5749,0.999615,IDLE,0.0,0.85,0.0
3006,152,8,6,Threshold Charger,V1G,home,False,0.5749,0.999613,IDLE,0.0,0.85,0.0
3006,153,9,6,Threshold Charger,V1G,home,False,0.5749,0.999611,IDLE,0.0,0.85,0.0
3006,154,10,6,Threshold Charger,V1G,home,False,0.5749,0.999608,IDLE,0.0,0.85,0.0
3006,155,11,6,Threshold Charger,V1G,driving,False,0.5581,0.999606,DRIVING,0.0,0.85,0.0
3006,156,12,6,Threshold Charger,V1G,work,False,0.5581,0.999604,IDLE,0.0,0.85,0.0
3006,157,13,6,Threshold Charger,V1G,work,False,0.5581,0.999602,IDLE,0.0,0.85,0.0
3006,158,14,6,Threshold Charger,V1G,work,False,0.5581,0.9996,IDLE,0.0,0.85,0.0
3006,159,15,6,Threshold Charger,V1G,work,False,0.5581,0.999597,IDLE,0.0,0.85,0.0
3006,160,16,6,Threshold Charger,V1G,driving,False,0.5412,0.999595,DRIVING,0.0,0.85,0.0
3006,161,17,6,Threshold Charger,V1G,home,False,0.5412,0.999593,IDLE,0.0,1.69,0.0
3006,162,18,6,Threshold Charger,V1G,home,False,0.5412,0.999591,IDLE,0.0,1.69,0.0
3006,163,19,6,Threshold Charger,V1G,home,False,0.5412,0.999588,IDLE,0.0,1.69,0.0
3006,164,20,6,Threshold Charger,V1G,home,False,0.5412,0.999586,IDLE,0.0,1.69,0.0
3006,165,21,6,Threshold Charger,V1G,home,False,0.5412,0.999584,IDLE,0.0,1.69,0.0
3006,166,22,6,Threshold Charger,V1G,home,False,0.5412,0.999582,IDLE,0.0,1.69,0.0
3006,167,23,6,Threshold Charger,V1G,home,False,0.5412,0.99958,IDLE,0.0,0.53,0.0
3007,0,0,0,Threshold Charger,V1G,home,False,0.5,0.999998,IDLE,0.0,0.53,0.0
3007,1,1,0,Threshold Charger,V1G,home,False,0.5,0.999996,IDLE,0.0,0.53,0.0
3007,2,2,0,Threshold Charger,V1G,home,False,0.5,0.999993,IDLE,0.0,0.53,0.0
3007,3,3,0,Threshold Charger,V1G,home,False,0.5,0.999991,IDLE,0.0,0.53,0.0
3007,4,4,0,Threshold Charger,V1G,home,False,0.5,0.999989,IDLE,0.0,0.53,0.0
3007,5,5,0,Threshold Charger,V1G,home,False,0.5,0.999987,IDLE,0.0,0.53,0.0
3007,6,6,0,Threshold Charger,V1G,home,False,0.5,0.999985,IDLE,0.0,0.53,0.0
3007,7,7,0,Threshold Charger,V1G,home,False,0.5,0.999983,IDLE,0.0,0.85,0.0
3007,8,8,0,Threshold Charger,V1G,driving,False,0.4384,0.999981,DRIVING,0.0,0.85,0.0
3007,9,9,0,Threshold Charger,V1G,work,False,0.4384,0.999978,IDLE,0.0,0.85,0.0
3007,10,10,0,Threshold Charger,V1G,work,False,0.4384,0.999976,IDLE,0.0,0.85,0.0
3007,11,11,0,Threshold Charger,V1G,work,False,0.4384,0.999974,IDLE,0.0,0.85,0.0
3007,12,12,0,Threshold Charger,V1G,work,False,0.4384,0.999972,IDLE,0.0,0.85,0.0
3007,13,13,0,Threshold Charger,V1G,work,False,0.4384,0.99997,IDLE,0.0,0.85,0.0
3007,14,14,0,Threshold Charger,V1G,work,False,0.4384,0.999968,IDLE,0.0,0.85,0.0
3007,15,15,0,Threshold Charger,V1G,work,False,0.4384,0.999966,IDLE,0.0,0.85,0.0
3007,16,16,0,Threshold Charger,V1G,work,False,0.4384,0.999964,IDLE,0.0,0.85,0.0
3007,17,17,0,Threshold Charger,V1G,work,False,0.4384,0.999962,IDLE,0.0,1.69,0.0
3007,18,18,0,Threshold Charger,V1G,driving,False,0.3767,0.99996,DRIVING,0.0,1.69,0.0
3007,19,19,0,Threshold Charger,V1G,home,True,0.3767,0.999958,IDLE,0.0,1.69,0.0
3007,20,20,0,Threshold Charger,V1G,home,True,0.3767,0.999956,IDLE,0.0,1.69,0.0
3007,21,21,0,Threshold Charger,V1G,home,True,0.3767,0.999954,IDLE,0.0,1.69,0.0
3007,22,22,0,Threshold Charger,V1G,home,True,0.3767,0.999952,IDLE,0.0,1.69,0.0
3007,23,23,0,Threshold Charger,V1G,home,True,0.4876,0.999943,CHARGE,7.0,0.53,3.71
3007,24,0,1,Threshold Charger,V1G,home,True,0.5984,0.999934,CHARGE,7.0,0.53,3.71
3007,25,1,1,Threshold Charger,V1G,home,True,0.7092,0.999925,CHARGE,7.0,0.53,3.71
3007,26,2,1,Threshold Charger,V1G,home,True,0.8201,0.999916,CHARGE,7.0,0.53,3.71
3007,27,3,1,Threshold Charger,V1G,home,True,0.9309,0.999907,CHARGE,7.0,0.53,3.71
3007,28,4,1,Threshold Charger,V1G,home,False,0.9309,0.999904,IDLE,0.0,0.53,0.0
3007,29,5,1,Threshold Charger,V1G,home,False,0.9309,0.999901,IDLE,0.0,0.53,0.0
3007,30,6,1,Threshold Charger,V1G,home,False,0.9309,0.999899,IDLE,0.0,0.53,0.0
3007,31,7,1,Threshold Charger,V1G,home,False,0.9309,0.999896,IDLE,0.0,0.85,0.0
3007,32,8,1,Threshold Charger,V1G,driving,False,0.8941,0.999894,DRIVING,0.0,0.85,0.0
3007,33,9,1,Threshold Charger,V1G,work,False,0.8941,0.999891,IDLE,0.0,0.85,0.0
3007,34,10,1,Threshold Charger,V1G,work,False,0.8941,0.999888,IDLE,0.0,0.85,0.0
3007,35,11,1,Threshold Charger,V1G,work,False,0.8941,0.999886,IDLE,0.0,0.85,0.0
3007,36,12,1,Threshold Charger,V1G,work,False,0.8941,0.999883,IDLE,0.0,0.85,0.0
3007,37,13,1,Threshold Charger,V1G,work,False,0.8941,0.99988,IDLE,0.0,0.85,0.0
3007,38,14,1,Threshold Charger,V1G,work,False,0.8941,0.999878,IDLE,0.0,0.85,0.0
3007,39,15,1,Threshold Charger,V1G,work,False,0.8941,0.999875,IDLE,0.0,0.85,0.0
3007,40,16,1,Threshold Charger,V1G,work,False,0.8941,0.999873,IDLE,0.0,0.85,0.0
3007,41,17,1,Threshold Charger,V1G,work,False,0.8941,0.99987,IDLE,0.0,1.69,0.0
3007,42,18,1,Threshold Charger,V1G,driving,False,0.8573,0.999867,DRIVING,0.0,1.69,0.0
3007,43,19,1,Threshold Charger,V1G,home,False,0.8573,0.999865,IDLE,0.0,1.69,0.0
3007,44,20,1,Threshold Charger,V1G,home,False,0.8573,0.999862,IDLE,0.0,1.69,0.0
3007,45,21,1,Threshold Charger,V1G,home,False,0.8573,0.99986,IDLE,0.0,1.69,0.0
3007,46,22,1,Threshold Charger,V1G,home,False,0.8573,0.999857,IDLE,0.0,1.69,0.0
3007,47,23,1,Threshold Charger,V1G,home,False,0.8573,0.999855,IDLE,0.0,0.53,0.0
3007,48,0,2,Threshold Charger,V1G,home,False,0.8573,0.999852,IDLE,0.0,0.53,0.0
3007,49,1,2,Threshold Charger,V1G,home,False,0.8573,0.999849,IDLE,0.0,0.53,0.0
3007,50,2,2,Threshold Charger,V1G,home,False,0.8573,0.999847,IDLE,0.0,0.53,0.0
3007,51,3,2,Threshold Charger,V1G,home,False,0.8573,0.999844,IDLE,0.0,0.53,0.0
3007,52,4,2,Threshold Charger,V1G,home,False,0.8573,0.999842,IDLE,0.0,0.53,0.0
3007,53,5,2,Threshold Charger,V1G,home,False,0.8573,0.999839,IDLE,0.0,0.53,0.0
3007,54,6,2,Threshold Charger,V1G,home,False,0.8573,0.999836,IDLE,0.0,0.53,0.0
3007,55,7,2,Threshold Charger,V1G,home,False,0.8573,0.999834,IDLE,0.0,0.85,0.0
3007,56,8,2,Threshold Charger,V1G,driving,False,0.8178,0.999831,DRIVING,0.0,0.85,0.0
3007,57,9,2,Threshold Charger,V1G,work,False,0.8178,0.999829,IDLE,0.0,0.85,0.0
3007,58,10,2,Threshold Charger,V1G,work,False,0.8178,0.999826,IDLE,0.0,0.85,0.0
3007,59,11,2,Threshold Charger,V1G,work,False,0.8178,0.999824,IDLE,0.0,0.85,0.0
3007,60,12,2,Threshold Charger,V1G,work,False,0.8178,0.999821,IDLE,0.0,0.85,0.0
3007,61,13,2,Threshold Charger,V1G,work,False,0.8178,0.999819,IDLE,0.0,0.85,0.0
3007,62,14,2,Threshold Charger,V1G,work,False,0.8178,0.999816,IDLE,0.0,0.85,0.0
3007,63,15,2,Threshold Charger,V1G,work,False,0.8178,0.999814,IDLE,0.0,0.85,0.0
3007,64,16,2,Threshold Charger,V1G,work,False,0.8178,0.999811,IDLE,0.0,0.85,0.0
3007,65,17,2,Threshold Charger,V1G,work,False,0.8178,0.999809,IDLE,0.0,1.69,0.0
3007,66,18,2,Threshold Charger,V1G,driving,False,0.7782,0.999806,DRIVING,0.0,1.69,0.0
3007,67,19,2,Threshold Charger,V1G,home,False,0.7782,0.999804,IDLE,0.0,1.69,0.0
3007,68,20,2,Threshold Charger,V1G,home,False,0.7782,0.999801,IDLE,0.0,1.69,0.0
3007,69,21,2,Threshold Charger,V1G,home,False,0.7782,0.999799,IDLE,0.0,1.69,0.0
3007,70,22,2,Threshold Charger,V1G,home,False,0.7782,0.999796,IDLE,0.0,1.69,0.0
3007,71,23,2,Threshold Charger,V1G,home,False,0.7782,0.999794,IDLE,0.0,0.53,0.0
3007,72,0,3,Threshold Charger,V1G,home,False,0.7782,0.999791,IDLE,0.0,0.53,0.0
3007,73,1,3,Threshold Charger,V1G,home,False,0.7782,0.999789,IDLE,0.0,0.53,0.0
3007,74,2,3,Threshold Charger,V1G,home,False,0.7782,0.999786,IDLE,0.0,0.53,0.0
3007,75,3,3,Threshold Charger,V1G,home,False,0.7782,0.999784,IDLE,0.0,0.53,0.0
3007,76,4,3,Threshold Charger,V1G,home,False,0.7782,0.999781,IDLE,0.0,0.53,0.0
3007,77,5,3,Threshold Charger,V1G,home,False,0.7782,0.999779,IDLE,0.0,0.53,0.0
3007,78,6,3,Threshold Charger,V1G,home,False,0.7782,0.999776,IDLE,0.0,0.53,0.0
3007,79,7,3,Threshold Charger,V1G,home,False,0.7782,0.999774,IDLE,0.0,0.85,0.0
3007,80,8,3,Threshold Charger,V1G,driving,False,0.709,0.999771,DRIVING,0.0,0.85,0.0
3007,81,9,3,Threshold Charger,V1G,work,False,0.709,0.999769,IDLE,0.0,0.85,0.0
3007,82,10,3,Threshold Charger,V1G,work,False,0.709,0.999767,IDLE,0.0,0.85,0.0
3007,83,11,3,Threshold Charger,V1G,work,False,0.709,0.999764,IDLE,0.0,0.85,0.0
3007,84,12,3,Threshold Charger,V1G,work,False,0.709,0.999762,IDLE,0.0,0.85,0.0
3007,85,13,3,Threshold Charger,V1G,work,False,0.709,0.999759,IDLE,0.0,0.85,0.0
3007,86,14,3,Threshold Charger,V1G,work,False,0.709,0.999757,IDLE,0.0,0.85,0.0
3007,87,15,3,Threshold Charger,V1G,work,False,0.709,0.999755,IDLE,0.0,0.85,0.0
3007,88,16,3,Threshold Charger,V1G,work,False,0.709,0.999752,IDLE,0.0,0.85,0.0
3007,89,17,3,Threshold Charger,V1G,work,False,0.709,0.99975,IDLE,0.0,1.69,0.0
3007,90,18,3,Threshold Charger,V1G,driving,False,0.6399,0.999747,DRIVING,0.0,1.69,0.0
3007,91,19,3,Threshold Charger,V1G,home,False,0.6399,0.999745,IDLE,0.0,1.69,0.0
3007,92,20,3,Threshold Charger,V1G,home,False,0.6399,0.999743,IDLE,0.0,1.69,0.0
3007,93,21,3,Threshold Charger,V1G,home,False,0.6399,0.99974,IDLE,0.0,1.69,0.0
3007,94,22,3,Threshold Charger,V1G,home,False,0.6399,0.999738,IDLE,0.0,1.69,0.0
3007,95,23,3,Threshold Charger,V1G,home,False,0.6399,0.999736,IDLE,0.0,0.53,0.0
3007,96,0,4,Threshold Charger,V1G,home,False,0.6399,0.999733,IDLE,0.0,0.53,0.0
3007,97,1,4,Threshold Charger,V1G,home,False,0.6399,0.999731,IDLE,0.0,0.53,0.0
3007,98,2,4,Threshold Charger,V1G,home,False,0.6399,0.999729,IDLE,0.0,0.53,0.0
3007,99,3,4,Threshold Charger,V1G,home,False,0.6399,0.999726,IDLE,0.0,0.53,0.0
3007,100,4,4,Threshold Charger,V1G,home,False,0.6399,0.999724,IDLE,0.0,0.53,0.0
3007,101,5,4,Threshold Charger,V1G,home,False,0.6399,0.999722,IDLE,0.0,0.53,0.0
3007,102,6,4,Threshold Charger,V1G,home,False,0.6399,0.999719,IDLE,0.0,0.53,0.0
3007,103,7,4,Threshold Charger,V1G,home,False,0.6399,0.999717,IDLE,0.0,0.85,0.0
3007,104,8,4,Threshold Charger,V1G,driving,False,0.6029,0.999715,DRIVING,0.0,0.85,0.0
3007,105,9,4,Threshold Charger,V1G,work,False,0.6029,0.999713,IDLE,0.0,0.85,0.0
3007,106,10,4,Threshold Charger,V1G,work,False,0.6029,0.99971,IDLE,0.0,0.85,0.0
3007,107,11,4,Threshold Charger,V1G,work,False,0.6029,0.999708,IDLE,0.0,0.85,0.0
3007,108,12,4,Threshold Charger,V1G,work,False,0.6029,0.999706,IDLE,0.0,0.85,0.0
3007,109,13,4,Threshold Charger,V1G,work,False,0.6029,0.999703,IDLE,0.0,0.85,0.0
3007,110,14,4,Threshold Charger,V1G,work,False,0.6029,0.999701,IDLE,0.0,0.85,0.0
3007,111,15,4,Threshold Charger,V1G,work,False,0.6029,0.999699,IDLE,0.0,0.85,0.0
3007,112,16,4,Threshold Charger,V1G,work,False,0.6029,0.999697,IDLE,0.0,0.85,0.0
3007,113,17,4,Threshold Charger,V1G,work,False,0.6029,0.999694,IDLE,0.0,1.69,0.0
3007,114,18,4,Threshold Charger,V1G,driving,False,0.5659,0.999692,DRIVING,0.0,1.69,0.0
3007,115,19,4,Threshold Charger,V1G,home,False,0.5659,0.99969,IDLE,0.0,1.69,0.0
3007,116,20,4,Threshold Charger,V1G,home,False,0.5659,0.999688,IDLE,0.0,1.69,0.0
3007,117,21,4,Threshold Charger,V1G,home,False,0.5659,0.999685,IDLE,0.0,1.69,0.0
3007,118,22,4,Threshold Charger,V1G,home,False,0.5659,0.999683,IDLE,0.0,1.69,0.0
3007,119,23,4,Threshold Charger,V1G,home,False,0.5659,0.999681,IDLE,0.0,0.53,0.0
3007,120,0,5,Threshold Charger,V1G,home,False,0.5659,0.999679,IDLE,0.0,0.53,0.0
3007,121,1,5,Threshold Charger,V1G,home,False,0.5659,0.999676,IDLE,0.0,0.53,0.0
3007,122,2,5,Threshold Charger,V1G,home,False,0.5659,0.999674,IDLE,0.0,0.53,0.0
3007,123,3,5,Threshold Charger,V1G,home,False,0.5659,0.999672,IDLE,0.0,0.53,0.0
3007,124,4,5,Threshold Charger,V1G,home,False,0.5659,0.99967,IDLE,0.0,0.53,0.0
3007,125,5,5,Threshold Charger,V1G,home,False,0.5659,0.999667,IDLE,0.0,0.53,0.0
3007,126,6,5,Threshold Charger,V1G,home,False,0.5659,0.999665,IDLE,0.0,0.53,0.0
3007,127,7,5,Threshold Charger,V1G,home,False,0.5659,0.999663,IDLE,0.0,0.85,0.0
3007,128,8,5,Threshold Charger,V1G,home,False,0.5659,0.999661,IDLE,0.0,0.85,0.0
3007,129,9,5,Threshold Charger,V1G,home,False,0.5659,0.999658,IDLE,0.0,0.85,0.0
3007,130,10,5,Threshold Charger,V1G,home,False,0.5659,0.999656,IDLE,0.0,0.85,0.0
3007,131,11,5,Threshold Charger,V1G,driving,False,0.5515,0.999654,DRIVING,0.0,0.85,0.0
3007,132,12,5,Threshold Charger,V1G,work,False,0.5515,0.999652,IDLE,0.0,0.85,0.0
3007,133,13,5,Threshold Charger,V1G,work,False,0.5515,0.999649,IDLE,0.0,0.85,0.0
3007,134,14,5,Threshold Charger,V1G,work,False,0.5515,0.999647,IDLE,0.0,0.85,0.0
3007,135,15,5,Threshold Charger,V1G,work,False,0.5515,0.999645,IDLE,0.0,0.85,0.0
3007,136,16,5,Threshold Charger,V1G,driving,False,0.537,0.999643,DRIVING,0.0,0.85,0.0
3007,137,17,5,Threshold Charger,V1G,home,False,0.537,0.999641,IDLE,0.0,1.69,0.0
3007,138,18,5,Threshold Charger,V1G,home,False,0.537,0.999638,IDLE,0.0,1.69,0.0
3007,139,19,5,Threshold Charger,V1G,home,False,0.537,0.999636,IDLE,0.0,1.69,0.0
3007,140,20,5,Threshold Charger,V1G,home,False,0.537,0.999634,IDLE,0.0,1.69,0.0
3007,141,21,5,Threshold Charger,V1G,home,False,0.537,0.999632,IDLE,0.0,1.69,0.0
3007,142,22,5,Threshold Charger,V1G,home,False,0.537,0.999629,IDLE,0.0,1.69,0.0
3007,143,23,5,Threshold Charger,V1G,home,False,0.537,0.999627,IDLE,0.0,0.53,0.0
3007,144,0,6,Threshold Charger,V1G,home,False,0.537,0.999625,IDLE,0.0,0.53,0.0
3007,145,1,6,Threshold Charger,V1G,home,False,0.537,0.999623,IDLE,0.0,0.53,0.0
3007,146,2,6,Threshold Charger,V1G,home,False,0.537,0.999621,IDLE,0.0,0.53,0.0
3007,147,3,6,Threshold Charger,V1G,home,False,0.537,0.999618,IDLE,0.0,0.53,0.0
3007,148,4,6,Threshold Charger,V1G,home,False,0.537,0.999616,IDLE,0.0,0.53,0.0
3007,149,5,6,Threshold Charger,V1G,home,False,0.537,0.999614,IDLE,0.0,0.53,0.0
3007,150,6,6,Threshold Charger,V1G,home,False,0.537,0.999612,IDLE,0.0,0.53,0.0
3007,151,7,6,Threshold Charger,V1G,home,False,0.537,0.99961,IDLE,0.0,0.85,0.0
3007,152,8,6,Threshold Charger,V1G,home,False,0.537,0.999607,IDLE,0.0,0.85,0.0
3007,153,9,6,Threshold Charger,V1G,home,False,0.537,0.999605,IDLE,0.0,0.85,0.0
3007,154,10,6,Threshold Charger,V1G,home,False,0.537,0.999603,IDLE,0.0,0.85,0.0
3007,155,11,6,Threshold Charger,V1G,driving,False,0.5159,0.999601,DRIVING,0.0,0.85,0.0
3007,156,12,6,Threshold Charger,V1G,work,False,0.5159,0.999599,IDLE,0.0,0.85,0.0
3007,157,13,6,Threshold Charger,V1G,work,False,0.5159,0.999596,IDLE,0.0,0.85,0.0
3007,158,14,6,Threshold Charger,V1G,work,False,0.5159,0.999594,IDLE,0.0,0.85,0.0
3007,159,15,6,Threshold Charger,V1G,work,False,0.5159,0.999592,IDLE,0.0,0.85,0.0
3007,160,16,6,Threshold Charger,V1G,driving,False,0.4947,0.99959,DRIVING,0.0,0.85,0.0
3007,161,17,6,Threshold Charger,V1G,home,False,0.4947,0.999588,IDLE,0.0,1.69,0.0
3007,162,18,6,Threshold Charger,V1G,home,False,0.4947,0.999586,IDLE,0.0,1.69,0.0
3007,163,19,6,Threshold Charger,V1G,home,False,0.4947,0.999583,IDLE,0.0,1.69,0.0
3007,164,20,6,Threshold Charger,V1G,home,False,0.4947,0.999581,IDLE,0.0,1.69,0.0
3007,165,21,6,Threshold Charger,V1G,home,False,0.4947,0.999579,IDLE,0.0,1.69,0.0
3007,166,22,6,Threshold Charger,V1G,home,False,0.4947,0.999577,IDLE,0.0,1.69,0.0
3007,167,23,6,Threshold Charger,V1G,home,False,0.4947,0.999575,IDLE,0.0,0.53,0.0
3008,0,0,0,Threshold Charger,V1G,home,False,0.5,0.999998,IDLE,0.0,0.53,0.0
3008,1,1,0,Threshold Charger,V1G,home,False,0.5,0.999996,IDLE,0.0,0.53,0.0
3008,2,2,0,Threshold Charger,V1G,home,False,0.5,0.999993,IDLE,0.0,0.53,0.0
3008,3,3,0,Threshold Charger,V1G,home,False,0.5,0.999991,IDLE,0.0,0.53,0.0
3008,4,4,0,Threshold Charger,V1G,home,False,0.5,0.999989,IDLE,0.0,0.53,0.0
3008,5,5,0,Threshold Charger,V1G,home,False,0.5,0.999987,IDLE,0.0,0.53,0.0
3008,6,6,0,Threshold Charger,V1G,home,False,0.5,0.999985,IDLE,0.0,0.53,0.0
3008,7,7,0,Threshold Charger,V1G,home,False,0.5,0.999983,IDLE,0.0,0.85,0.0
3008,8,8,0,Threshold Charger,V1G,driving,False,0.4389,0.999981,DRIVING,0.0,0.85,0.0
3008,9,9,0,Threshold Charger,V1G,work,False,0.4389,0.999978,IDLE,0.0,0.85,0.0
3008,10,10,0,Threshold Charger,V1G,work,False,0.4389,0.999976,IDLE,0.0,0.85,0.0
3008,11,11,0,Threshold Charger,V1G,work,False,0.4389,0.999974,IDLE,0.0,0.85,0.0
3008,12,12,0,Threshold Charger,V1G,work,False,0.4389,0.999972,IDLE,0.0,0.85,0.0
3008,13,13,0,Threshold Charger,V1G,work,False,0.4389,0.99997,IDLE,0.0,0.85,0.0
3008,14,14,0,Threshold Charger,V1G,work,False,0.4389,0.999968,IDLE,0.0,0.85,0.0
3008,15,15,0,Threshold Charger,V1G,work,False,0.4389,0.999966,IDLE,0.0,0.85,0.0
3008,16,16,0,Threshold Charger,V1G,work,False,0.4389,0.999964,IDLE,0.0,0.85,0.0
3008,17,17,0,Threshold Charger,V1G,driving,False,0.3777,0.999962,DRIVING,0.0,1.69,0.0
3008,18,18,0,Threshold Charger,V1G,home,True,0.3777,0.99996,IDLE,0.0,1.69,0.0
3008,19,19,0,Threshold Charger,V1G,home,True,0.3777,0.999958,IDLE,0.0,1.69,0.0
3008,20,20,0,Threshold Charger,V1G,home,True,0.3777,0.999956,IDLE,0.0,1.69,0.0
3008,21,21,0,Threshold Charger,V1G,home,True,0.3777,0.999954,IDLE,0.0,1.69,0.0
3008,22,22,0,Threshold Charger,V1G,home,True,0.3777,0.999952,IDLE,0.0,1.69,0.0
3008,23,23,0,Threshold Charger,V1G,home,True,0.4886,0.999943,CHARGE,7.0,0.53,3.71
3008,24,0,1,Threshold Charger,V1G,home,True,0.5994,0.999934,CHARGE,7.0,0.53,3.71
3008,25,1,1,Threshold Charger,V1G,home,True,0.7103,0.999925,CHARGE,7.0,0.53,3.71
3008,26,2,1,Threshold Charger,V1G,home,True,0.8211,0.999916,CHARGE,7.0,0.53,3.71
3008,27,3,1,Threshold Charger,V1G,home,True,0.9319,0.999907,CHARGE,7.0,0.53,3.71
3008,28,4,1,Threshold Charger,V1G,home,False,0.9319,0.999904,IDLE,0.0,0.53,0.0
3008,29,5,1,Threshold Charger,V1G,home,False,0.9319,0.999902,IDLE,0.0,0.53,0.0
3008,30,6,1,Threshold Charger,V1G,home,False,0.9319,0.999899,IDLE,0.0,0.53,0.0
3008,31,7,1,Threshold Charger,V1G,home,False,0.9319,0.999896,IDLE,0.0,0.85,0.0
3008,32,8,1,Threshold Charger,V1G,driving,False,0.899,0.999894,DRIVING,0.0,0.85,0.0
3008,33,9,1,Threshold Charger,V1G,work,False,0.899,0.999891,IDLE,0.0,0.85,0.0
3008,34,10,1,Threshold Charger,V1G,work,False,0.899,0.999888,IDLE,0.0,0.85,0.0
3008,35,11,1,Threshold Charger,V1G,work,False,0.899,0.999886,IDLE,0.0,0.85,0.0
3008,36,12,1,Threshold Charger,V1G,work,False,0.899,0.999883,IDLE,0.0,0.85,0.0
3008,37,13,1,Threshold Charger,V1G,work,False,0.899,0.99988,IDLE,0.0,0.85,0.0
3008,38,14,1,Threshold Charger,V1G,work,False,0.899,0.999878,IDLE,0.0,0.85,0.0
3008,39,15,1,Threshold Charger,V1G,work,False,0.899,0.999875,IDLE,0.0,0.85,0.0
3008,40,16,1,Threshold Charger,V1G,work,False,0.899,0.999873,IDLE,0.0,0.85,0.0
3008,41,17,1,Threshold Charger,V1G,driving,False,0.8661,0.99987,DRIVING,0.0,1.69,0.0
3008,42,18,1,Threshold Charger,V1G,home,False,0.8661,0.999867,IDLE,0.0,1.69,0.0
3008,43,19,1,Threshold Charger,V1G,home,False,0.8661,0.999865,IDLE,0.0,1.69,0.0
3008,44,20,1,Threshold Charger,V1G,home,False,0.8661,0.999862,IDLE,0.0,1.69,0.0
3008,45,21,1,Threshold Charger,V1G,home,False,0.8661,0.99986,IDLE,0.0,1.69,0.0
3008,46,22,1,Threshold Charger,V1G,home,False,0.8661,0.999857,IDLE,0.0,1.69,0.0
3008,47,23,1,Threshold Charger,V1G,home,False,0.8661,0.999854,IDLE,0.0,0.53,0.0
3008,48,0,2,Threshold Charger,V1G,home,False,0.8661,0.999852,IDLE,0.0,0.53,0.0
3008,49,1,2,Threshold Charger,V1G,home,False,0.8661,0.999849,IDLE,0.0,0.53,0.0
3008,50,2,2,Threshold Charger,V1G,home,False,0.8661,0.999847,IDLE,0.0,0.53,0.0
3008,51,3,2,Threshold Charger,V1G,home,False,0.8661,0.999844,IDLE,0.0,0.53,0.0
3008,52,4,2,Threshold Charger,V1G,home,False,0.8661,0.999842,IDLE,0.0,0.53,0.0
3008,53,5,2,Threshold Charger,V1G,home,False,0.8661,0.999839,IDLE,0.0,0.53,0.0
3008,54,6,2,Threshold Charger,V1G,home,False,0.8661,0.999836,IDLE,0.0,0.53,0.0
3008,55,7,2,Threshold Charger,V1G,home,False,0.8661,0.999834,IDLE,0.0,0.85,0.0
3008,56,8,2,Threshold Charger,V1G,driving,False,0.8214,0.999831,DRIVING,0.0,0.85,0.0
3008,57,9,2,Threshold Charger,V1G,work,False,0.8214,0.999829,IDLE,0.0,0.85,0.0
3008,58,10,2,Threshold Charger,V1G,work,False,0.8214,0.999826,IDLE,0.0,0.85,0.0
3008,59,11,2,Threshold Charger,V1G,work,False,0.8214,0.999824,IDLE,0.0,0.85,0.0
3008,60,12,2,Threshold Charger,V1G,work,False,0.8214,0.999821,IDLE,0.0,0.85,0.0
3008,61,13,2,Threshold Charger,V1G,work,False,0.8214,0.999819,IDLE,0.0,0.85,0.0
3008,62,14,2,Threshold Charger,V1G,work,False,0.8214,0.999816,IDLE,0.0,0.85,0.0
3008,63,15,2,Threshold Charger,V1G,work,False,0.8214,0.999814,IDLE,0.0,0.85,0.0
3008,64,16,2,Threshold Charger,V1G,work,False,0.8214,0.999811,IDLE,0.0,0.85,0.0
3008,65,17,2,Threshold Charger,V1G,driving,False,0.7767,0.999808,DRIVING,0.0,1.69,0.0
3008,66,18,2,Threshold Charger,V1G,home,False,0.7767,0.999806,IDLE,0.0,1.69,0.0
3008,67,19,2,Threshold Charger,V1G,home,False,0.7767,0.999804,IDLE,0.0,1.69,0.0
3008,68,20,2,Threshold Charger,V1G,home,False,0.7767,0.999801,IDLE,0.0,1.69,0.0
3008,69,21,2,Threshold Charger,V1G,home,False,0.7767,0.999799,IDLE,0.0,1.69,0.0
3008,70,22,2,Threshold Charger,V1G,home,False,0.7767,0.999796,IDLE,0.0,1.69,0.0
3008,71,23,2,Threshold Charger,V1G,home,False,0.7767,0.999794,IDLE,0.0,0.53,0.0
3008,72,0,3,Threshold Charger,V1G,home,False,0.7767,0.999791,IDLE,0.0,0.53,0.0
3008,73,1,3,Threshold Charger,V1G,home,False,0.7767,0.999789,IDLE,0.0,0.53,0.0
3008,74,2,3,Threshold Charger,V1G,home,False,0.7767,0.999786,IDLE,0.0,0.53,0.0
3008,75,3,3,Threshold Charger,V1G,home,False,0.7767,0.999784,IDLE,0.0,0.53,0.0
3008,76,4,3,Threshold Charger,V1G,home,False,0.7767,0.999781,IDLE,0.0,0.53,0.0
3008,77,5,3,Threshold Charger,V1G,home,False,0.7767,0.999779,IDLE,0.0,0.53,0.0
3008,78,6,3,Threshold Charger,V1G,home,False,0.7767,0.999776,IDLE,0.0,0.53,0.0
3008,79,7,3,Threshold Charger,V1G,home,False,0.7767,0.999774,IDLE,0.0,0.85,0.0
3008,80,8,3,Threshold Charger,V1G,home,False,0.7767,0.999771,IDLE,0.0,0.85,0.0
3008,81,9,3,Threshold Charger,V1G,home,False,0.7767,0.999769,IDLE,0.0,0.85,0.0
3008,82,10,3,Threshold Charger,V1G,home,False,0.7767,0.999766,IDLE,0.0,0.85,0.0
3008,83,11,3,Threshold Charger,V1G,home,False,0.7767,0.999764,IDLE,0.0,0.85,0.0
3008,84,12,3,Threshold Charger,V1G,home,False,0.7767,0.999761,IDLE,0.0,0.85,0.0
3008,85,13,3,Threshold Charger,V1G,home,False,0.7767,0.999759,IDLE,0.0,0.85,0.0
3008,86,14,3,Threshold Charger,V1G,home,False,0.7767,0.999756,IDLE,0.0,0.85,0.0
3008,87,15,3,Threshold Charger,V1G,home,False,0.7767,0.999754,IDLE,0.0,0.85,0.0
3008,88,16,3,Threshold Charger,V1G,home,False,0.7767,0.999751,IDLE,0.0,0.85,0.0
3008,89,17,3,Threshold Charger,V1G,home,False,0.7767,0.999749,IDLE,0.0,1.69,0.0
3008,90,18,3,Threshold Charger,V1G,home,False,0.7767,0.999746,IDLE,0.0,1.69,0.0
3008,91,19,3,Threshold Charger,V1G,home,False,0.7767,0.999744,IDLE,0.0,1.69,0.0
3008,92,20,3,Threshold Charger,V1G,home,False,0.7767,0.999741,IDLE,0.0,1.69,0.0
3008,93,21,3,Threshold Charger,V1G,home,False,0.7767,0.999739,IDLE,0.0,1.69,0.0
3008,94,22,3,Threshold Charger,V1G,home,False,0.7767,0.999736,IDLE,0.0,1.69,0.0
3008,95,23,3,Threshold Charger,V1G,home,False,0.7767,0.999734,IDLE,0.0,0.53,0.0
3008,96,0,4,Threshold Charger,V1G,home,False,0.7767,0.999731,IDLE,0.0,0.53,0.0
3008,97,1,4,Threshold Charger,V1G,home,False,0.7767,0.999729,IDLE,0.0,0.53,0.0
3008,98,2,4,Threshold Charger,V1G,home,False,0.7767,0.999726,IDLE,0.0,0.53,0.0
3008,99,3,4,Threshold Charger,V1G,home,False,0.7767,0.999724,IDLE,0.0,0.53,0.0
3008,100,4,4,Threshold Charger,V1G,home,False,0.7767,0.999722,IDLE,0.0,0.53,0.0
3008,101,5,4,Threshold Charger,V1G,home,False,0.7767,0.999719,IDLE,0.0,0.53,0.0
3008,102,6,4,Threshold Charger,V1G,home,False,0.7767,0.999717,IDLE,0.0,0.53,0.0
3008,103,7,4,Threshold Charger,V1G,home,False,0.7767,0.999714,IDLE,0.0,0.85,0.0
3008,104,8,4,Threshold Charger,V1G,driving,False,0.7547,0.999712,DRIVING,0.0,0.85,0.0
3008,105,9,4,Threshold Charger,V1G,work,False,0.7547,0.999709,IDLE,0.0,0.85,0.0
3008,106,10,4,Threshold Charger,V1G,work,False,0.7547,0.999707,IDLE,0.0,0.85,0.0
3008,107,11,4,Threshold Charger,V1G,work,False,0.7547,0.999704,IDLE,0.0,0.85,0.0
3008,108,12,4,Threshold Charger,V1G,work,False,0.7547,0.999702,IDLE,0.0,0.85,0.0
3008,109,13,4,Threshold Charger,V1G,work,False,0.7547,0.999699,IDLE,0.0,0.85,0.0
3008,110,14,4,Threshold Charger,V1G,work,False,0.7547,0.999697,IDLE,0.0,0.85,0.0
3008,111,15,4,Threshold Charger,V1G,work,False,0.7547,0.999694,IDLE,0.0,0.85,0.0
3008,112,16,4,Threshold Charger,V1G,work,False,0.7547,0.999692,IDLE,0.0,0.85,0.0
3008,113,17,4,Threshold Charger,V1G,driving,False,0.7327,0.999689,DRIVING,0.0,1.69,0.0
3008,114,18,4,Threshold Charger,V1G,home,False,0.7327,0.999687,IDLE,0.0,1.69,0.0
3008,115,19,4,Threshold Charger,V1G,home,False,0.7327,0.999685,IDLE,0.0,1.69,0.0
3008,116,20,4,Threshold Charger,V1G,home,False,0.7327,0.999682,IDLE,0.0,1.69,0.0
3008,117,21,4,Threshold Charger,V1G,home,False,0.7327,0.99968,IDLE,0.0,1.69,0.0
3008,118,22,4,Threshold Charger,V1G,home,False,0.7327,0.999677,IDLE,0.0,1.69,0.0
3008,119,23,4,Threshold Charger,V1G,home,False,0.7327,0.999675,IDLE,0.0,0.53,0.0
3008,120,0,5,Threshold Charger,V1G,home,False,0.7327,0.999672,IDLE,0.0,0.53,0.0
3008,121,1,5,Threshold Charger,V1G,home,False,0.7327,0.99967,IDLE,0.0,0.53,0.0
3008,122,2,5,Threshold Charger,V1G,home,False,0.7327,0.999668,IDLE,0.0,0.53,0.0
3008,123,3,5,Threshold Charger,V1G,home,False,0.7327,0.999665,IDLE,0.0,0.53,0.0
3008,124,4,5,Threshold Charger,V1G,home,False,0.7327,0.999663,IDLE,0.0,0.53,0.0
3008,125,5,5,Threshold Charger,V1G,home,False,0.7327,0.99966,IDLE,0.0,0.53,0.0
3008,126,6,5,Threshold Charger,V1G,home,False,0.7327,0.999658,IDLE,0.0,0.53,0.0
3008,127,7,5,Threshold Charger,V1G,home,False,0.7327,0.999655,IDLE,0.0,0.85,0.0
3008,128,8,5,Threshold Charger,V1G,home,False,0.7327,0.999653,IDLE,0.0,0.85,0.0
3008,129,9,5,Threshold Charger,V1G,home,False,0.7327,0.999651,IDLE,0.0,0.85,0.0
3008,130,10,5,Threshold Charger,V1G,home,False,0.7327,0.999648,IDLE,0.0,0.85,0.0
3008,131,11,5,Threshold Charger,V1G,driving,False,0.6693,0.999646,DRIVING,0.0,0.85,0.0
3008,132,12,5,Threshold Charger,V1G,work,False,0.6693,0.999643,IDLE,0.0,0.85,0.0
3008,133,13,5,Threshold Charger,V1G,work,False,0.6693,0.999641,IDLE,0.0,0.85,0.0
3008,134,14,5,Threshold Charger,V1G,work,False,0.6693,0.999639,IDLE,0.0,0.85,0.0
3008,135,15,5,Threshold Charger,V1G,work,False,0.6693,0.999636,IDLE,0.0,0.85,0.0
3008,136,16,5,Threshold Charger,V1G,driving,False,0.6059,0.999634,DRIVING,0.0,0.85,0.0
3008,137,17,5,Threshold Charger,V1G,home,False,0.6059,0.999632,IDLE,0.0,1.69,0.0
3008,138,18,5,Threshold Charger,V1G,home,False,0.6059,0.999629,IDLE,0.0,1.69,0.0
3008,139,19,5,Threshold Charger,V1G,home,False,0.6059,0.999627,IDLE,0.0,1.69,0.0
3008,140,20,5,Threshold Charger,V1G,home,False,0.6059,0.999625,IDLE,0.0,1.69,0.0
3008,141,21,5,Threshold Charger,V1G,home,False,0.6059,0.999623,IDLE,0.0,1.69,0.0
3008,142,22,5,Threshold Charger,V1G,home,False,0.6059,0.99962,IDLE,0.0,1.69,0.0
3008,143,23,5,Threshold Charger,V1G,home,False,0.6059,0.999618,IDLE,0.0,0.53,0.0
3008,144,0,6,Threshold Charger,V1G,home,False,0.6059,0.999616,IDLE,0.0,0.53,0.0
3008,145,1,6,Threshold Charger,V1G,home,False,0.6059,0.999613,IDLE,0.0,0.53,0.0
3008,146,2,6,Threshold Charger,V1G,home,False,0.6059,0.999611,IDLE,0.0,0.53,0.0
3008,147,3,6,Threshold Charger,V1G,home,False,0.6059,0.999609,IDLE,0.0,0.53,0.0
3008,148,4,6,Threshold Charger,V1G,home,False,0.6059,0.999607,IDLE,0.0,0.53,0.0
3008,149,5,6,Threshold Charger,V1G,home,False,0.6059,0.999604,IDLE,0.0,0.53,0.0
3008,150,6,6,Threshold Charger,V1G,home,False,0.6059,0.999602,IDLE,0.0,0.53,0.0
3008,151,7,6,Threshold Charger,V1G,home,False,0.6059,0.9996,IDLE,0.0,0.85,0.0
3008,152,8,6,Threshold Charger,V1G,home,False,0.6059,0.999597,IDLE,0.0,0.85,0.0
3008,153,9,6,Threshold Charger,V1G,home,False,0.6059,0.999595,IDLE,0.0,0.85,0.0
3008,154,10,6,Threshold Charger,V1G,home,False,0.6059,0.999593,IDLE,0.0,0.85,0.0
3008,155,11,6,Threshold Charger,V1G,driving,False,0.5564,0.999591,DRIVING,0.0,0.85,0.0
3008,156,12,6,Threshold Charger,V1G,work,False,0.5564,0.999588,IDLE,0.0,0.85,0.0
3008,157,13,6,Threshold Charger,V1G,work,False,0.5564,0.999586,IDLE,0.0,0.85,0.0
3008,158,14,6,Threshold Charger,V1G,work,False,0.5564,0.999584,IDLE,0.0,0.85,0.0
3008,159,15,6,Threshold Charger,V1G,work,False,0.5564,0.999582,IDLE,0.0,0.85,0.0
3008,160,16,6,Threshold Charger,V1G,driving,False,0.5068,0.999579,DRIVING,0.0,0.85,0.0
3008,161,17,6,Threshold Charger,V1G,home,False,0.5068,0.999577,IDLE,0.0,1.69,0.0
3008,162,18,6,Threshold Charger,V1G,home,False,0.5068,0.999575,IDLE,0.0,1.69,0.0
3008,163,19,6,Threshold Charger,V1G,home,False,0.5068,0.999573,IDLE,0.0,1.69,0.0
3008,164,20,6,Threshold Charger,V1G,home,False,0.5068,0.999571,IDLE,0.0,1.69,0.0
3008,165,21,6,Threshold Charger,V1G,home,False,0.5068,0.999569,IDLE,0.0,1.69,0.0
3008,166,22,6,Threshold Charger,V1G,home,False,0.5068,0.999566,IDLE,0.0,1.69,0.0
3008,167,23,6,Threshold Charger,V1G,home,False,0.5068,0.999564,IDLE,0.0,0.53,0.0
